row_id,first_author,year,journal,doi,notes,material_system,dopant_element,dopant_concentration_at_pct,crystal_phase,film_thickness_nm,ald_substrate_temp_C,precursor_type_Hf,oxidant_type,ald_cycle_count,precursor_dose_time_s,purge_time_precursor_s,oxidant_dose_time_s,purge_time_oxidant_s,chamber_base_pressure_Torr,co_precursor_dopant_flow_pct,plasma_power_W,growth_rate_A_per_cycle,anneal_temp_PDA_C,anneal_duration,anneal_atmosphere,anneal_ramp_rate_C_per_s,thermal_budget_C_s,PMA_temp_C,electrode_cap_material,IL_SiO2_thickness_nm,film_stress_GPa,FGA_temp_C,substrate_material,substrate_orientation,IL_type,IL_thickness_nm,top_electrode_material,top_electrode_thickness_nm,substrate_doping_type,substrate_doping_cm3,total_physical_thickness_nm,EOT_nm,device_area_cm2,k_dielectric_constant,capacitance_density_fF_um2,V_fb_V,V_th_V,freq_dispersion_dk_df_pct,TCk_ppm_C,loss_tangent_tan_delta,remnant_polarization_Pr_uC_cm2,coercive_field_Ec_MV_cm,J_g_A_cm2_at_1V,E_BD_MV_cm,TDDB_lifetime_years,Weibull_beta,SILC_stable,Q_BD_C_cm2,trap_gen_rate_dNT_cm2,O_vacancy_density_cm3,phase_stability,D_it_cm2_eV,Q_f_cm2,Q_m_cm2,delta_EV_eV,delta_EC_eV,IL_oxide_thickness_nm,N_at_interface_at_pct,carrier_mobility_cm2_Vs,delta_Vth_mV,measured_property,measured_value,source_file,source_row_id_v4_expanded,source_row_id_v8
1,Gieraltowska,2023,MDPI Materials,10.3390/ma16114077,HfO2 TDMAH/H2O 85C; amorphous phase,HfO2,,0,amorphous,100.0,85.0,TDMAH,H2O,,,,,,,,,1.6,,,N2,,,,,,,,Si,(100),native SiO2,0.5,Ni,,p-type,1000000000000000.0,100.0,,,19.8,185.0,-1.4,,,,,,,2e-06,1.0,,,,,,,stable,,1500000000000.0,,,,,,,,,,v4+v8,1,1
2,Gieraltowska,2023,MDPI Materials,10.3390/ma16114077,HfO2 TDMAH/H2O 100C; polycrystalline monoclinic+orthorhombic,HfO2,,0,monoclinic+orthorhombic,100.0,100.0,TDMAH,H2O,,,,,,,,,1.5,,,N2,,,,,,,,Si,(100),native SiO2,0.5,Ni,,p-type,1000000000000000.0,100.0,,,20.0,,,,,,,,,,,,,,,,,stable,,,,,,,,,,,,v4+v8,2,2
3,Gieraltowska,2023,MDPI Materials,10.3390/ma16114077,HfO2 TDMAH/H2O 200C; polycrystalline monoclinic dominant,HfO2,,0,monoclinic,100.0,200.0,TDMAH,H2O,,,,,,,,,1.3,,,N2,,,,,,,,Si,(100),native SiO2,0.5,Ni,,p-type,1000000000000000.0,100.0,,,22.5,,,,,,,,,,,,,,,,,stable,,,,,,,,,,,,v4+v8,3,3
4,Gieraltowska,2023,MDPI Materials,10.3390/ma16114077,HfO2 TDMAH/H2O 300C; well-crystallized monoclinic,HfO2,,0,monoclinic,100.0,300.0,TDMAH,H2O,,,,,,,,,1.2,,,N2,,,,,,,,Si,(100),native SiO2,0.5,Ni,,p-type,1000000000000000.0,100.0,,,25.0,,,,,,,,,,,,,,,,,stable,,,,,,,,,,,,v4+v8,4,4
5,Gieraltowska,2023,MDPI Materials,10.3390/ma16114077,HfO2 TDMAH/H2O 350C; highly crystalline monoclinic; highest k,HfO2,,0,monoclinic,100.0,350.0,TDMAH,H2O,,,,,,,,,1.2,,,N2,,,,,,,,Si,(100),native SiO2,0.5,Ni,,p-type,1000000000000000.0,100.0,,,30.5,,,,,,,,,,,,,,,,,stable,,,,,,,,,,,,v4+v8,5,5
6,Gieraltowska,2023,MDPI Materials,10.3390/ma16114077,HfO2 TDMAH/NH3-H2O 300C; N-incorporation enhances k,HfO2,,0,monoclinic,100.0,300.0,TDMAH,NH3_H2O,,,,,,,,,1.2,,,N2,,,,,,,,Si,(100),native SiO2,0.5,Ni,,p-type,1000000000000000.0,100.0,,,28.0,,,,,,,,,,,,,,,,,stable,,,,,,,,,,,,v4+v8,6,6
7,Gieraltowska,2023,MDPI Materials,10.3390/ma16114077,Al2O3/HfO2/Al2O3 5/90/5nm nanolaminate; improved leakage,HfO2/Al2O3_nanolaminate,,0,amorphous,100.0,85.0,TDMAH,H2O,,,,,,,,,,,,N2,,,,,,,,Si,(100),native SiO2,0.5,Ni,,p-type,1000000000000000.0,100.0,,,19.0,160.0,1.9,,,,,,,1e-08,4.0,,,,,,,stable,,-2000000000000.0,,,,,,,,,,v4+v8,7,7
8,Zhang,2021,Atlantis Press Proc,,HfAlO ALD annealed at 650C N2; Al:Hf~1:9,HfAlO,Al,10,tetragonal+amorphous,10.0,300.0,TEMAH+TMA,H2O,100,,,,,,10,,1.0,650.0,30s,N2,50.0,32500.0,,TiN,0.5,,,Si,(100),SiO2,0.5,TiN,30.0,p-type,1000000000000000.0,10.0,0.84,,23.5,,,,,,,,,6.8e-10,,,,,,,,stable,1250000000000.0,,,,,0.5,,,,,,v4+v8,8,8
9,Wang,2019,MDPI Micromachines,10.3390/mi10060361,Pure HfO2 reference; before Al doping,HfO2,,0,monoclinic,10.0,300.0,TEMAH,H2O,100,,,,,,0,,1.0,600.0,30s,N2,,,,TiN,0.5,,,Si,(100),SiO2,0.5,TiN,30.0,p-type,1000000000000000.0,10.0,,,16.64,,,,,,,,,,,,,,,,,stable,,,,,,,,,,,,v4+v8,9,9
10,Wang,2019,MDPI Micromachines,10.3390/mi10060361,HfAlO Al:Hf=1:9; tetragonal phase stabilized; highest k,HfAlO,Al,10,tetragonal,10.0,300.0,TEMAH+TMA,H2O,90+10,,,,,,10,,1.0,600.0,30s,N2,,,,TiN,0.5,,,Si,(100),SiO2,0.5,TiN,30.0,p-type,1000000000000000.0,10.0,,,21.23,,,,,,,,,,,,,,,,,stable,,,,,,,,,,,,v4+v8,10,10
11,Materano,2022,Nanomaterials,10.3390/nano12111729,HZO Zr:HfO2 ALD 120C chamber; PMA 700C N2 30s; Pr=13.2 uC/cm2,Hf0.5Zr0.5O2,Zr,50,orthorhombic,10.0,120.0,TEMAH+TEMAZr,O3,100,,,,,,50,,1.0,,,,,,700.0,TiN,,,,Si,(100),SiO2,0.5,TiN,10.0,p-type,1000000000000000.0,10.0,,,32.0,,,,,,,13.2,,,,,,,,,,stable,,,,,,,,,,,,v4+v8,11,11
12,Materano,2022,Nanomaterials,10.3390/nano12111729,HZO Zr:HfO2 ALD 200C chamber; PMA 700C N2 30s; 2Pr=26.37 uC/cm2,Hf0.5Zr0.5O2,Zr,50,orthorhombic,10.0,200.0,TEMAH+TEMAZr,O3,100,,,,,,50,,1.0,,,,,,700.0,TiN,,,,Si,(100),SiO2,0.5,TiN,10.0,p-type,1000000000000000.0,10.0,,,35.0,,,,,,,13.2,1.1,,,,,,,,,stable,,,,,,,,,,,,v4+v8,12,12
13,Materano,2022,Nanomaterials,10.3390/nano12111729,HZO ALD 250C chamber; PMA 700C N2 30s; 2Pr=31.8 uC/cm2,Hf0.5Zr0.5O2,Zr,50,orthorhombic,10.0,250.0,TEMAH+TEMAZr,O3,100,,,,,,50,,1.0,,,,,,700.0,TiN,,,,Si,(100),SiO2,0.5,TiN,10.0,p-type,1000000000000000.0,10.0,,,38.0,,,,,,,15.9,1.1,,,,,,,,,stable,,,,,,,,,,,,v4+v8,13,13
14,Le Rhun,2021,Applied Surface Science,10.1016/j.apsusc.2021.151592,HZO 6nm ALD TiN cap; 300C deposition; PDA 400C; 2Pr=51.2 uC/cm2,Hf0.5Zr0.5O2,Zr,50,orthorhombic,6.0,300.0,TEMAH+TEMAZr,O3,60,,,,,,50,,1.0,400.0,30s,N2,50.0,12000.0,400.0,TiN_ALD,,,,Si,(100),SiO2,0.3,TiN,10.0,p-type,1000000000000000.0,6.0,,,30.0,,,,,,,25.6,1.2,,,,,,,,,stable,,,,,,,,,,,,v4+v8,14,14
15,Liu,2025,Materials Today Physics,10.1016/j.mtphys.2025.101729,HZO TiN/O2-plasma/HZO/TiN; optimal 3-cycle O2 plasma; record Pr,Hf0.5Zr0.5O2,Zr,50,orthorhombic,10.0,250.0,TEMAH+TEMAZr,O3,100,,,,,,50,,1.0,400.0,30s,N2+O2_plasma,50.0,12000.0,400.0,TiN,,,,Si,(100),SiO2,0.3,TiN,10.0,p-type,1000000000000000.0,10.0,,,35.9,,,,,,,26.84,1.02,,,,,,,,,stable,,,,,,,,,,,,v4+v8,15,15
16,Nukala,2022,Nanoscale Advances,10.1039/D2NA00533F,HZO 20nm Pt top / Ni bottom; 650C 30s anneal,Hf0.5Zr0.5O2,Zr,50,orthorhombic,20.0,250.0,TEMAH+TEMAZr,O3,200,,,,,,50,,1.0,650.0,30s,N2,50.0,19500.0,,Pt,,,,Si,(100),SiO2,0.5,Pt,30.0,p-type,1000000000000000.0,20.0,,,28.0,,,,,,,19.0,1.07,,,,,,,,,stable,,,,,,,,,,,,v4+v8,16,16
17,Zhao,2023,Journal of Alloys and Compounds,10.1016/j.jallcom.2023.172394,HfO2/ZrO2/HfO2 trilayer; PMA 300C; k=39; 2Pr~43 uC/cm2,HfO2/ZrO2/HfO2,Zr,50,orthorhombic,10.0,250.0,TEMAH+TEMAZr,O3,100,,,,,,50,,1.0,,,,,,300.0,TiN,,,,Si,(100),SiO2,0.5,TiN,10.0,p-type,1000000000000000.0,10.0,,,39.0,,,,,,,21.5,1.1,,,,,,,,,stable,,,,,,,,,,,,v4+v8,17,17
18,Kang,2019,Microelectronic Engineering,10.1016/j.mee.2019.05.003,HZO PEALD 300C; ferroelectric o-phase without PDA,Hf0.5Zr0.5O2,Zr,50,orthorhombic+tetragonal+cubic,8.0,300.0,TEMAH+TEMAZr,O2_plasma,80,,,,,,50,100.0,1.1,,,,,,,TiN,,,,Si,(100),SiO2,0.3,TiN,10.0,p-type,1000000000000000.0,8.0,,,28.0,,,,,,,10.0,1.3,,,,,,,,,stable,,,,,,,,,,,,v4+v8,18,18
19,Zhu,2010,Applied Surface Science,10.1016/j.apsusc.2009.11.074,La-doped HfO2 MOCVD; k=28; EOT~1.2nm; high Jg; stable to 750C,HfLaO,La,5,amorphous,8.0,450.0,Hf(thd)4+La(thd)3,O2,,,,,,,10,,,750.0,30s,N2,50.0,22500.0,,TaN,,,,Si,(100),HfSiO,0.5,TaN,30.0,p-type,1000000000000000.0,8.0,1.2,,28.0,,,,,,,,,3.0,,,,,0.5,,,stable,,,,,,0.5,,,,,,v4+v8,19,19
20,Cheng,2021,ACS Applied Electronic Materials,10.1021/acsaelm.1c00672,La:HfO2 epitaxial; 2-5% La; highest Pr>20 uC/cm2; Ec reduces with La,HfLaO,La,3.5,orthorhombic,10.0,300.0,TEMAH+La_precursor,H2O,100,,,,,,7,,1.0,600.0,30s,N2,50.0,18000.0,,TiN,,,,Si,(100),SiO2,0.5,TiN,10.0,p-type,1000000000000000.0,10.0,,,25.0,,,,,,,10.5,0.85,,,,,,,,,stable,,,,,,,,,,,,v4+v8,20,20
21,Park,2022,Ceramics International,10.1016/j.ceramint.2021.08.231,Y:HfO2 ALD; cocktail precursor; tetragonal phase; k~40 for DRAM,HfYO,Y,5,tetragonal,8.0,280.0,TEMAH+Y_precursor,O3,80,,,,,,10,,1.1,700.0,30s,N2,50.0,21000.0,,TiN,,,,Si,(100),SiO2,0.5,TiN,10.0,p-type,1000000000000000.0,8.0,,,40.0,,,,,,,,,1e-07,,,,,,,,stable,,,,,,,,,,,,v4+v8,21,21
22,Kim,2023,Materials Today Advances,10.1016/j.mtadv.2023.100408,HfO2 novel precursor high-T ALD; Jg 3.1e-9 at 0.7V,HfO2,,0,tetragonal,8.0,400.0,Hf_novel_precursor,O3,80,2,20,5.0,20,1e-4,,,1.2,600.0,30s,N2,50.0,18000.0,,TiN,0.5,,,Si,(100),SiO2,0.5,TiN,10.0,p-type,1000000000000000.0,8.0,,,22.0,,,,,,,,,3.1e-09,8.5,,,,,,,stable,,,,,,,,,,,,v4+v8,22,22
23,Cho,2023,Micromachines,10.3390/mi14010163,HfO2 PEALD TDMAHf/O2-plasma; GPC=2.4 A/cycle; trench uniformity,HfO2,,0,monoclinic,20.0,250.0,TDMAHf,O2_plasma,200,0.5,30,60.0,30,1e-3,,200.0,2.4,500.0,30s,N2,50.0,15000.0,,TiN,0.5,,,Si,(100),SiO2,0.5,TiN,20.0,p-type,1000000000000000.0,20.0,1.5,,20.0,,,,,,,,,1e-07,7.0,,,,,,,stable,,,,,,,,,,,,v4+v8,23,23
24,Hausmann,2002,MRS Proceedings,10.1557/PROC-765-D3.8,HfO2 TDMAH/O3 200C; k=16,HfO2,,0,amorphous,10.0,200.0,TDMAH,O3,100,2,20,3.0,20,1e-4,,,1.3,420.0,30s,N2,50.0,12600.0,,TiN,0.5,,,Si,(100),SiO2,0.5,TiN,10.0,p-type,1000000000000000.0,10.0,1.5,,16.0,,,,,,,,,1e-07,7.5,,,,,,,stable,,,,,,,,,,,,v4+v8,24,24
25,Hausmann,2002,MRS Proceedings,10.1557/PROC-765-D3.8,HfO2 TDMAH/O3 320C; k=20 vs 16 at 200C,HfO2,,0,monoclinic,10.0,320.0,TDMAH,O3,100,2,20,3.0,20,1e-4,,,1.2,420.0,30s,N2,50.0,12600.0,,TiN,0.5,,,Si,(100),SiO2,0.5,TiN,10.0,p-type,1000000000000000.0,10.0,1.2,,20.0,,,,,,,,,5e-08,8.0,,,,,,,stable,,,,,,,,,,,,v4+v8,25,25
26,Conley,2003,Applied Physics Letters,10.1063/1.1540728,HfO2 TEMAH/H2O 300C; RTA 600C N2; k=15.9; 3-6 OOM lower leakage than SiO2,HfO2,,0,monoclinic,5.0,300.0,TEMAH,H2O,50,2,20,3.0,20,1e-5,,,1.0,600.0,30s,N2,50.0,18000.0,,TiN,0.5,,,Si,(100),SiO2,1.0,TiN,30.0,p-type,1000000000000000.0,5.0,1.5,,15.9,,,,,,,,,1e-07,8.0,,,,,,,stable,,,,,,,,,,,,v4+v8,26,26
27,Liao,2024,ACS Applied Electronic Materials,10.1021/acsaelm.4c02224,HfO2 on HOPG graphite via EPALS; k=19.65; EOT=1.46nm,HfO2,,0,monoclinic+amorphous,7.0,250.0,TDMAH,H2O,70,2,20,5.0,20,1e-5,,,1.3,500.0,30s,N2,50.0,15000.0,,Ni,0.5,,,HOPG,,none,0.0,Ni,20.0,n-type,1e+16,7.0,1.46,,19.65,,,,,,,,,1e-07,6.5,,,,,,,stable,,,,,,,,,,,,v4+v8,27,27
28,Cho,2008,Thin Solid Films,10.1016/j.tsf.2008.NA,HfSiO PDA transforms HfOx/SiO2 to HfSixOy; EOT=1.15nm,HfSiO,Si,15,amorphous,5.0,300.0,HfCl4+SiH4,O2,50,,,,,1e-5,15,,1.0,800.0,30s,N2,50.0,24000.0,,TaN,0.8,,,Si,(100),SiO2,0.8,TaN,30.0,p-type,1000000000000000.0,5.0,1.15,,15.0,,,,,,,,,1e-07,7.0,,,,,,,stable,100000000000.0,,,,,0.5,,,,,,v4+v8,28,28
29,Bersuker,2005,Journal of Applied Physics,10.1063/1.1948aborative,HfSiO TaN gate various thicknesses; EOT 2.05-4.27nm; Dit~1e11,HfSiO,Si,20,amorphous,10.0,300.0,TEMAH+TEOS,O2,100,,,,,1e-5,20,,1.0,600.0,30s,N2,50.0,18000.0,,TaN,1.0,,,Si,(100),SiO2,1.0,TaN,30.0,p-type,1000000000000000.0,10.0,2.05,,12.0,,,,,,,,,5e-08,7.5,,,,,,,stable,100000000000.0,,,,,1.0,,,,,,v4+v8,29,29
30,Kim,2019,Nanoscale Research Letters,10.1186/s11671-019-2989-8,ZrO2 ALD TDMAZ/O3 200-250C; k=32.57; Jg=3.3e-6 A/cm2 at 1MV/cm,ZrO2,,0,tetragonal,10.0,225.0,TDMAZ,O3,100,2,20,5.0,20,1e-4,,,1.1,800.0,30s,N2,50.0,24000.0,,TiN,0.5,,,Si,(100),SiO2,0.5,TiN,20.0,p-type,1000000000000000.0,10.0,1.2,,32.57,,,,,,,,,3.3e-06,6.5,,,,,,,stable,2480000000000.0,,,,,0.5,,,,,,v4+v8,30,30
31,Prechtl,2003,IEEE IEDM,10.1109/IEDM.2003.NA,La2O3 high quality; EOT=0.48nm; Dit=3e10; Jg=0.06 A/cm2; EBD>13 MV/cm,La2O3,,0,amorphous,4.0,350.0,La_precursor,O2,40,2,30,5.0,30,1e-5,,,0.8,800.0,30s,N2,50.0,24000.0,,TaN,0.5,,,Si,(100),La2SiOx,0.3,TaN,30.0,p-type,1000000000000000.0,4.0,0.48,,27.0,,,,,,,,,0.06,13.0,,,,,,,stable,30000000000.0,,,,,0.3,,,,,,v4,31,
32,Liu,2022,Scientific Reports,10.1038/s41598-022-09054-7,Al2O3 TMA/O3 150C; k=7.5; EBD=8.3 MV/cm; low C impurity,Al2O3,,0,amorphous,10.0,150.0,TMA,O3,100,1,15,3.0,15,1e-4,,,1.1,400.0,30s,N2,50.0,12000.0,,Al,0.5,,,Si,(100),native Al2O3,0.3,Al,50.0,p-type,1000000000000000.0,10.0,4.3,,7.5,,,,,,,,,1e-08,8.3,,,,,,,stable,,,,,,,,,,,,v4+v8,32,32
33,Becker,2003,Applied Surface Science,10.1016/S0169-4332(02)01337-8,Al2O3 TMA/H2O 300C; k=7.6; standard thermal ALD reference,Al2O3,,0,amorphous,10.0,300.0,TMA,H2O,100,1,20,2.0,20,1e-4,,,1.0,400.0,30s,N2,50.0,12000.0,,Al,0.5,,,Si,(100),native Al2O3,0.5,Al,50.0,p-type,1000000000000000.0,10.0,4.7,,7.6,,,,,,,,,5e-09,9.0,,,,,,,stable,,,,,,,,,,,,v4+v8,33,33
34,Kukli,2009,Microelectronic Engineering,10.1016/j.mee.2009.04.004,Ta2O5 ALD MIM capacitor; k=27; EOT=3.1nm; Poole-Frenkel leakage,Ta2O5,,0,amorphous,20.0,250.0,TaCl5,H2O,200,3,20,5.0,20,1e-4,,,0.6,600.0,30s,N2,50.0,18000.0,,TiN,,,,TiN,,none,0.0,TiN,30.0,n-type,1e+18,20.0,3.1,,27.0,,,,,,,,,1e-06,5.5,,,,,,,stable,,,,,,,,,,,,v4+v8,34,34
35,Whipple,2006,Journal of Vacuum Science,10.1116/1.2180265,HfO2 ALD on strained Si/SiGe; 50 cycles; k~19,HfO2,,0,amorphous,5.0,300.0,TEMAH,H2O,50,2,20,3.0,20,1e-5,,,1.0,600.0,30s,N2,50.0,18000.0,,TiN,0.5,,,Si0.8Ge0.2/Si,(100),SiO2,0.8,TiN,30.0,p-type,1000000000000000.0,5.0,1.8,,19.0,,,,,,,,,1e-07,7.0,,,,,,,stable,,,,,,,,,,,,v4+v8,35,35
36,Kim,2025,Nano Convergence,10.1186/s40580-025-00477-2,La+Si co-doped HZO; anti-FE suppressed; linear high-k for DRAM,HfZrO2_LaSi,La+Si,3+3,tetragonal,10.0,280.0,TEMAH+TEMAZr+La+Si_precursors,O3,100,,,,,,3+3,,1.1,600.0,30s,N2,50.0,18000.0,,TiN,0.5,,,Si,(100),SiO2,0.5,TiN,10.0,p-type,1000000000000000.0,10.0,0.8,,38.0,,,,,,,1.0,,1e-07,8.0,,,,,,,stable,,,,,,,,,,,,v4+v8,36,36
37,Ezhilvalavan,2009,MRS Proceedings,10.1557/PROC-1158-F03-08,Nb2O5 ALD k=41; MIM bypass capacitor; EOT=2.9nm,Nb2O5,,0,amorphous,15.0,250.0,Nb_precursor,H2O,150,3,20,5.0,20,1e-4,,,0.7,600.0,30s,N2,50.0,18000.0,,TiN,,,,TiN,,none,0.0,TiN,30.0,n-type,1e+18,15.0,2.9,,41.0,,,,,,,,,1e-06,5.0,,,,,,,stable,,,,,,,,,,,,v4+v8,37,37
38,Kukli,2002,Thin Solid Films,10.1016/S0040-6090(02)00742-3,HfO2 HfCl4/H2O ALD; classic chloride precursor; k~16; Cl impurity risk,HfO2,,0,monoclinic,10.0,300.0,HfCl4,H2O,100,3,30,5.0,30,1e-4,,,1.0,600.0,30s,N2,50.0,18000.0,,Au,0.5,,,Si,(100),SiO2,0.5,Au,50.0,p-type,1000000000000000.0,10.0,1.5,,16.0,,,,,,,,,5e-07,7.0,,,,,,,stable,,,,,,,,,,,,v4+v8,38,38
39,Jeong,2017,Scientific Reports,10.1038/srep41831,LaAlO3 ALD composite; k~22; large band gap; good band offset to Si,LaAlO3,Al+La,50,amorphous,8.0,300.0,La_precursor+TMA,O3,80,2,20,5.0,20,1e-5,50,,1.0,700.0,30s,N2,50.0,21000.0,,TaN,0.5,,,Si,(100),SiO2,0.5,TaN,30.0,p-type,1000000000000000.0,8.0,1.4,,22.0,,,,,,,,,1e-08,8.5,,,,,,,stable,200000000000.0,,,1.8,2.2,0.5,,,,,,v4+v8,39,39
40,Spiga,2012,Thin Solid Films,10.1016/j.tsf.2012.03.030,HfO2 ALD H2O vs O3; H2O causes OH groups; O3 better interface,HfO2,,0,monoclinic,10.0,300.0,TEMAH,H2O,100,2,30,5.0,30,1e-4,,,1.1,800.0,30s,N2,50.0,24000.0,,TiN,0.5,,,Si,(100),SiO2,0.8,TiN,30.0,p-type,1000000000000000.0,10.0,1.3,,18.5,,,,,,,,,2e-07,7.5,,,,,,,stable,500000000000.0,,,,,0.8,,,,,,v4+v8,40,40
41,Spiga,2012,Thin Solid Films,10.1016/j.tsf.2012.03.030,HfO2 ALD O3 oxidant; better interface quality vs H2O,HfO2,,0,monoclinic,10.0,300.0,TEMAH,O3,100,2,20,5.0,20,1e-4,,,1.2,800.0,30s,N2,50.0,24000.0,,TiN,0.5,,,Si,(100),SiO2,0.5,TiN,30.0,p-type,1000000000000000.0,10.0,1.1,,20.0,,,,,,,,,8e-08,8.0,,,,,,,stable,200000000000.0,,,,,0.5,,,,,,v4+v8,41,41
42,Bersuker,2006,Journal of Applied Physics,10.1063/1.2165419,HfO2 ALD + FGA 400C H2/N2; Dit reduced to <5e10 cm-2eV-1,HfO2,,0,monoclinic,10.0,300.0,TEMAH,H2O,100,2,20,3.0,20,1e-5,,,1.0,600.0,60s,N2,50.0,18000.0,,TiN,0.5,,400.0,Si,(100),SiO2,0.5,TiN,30.0,p-type,1000000000000000.0,10.0,1.2,,20.0,,-0.5,,,,,,,5e-08,7.5,,,,,,,stable,45000000000.0,,,,,0.5,,420.0,,,,v4+v8,42,42
43,Liu,2015,Journal of Alloys and Compounds,10.1016/j.jallcom.2015.05.152,HfO2 TEMA-Hf/H2O 160C; 200cycles; k=~20,HfO2,,0,amorphous,32.7,160.0,TEMA-Hf,H2O,200,,,,,0.2,,,16.3,,,N2,,,,,,,,Si,(100),native SiO2,0.5,Al,,p-type,1000000000000000.0,32.7,,,20.0,,,,,,,,,,,,,,,,,stable,,,,,,,,,,,,v4+v8,43,43
44,Liu,2015,Journal of Alloys and Compounds,10.1016/j.jallcom.2015.05.152,HfO2 TEMA-Hf/H2O 180C; 200cycles; k=~22,HfO2,,0,amorphous,19.4,180.0,TEMA-Hf,H2O,200,,,,,0.2,,,9.7,,,N2,,,,,,,,Si,(100),native SiO2,0.5,Al,,p-type,1000000000000000.0,19.4,,,22.0,,,,,,,,,,,,,,,,,stable,,,,,,,,,,,,v4+v8,44,44
45,Liu,2015,Journal of Alloys and Compounds,10.1016/j.jallcom.2015.05.152,HfO2 TEMA-Hf/H2O 200C; 200cycles; k=~25,HfO2,,0,monoclinic+amorphous,20.6,200.0,TEMA-Hf,H2O,200,,,,,0.2,,,10.3,,,N2,,,,,,,,Si,(100),native SiO2,0.5,Al,,p-type,1000000000000000.0,20.6,,,25.0,,,,,,,,,,,,,,,,,stable,,,,,,,,,,,,v4+v8,45,45
46,Liu,2015,Journal of Alloys and Compounds,10.1016/j.jallcom.2015.05.152,HfO2 TEMA-Hf/H2O 220C; 200cycles; k=~25,HfO2,,0,monoclinic,18.1,220.0,TEMA-Hf,H2O,200,,,,,0.2,,,9.1,,,N2,,,,,,,,Si,(100),native SiO2,0.5,Al,,p-type,1000000000000000.0,18.1,,,25.0,,,,,,,,,,,,,,,,,stable,,,,,,,,,,,,v4+v8,46,46
47,Liu,2015,Journal of Alloys and Compounds,10.1016/j.jallcom.2015.05.152,HfO2 TEMA-Hf/H2O 240C; 200cycles; k=~24,HfO2,,0,monoclinic,20.8,240.0,TEMA-Hf,H2O,200,,,,,0.2,,,10.4,,,N2,,,,,,,,Si,(100),native SiO2,0.5,Al,,p-type,1000000000000000.0,20.8,,,24.0,,,,,,,,,,,,,,,,,stable,,,,,,,,,,,,v4+v8,47,47
48,Liu,2015,Journal of Alloys and Compounds,10.1016/j.jallcom.2015.05.152,HfO2 TEMA-Hf/H2O 260C; 200cycles; k=~20,HfO2,,0,monoclinic,11.4,260.0,TEMA-Hf,H2O,200,,,,,0.2,,,5.7,,,N2,,,,,,,,Si,(100),native SiO2,0.5,Al,,p-type,1000000000000000.0,11.4,,,20.0,,,,,,,,,,,,,,,,,stable,,,,,,,,,,,,v4+v8,48,48
49,RIT_MicroEng,2018,Microelectronic Engineering Conference,,Al2O3 TMA/H2O 200C; k=8.36; EBD=17-24.5 MV/cm; 32nm,Al2O3,,0,amorphous,31.8,200.0,TMA,H2O,328,,,,,,,,0.97,,,N2,,,,,,,,Si,(100),native SiO2,0.5,Al,50.0,p-type,1000000000000000.0,31.8,,,8.36,,,,,,,,,,20.8,,,,,,,stable,,,,,,,,,,,,v4+v8,49,49
50,RIT_MicroEng,2018,Microelectronic Engineering Conference,,HfO2 200C 200-cycle; k=24.8; EBD=16.8-27 MV/cm; 35nm,HfO2,,0,monoclinic,34.7,200.0,TEMAH,H2O,368,,,,,,,,0.95,,,N2,,,,,,,,Si,(100),native SiO2,0.5,Al,50.0,p-type,1000000000000000.0,34.7,,,24.8,,,,,,,,,,21.9,,,,,,,stable,,,,,,,,,,,,v4+v8,50,50
51,Tang,2020,Journal of Alloys and Compounds,10.1016/j.jallcom.2020.157246,Al2O3 AlCl3/H2O Ar 250C; saturation GPC=0.1 nm/cycle; laser AR,Al2O3,,0,amorphous,,250.0,AlCl3,H2O,100,0.1,6.0,0.1,2.0,,,,1.0,,,N2,,,,,,,,Si,,native SiO2,0.3,Al,50.0,p-type,1000000000000000.0,,,,9.1,,,,,,,,,,,,,,,,,stable,,,,,,,,,,,,v4+v8,51,51
52,Tang,2020,Journal of Alloys and Compounds,10.1016/j.jallcom.2020.157246,HfO2 HfCl4/H2O Ar 250C; GPC=0.9 A/cycle; laser application,HfO2,,0,monoclinic,,250.0,HfCl4,H2O,100,1.6,5.0,0.1,1.0,atm,,,0.9,,,N2,,,,,,,,Si,,native SiO2,0.5,Al,50.0,p-type,1000000000000000.0,,,,16.0,,,,,,,,,,,,,,,,,stable,,,,,,,,,,,,v4+v8,52,52
53,Tang,2020,Journal of Alloys and Compounds,10.1016/j.jallcom.2020.157246,HfO2 TEMAH/H2O Ar 250C; GPC=1.0 A/cycle; improved purity vs HfCl4,HfO2,,0,monoclinic,,250.0,TEMAH,H2O,100,1.6,10.0,0.1,2.0,atm,,,1.0,,,N2,,,,,,,,Si,,native SiO2,0.5,Al,50.0,p-type,1000000000000000.0,,,,18.0,,,,,,,,,,,,,,,,,stable,,,,,,,,,,,,v4+v8,53,53
54,Martella,2023,Applied Surface Science,10.1016/j.apsusc.2023.157248,Al2O3 TMA/H2O 250C on MoS2/Au; 40cy=3.6nm; H2O: incomplete nucleation,Al2O3,,0,amorphous,3.6,250.0,TMA,H2O,40,,,,,10Pa,,,0.88,,,N2,,,,,,,,MoS2_2D,,none,0.0,Au,,n-type,1000000000000.0,3.6,,,7.5,,,,,,,,,,,,,,,,,stable,,,,,,,,,,,,v4+v8,54,54
55,Martella,2023,Applied Surface Science,10.1016/j.apsusc.2023.157248,HfO2 TDMAHf/H2O 290C on MoS2/Au; 80cy=7.1nm; localized BD spots,HfO2,,0,amorphous,7.1,290.0,TDMAHf,H2O,80,,,,,10Pa,,,0.88,,,N2,,,,,,,,MoS2_2D,,none,0.0,Au,,n-type,1000000000000.0,7.1,,,18.0,,,,,,,,,,,,,,,,,stable,,,,,,,,,,,,v4+v8,55,55
56,Zhang,2016,Journal of Alloys and Compounds,10.1016/j.jallcom.2016.07.283,HfO2 on n-GaAs; Dit=8.12e12; self-cleaning effect study,HfO2,,0,amorphous,10.0,300.0,TEMAH,H2O,100,,,,,,,,1.0,600.0,30s,N2,,,,TaN,0.5,,,GaAs,(100),Ga2O3/GeO2,0.5,TaN,30.0,n-type,5e+17,10.0,,,18.0,,,,,,,,,1e-06,5.5,,,,,,,stable,8120000000000.0,,,2.1,2.8,0.5,,,,,,v4+v8,56,56
57,Zhang,2016,Journal of Alloys and Compounds,10.1016/j.jallcom.2016.07.283,HfAlO on n-GaAs; self-cleaning; best frequency dispersion & k,HfAlO,Al,10,amorphous,10.0,300.0,TEMAH+TMA,H2O,90+10,,,,,,10,,1.0,600.0,30s,N2,,,,TaN,0.5,,,GaAs,(100),Ga2O3/GeO2,0.3,TaN,30.0,n-type,5e+17,10.0,,,22.0,,,,,,,,,5e-07,6.5,,,,,,,stable,300000000000.0,,,2.1,2.8,0.3,,,,,,v4+v8,57,57
58,Liu_ZrO2,2019,Nanoscale Research Letters,10.1186/s11671-019-2989-8,ZrO2 TDMAZ/O3 200C; k=32.57; 100cycles,ZrO2,,0,cubic+orthorhombic,12.5,200.0,TDMAZ,O3,100,,,,,atm,,,1.25,800.0,30s,N2,50.0,24000.0,,TiN,0.5,,,Si,(100),SiO2,0.5,TiN,20.0,p-type,1000000000000000.0,12.5,1.2,,32.57,,,,,,,,,3.3e-06,6.5,,,,,,,stable,,,,,,,,,,,,v4+v8,58,58
59,Liu_ZrO2,2019,Nanoscale Research Letters,10.1186/s11671-019-2989-8,ZrO2 TDMAZ/O3 250C; k=32.57; 100cycles,ZrO2,,0,monoclinic+orthorhombic,12.5,250.0,TDMAZ,O3,100,,,,,atm,,,1.25,800.0,30s,N2,50.0,24000.0,,TiN,0.5,,,Si,(100),SiO2,0.5,TiN,20.0,p-type,1000000000000000.0,12.5,1.2,,32.57,,,,,,,,,3.3e-06,6.5,,,,,,,stable,,,,,,,,,,,,v4+v8,59,59
60,Liu_ZrO2,2019,Nanoscale Research Letters,10.1186/s11671-019-2989-8,ZrO2 TDMAZ/O3 300C; k=28.0; 100cycles,ZrO2,,0,monoclinic,12.5,300.0,TDMAZ,O3,100,,,,,atm,,,1.1,800.0,30s,N2,50.0,24000.0,,TiN,0.5,,,Si,(100),SiO2,0.5,TiN,20.0,p-type,1000000000000000.0,12.5,1.2,,28.0,,,,,,,,,3.3e-06,6.5,,,,,,,stable,,,,,,,,,,,,v4+v8,60,60
61,Liu_ZrO2,2019,Nanoscale Research Letters,10.1186/s11671-019-2989-8,ZrO2 TDMAZ/O3 350C; k=22.0; 100cycles,ZrO2,,0,monoclinic,12.5,350.0,TDMAZ,O3,100,,,,,atm,,,0.9,800.0,30s,N2,50.0,24000.0,,TiN,0.5,,,Si,(100),SiO2,0.5,TiN,20.0,p-type,1000000000000000.0,12.5,1.2,,22.0,,,,,,,,,3.3e-06,6.5,,,,,,,stable,,,,,,,,,,,,v4+v8,61,61
62,Hartmann,2024,arXiv,2407.04501,Al2O3 TMA/H2O 200C; k=9.0 at 300K; k=7.74 at 3K (14% reduction),Al2O3,,0,amorphous,9.0,200.0,TMA,H2O,90,1.0,20,2.0,20,,,,1.0,,,N2,,,,,,,,MIM,,none,0.0,Al,50.0,n-type,1e+18,9.0,,,9.0,,,,,,,,,,,,,,,,,stable,,,,,,,,,,,,v4+v8,62,62
63,Hartmann,2024,arXiv,2407.04501,HfO2 TDMAH/H2O 130C; k=25 at 300K; k=22.75 at 3K; amorphous,HfO2,,0,amorphous,10.0,130.0,TDMAH,H2O,100,1.0,20,2.0,20,,,,1.0,,,N2,,,,,,,,MIM,,none,0.0,Al,50.0,n-type,1e+18,10.0,,,25.0,,,,,,,,,,,,,,,,,stable,,,,,,,,,,,,v4+v8,63,63
64,Azcatl,2014,ACS Applied Materials Interfaces,10.1021/am5032105,Al2O3 TMA/O3 200C on MoS2; uniform coverage; Mo-oxide interlayer side-effect,Al2O3,,0,amorphous,4.0,200.0,TMA,O3,40,,,,,,,,1.0,,,N2,,,,,,,,MoS2_2D,,MoOx,0.3,Au,,n-type,1000000000000.0,4.0,,,8.5,,,,,,,,,,,,,,,,,stable,,,,,,,,,,,,v4+v8,64,64
65,Azcatl,2014,ACS Applied Materials Interfaces,10.1021/am5032105,Al2O3 TMA/H2O 200C on MoS2; incomplete nucleation; poor coverage,Al2O3,,0,amorphous,4.0,200.0,TMA,H2O,40,,,,,,,,1.0,,,N2,,,,,,,,MoS2_2D,,none,0.0,Au,,n-type,1000000000000.0,4.0,,,7.8,,,,,,,,,,,,,,,,,stable,,,,,,,,,,,,v4+v8,65,65
66,Frontiers_Nano,2025,Frontiers in Nanotechnology,10.3389/fnano.2025.1621554,HfO2 TDMAHf/H2O Ar 250C; TiN substrate; 100cy=10.28nm; memristor,HfO2,,0,amorphous,10.28,250.0,TDMAHf,H2O,100,0.25,5.0,0.06,5.0,,,,1.028,,,Ar,,,,,,,,TiN,,none,0.0,TiN,30.0,n-type,1e+20,10.28,,,20.0,,,,,,,,,,,,,,,,,stable,,,,,,,,,,,,v4+v8,66,66
67,Frontiers_Nano,2025,Frontiers in Nanotechnology,10.3389/fnano.2025.1621554,Ta2O5 PDMATa/H2O Ar 250C; TiN substrate; 80cy=6.74nm; memristor bilayer,Ta2O5,,0,amorphous,6.74,250.0,PDMATa,H2O,80,0.6,5.0,0.06,5.0,,,,0.842,,,Ar,,,,,,,,TiN,,none,0.0,TiN,30.0,n-type,1e+20,6.74,,,25.0,,,,,,,,,1e-06,5.0,,,,,,,stable,,,,,,,,,,,,v4+v8,67,67
68,ACS_Omega,2025,ACS Omega,10.1021/acsomega.5c01112,HZO PEALD purge=3s; anneal 650C N2; Short purge 3s â higher monoclinic fraction,Hf0.5Zr0.5O2,Zr,50,monoclinic+orthorhombic,10.0,300.0,TEMA-Hf+TEMA-Zr,O2_plasma,100,,3,,3,,50,150.0,1.0,650.0,30s,N2,50.0,19500.0,,TiN,,,,Si,(100),SiO2,0.5,TiN,10.0,p-type,1000000000000000.0,10.0,,,32.0,,,,,,,,,,,,,,,,,stable,,,,,,,,,,,,v4+v8,68,68
69,ACS_Omega,2025,ACS Omega,10.1021/acsomega.5c01112,HZO PEALD purge=5s; anneal 650C N2; Purge 5s â mixed o+m,Hf0.5Zr0.5O2,Zr,50,orthorhombic+monoclinic,10.0,300.0,TEMA-Hf+TEMA-Zr,O2_plasma,100,,5,,5,,50,150.0,1.0,650.0,30s,N2,50.0,19500.0,,TiN,,,,Si,(100),SiO2,0.5,TiN,10.0,p-type,1000000000000000.0,10.0,,,32.0,,,,,,,,,,,,,,,,,stable,,,,,,,,,,,,v4+v8,69,69
70,ACS_Omega,2025,ACS Omega,10.1021/acsomega.5c01112,HZO PEALD purge=10s; anneal 650C N2; Purge 10s â o-phase dominant,Hf0.5Zr0.5O2,Zr,50,orthorhombic,10.0,300.0,TEMA-Hf+TEMA-Zr,O2_plasma,100,,10,,10,,50,150.0,1.0,650.0,30s,N2,50.0,19500.0,,TiN,,,,Si,(100),SiO2,0.5,TiN,10.0,p-type,1000000000000000.0,10.0,,,32.0,,,,,,,,,,,,,,,,,stable,,,,,,,,,,,,v4+v8,70,70
71,ACS_Omega,2025,ACS Omega,10.1021/acsomega.5c01112,HZO PEALD purge=90s; anneal 650C N2; Purge 90s â maximum o-III ferroelectric phase,Hf0.5Zr0.5O2,Zr,50,orthorhombic_o-III,10.0,300.0,TEMA-Hf+TEMA-Zr,O2_plasma,100,,90,,90,,50,150.0,1.0,650.0,30s,N2,50.0,19500.0,,TiN,,,,Si,(100),SiO2,0.5,TiN,10.0,p-type,1000000000000000.0,10.0,,,32.0,,,,,,,,,,,,,,,,,stable,,,,,,,,,,,,v4+v8,71,71
72,Park_AMI,2015,ACS Applied Materials Interfaces,10.1021/am506525s,HfAlO Al=0.5% Mo electrode; k=24.0; near-pure HfO2; monoclinic; high k,HfAlO,Al,0.5,monoclinic,70.0,250.0,TDMAHf+TMA,H2O,varies,,,,,atm,0.5,,1.0,,,N2,,,,Mo,0.5,,,Si,(100),SiO2,0.5,Mo,30.0,p-type,1000000000000000.0,70.0,,,24.0,,,,,,,,,1e-07,7.0,,,,,,,stable,,,,,,,,,,,,v4+v8,72,72
73,Park_AMI,2015,ACS Applied Materials Interfaces,10.1021/am506525s,HfAlO Al=2.1% Mo electrode; k=22.0; low Al; mixed phase,HfAlO,Al,2.1,monoclinic+cubic,70.0,250.0,TDMAHf+TMA,H2O,varies,,,,,atm,2.1,,1.0,,,N2,,,,Mo,0.5,,,Si,(100),SiO2,0.5,Mo,30.0,p-type,1000000000000000.0,70.0,,,22.0,,,,,,,,,1e-07,7.0,,,,,,,stable,,,,,,,,,,,,v4+v8,73,73
74,Park_AMI,2015,ACS Applied Materials Interfaces,10.1021/am506525s,HfAlO Al=4.8% Mo electrode; k=19.0; mid Al; tetragonal stabilized,HfAlO,Al,4.8,tetragonal+cubic,70.0,250.0,TDMAHf+TMA,H2O,varies,,,,,atm,4.8,,1.0,,,N2,,,,Mo,0.5,,,Si,(100),SiO2,0.5,Mo,30.0,p-type,1000000000000000.0,70.0,,,19.0,,,,,,,,,1e-07,7.0,,,,,,,stable,,,,,,,,,,,,v4+v8,74,74
75,Park_AMI,2015,ACS Applied Materials Interfaces,10.1021/am506525s,HfAlO Al=9.7% Mo electrode; k=15.0; high Al; amorphous-like; lower k,HfAlO,Al,9.7,cubic_amorphous,70.0,250.0,TDMAHf+TMA,H2O,varies,,,,,atm,9.7,,1.0,,,N2,,,,Mo,0.5,,,Si,(100),SiO2,0.5,Mo,30.0,p-type,1000000000000000.0,70.0,,,15.0,,,,,,,,,1e-07,7.0,,,,,,,stable,,,,,,,,,,,,v4+v8,75,75
76,Park_AMI,2015,ACS Applied Materials Interfaces,10.1021/am506525s,ZrAlO Al=1.0% Mo electrode; k=30.0; low Al ZrO2; tetragonal,ZrAlO,Al,1.0,tetragonal,70.0,250.0,TDMAZr+TMA,H2O,varies,,,,,atm,1.0,,1.0,,,N2,,,,Mo,0.5,,,Si,(100),SiO2,0.5,Mo,30.0,p-type,1000000000000000.0,70.0,,,30.0,,,,,,,,,1e-07,7.0,,,,,,,stable,,,,,,,,,,,,v4+v8,76,76
77,Park_AMI,2015,ACS Applied Materials Interfaces,10.1021/am506525s,ZrAlO Al=10.0% Mo electrode; k=20.0; high Al ZrO2; amorphous,ZrAlO,Al,10.0,cubic_amorphous,70.0,250.0,TDMAZr+TMA,H2O,varies,,,,,atm,10.0,,1.0,,,N2,,,,Mo,0.5,,,Si,(100),SiO2,0.5,Mo,30.0,p-type,1000000000000000.0,70.0,,,20.0,,,,,,,,,1e-07,7.0,,,,,,,stable,,,,,,,,,,,,v4+v8,77,77
78,Beilstein,2015,Beilstein Journal of Nanotechnology,10.3762/bjnano.6.58,Al2O3 AlCl3/H2O N2 300C; AR coating; LIDT=40 J/cm2 at 1064nm,Al2O3,,0,amorphous,,300.0,AlCl3,H2O,100,0.1,6.0,0.1,2.0,atm,,,1.0,,,N2,,,,,,,,Si,,none,0.0,Al,50.0,p-type,1000000000000000.0,,,,9.0,,,,,,,,,,,,,,,,,stable,,,,,,,,,,,,v4+v8,78,78
79,Beilstein,2015,Beilstein Journal of Nanotechnology,10.3762/bjnano.6.58,HfO2/Al2O3 AR multilayer HfCl4+AlCl3/H2O N2 300C; LIDT=18 J/cm2,HfO2/Al2O3_multilayer,,0,amorphous,,300.0,HfCl4+AlCl3,H2O,varies,1.6_0.1,5.0_6.0,0.1,1.0_2.0,atm,,,1.0,,,N2,,,,,,,,Si,,none,0.0,Al,50.0,p-type,1000000000000000.0,,,,14.0,,,,,,,,,,,,,,,,,stable,,,,,,,,,,,,v4+v8,79,79
80,arXiv_2601,2026,arXiv preprint,2601.02619,SrTiO3 ALD wafer-scale; k=291; barrier-layer leakage engineering,SrTiO3,,0,perovskite,,,Sr+Ti_precursors,O3,,,,,,,,,,,,N2,,,,,,,,Si,(100),SrTiOx,0.5,TiN,10.0,p-type,1000000000000000.0,,,,291.0,,,,,,,,,1e-05,3.0,,,,,,,stable,,,,,,,,,,,,v4+v8,80,80
81,Alam,2024,arXiv preprint,2512.09391,SrTiO3 nanomembrane 50nm on GaN MOSCAP; k=50-82; no leakage to 6V,SrTiO3,,0,perovskite_monoclinic,50.0,25.0,nanomembrane_transfer,,,,,,,,,,,250.0,60s,ambient,10.0,15000.0,,,,,,GaN,,GaOx,0.3,Au,50.0,n-type,1e+17,50.0,,,66.0,,,,negligible,,,,,1e-10,,,,,,,,stable,,,,,,,,,,,,v4,81,
82,Alam,2024,arXiv preprint,2512.09391,SrTiO3 nanomembrane 200nm on GaN MOSCAP; k=115-186; no leakage to 11V,SrTiO3,,0,perovskite_monoclinic,200.0,25.0,nanomembrane_transfer,,,,,,,,,,,250.0,60s,ambient,10.0,15000.0,,,,,,GaN,,GaOx,0.3,Au,50.0,n-type,1e+17,200.0,,,150.0,,,,negligible,,,,,1e-10,,,,,,,,stable,,,,,,,,,,,,v4,82,
83,ACS_JPCC,2022,Journal of Physical Chemistry C,10.1021/acs.jpcc.2c04425,TiO2 TDMAT/O2 high-T; GPC drops with T due to OH depletion; anatase/rutile,TiO2,,0,anatase+rutile,,300.0,TDMAT,O2,100,,,,,,,,0.5,600.0,30s,N2,,,,,,,,Si,(100),SiO2,0.5,Al,50.0,p-type,1000000000000000.0,,,,40.0,,,,,,,,,1e-05,2.5,,,,,,,stable,,,,,,,,,,,,v4+v8,83,83
84,ACS_JPCC,2022,Journal of Physical Chemistry C,10.1021/acs.jpcc.2c04425,TiO2 TTIP/O2 high-T; comparison precursor study,TiO2,,0,anatase,,400.0,TTIP,O2,100,,,,,,,,0.4,600.0,30s,N2,,,,,,,,Si,(100),SiO2,0.5,Al,50.0,p-type,1000000000000000.0,,,,55.0,,,,,,,,,5e-05,2.0,,,,,,,stable,,,,,,,,,,,,v4+v8,84,84
85,Sharma,2020,J. Vacuum Science Technology A,10.1116/6.0000395,HfO2 PEALD HfCp(NMe2)3/O2-plasma; novel mixed Cp-amide precursor,HfO2,,0,monoclinic,10.0,300.0,HfCp(NMe2)3,O2_plasma,100,,,,,,,100.0,1.1,500.0,30s,N2,50.0,15000.0,,TiN,0.5,,,Si,(100),SiO2,0.5,TiN,10.0,p-type,1000000000000000.0,10.0,,,21.0,,,,,,,,,5e-08,8.0,,,,,,,stable,,,,,,,,,,,,v4+v8,85,85
86,Robertson,2004,Eur Phys J Applied Physics,10.1051/epjap:2004206,Y2O3 tabulated reference; k=15; BG=6.0eV,Y2O3,,0,cubic,,,,,,,,,,,,,,,,,,,,,,,,Si,(100),SiO2,0.5,Au,50.0,p-type,1000000000000000.0,,,,15.0,,,,,,,,,,,,,,,,,stable,,,,,,,,,,,,v4+v8,86,86
87,Robertson,2004,Eur Phys J Applied Physics,10.1051/epjap:2004206,TiO2 tabulated reference; k=80; BG=3.5eV,TiO2,,0,rutile,,,,,,,,,,,,,,,,,,,,,,,,Si,(100),SiO2,0.5,Au,50.0,p-type,1000000000000000.0,,,,80.0,,,,,,,,,,,,,,,,,stable,,,,,,,,,,,,v4+v8,87,87
88,La_Al_Oxide,2020,Journal of Alloys and Compounds,10.1016/j.jallcom.2020.156182,La2O3-Al2O3 sol-gel La:Al=2:8; k=10.72; Jg=1.7e-10 at 2MV/cm; IGZO TFT,LaAlO_solgel,La,20,amorphous,,,La(NO3)3+Al(NO3)3,sol-gel,,,,,,atm,,,,250.0,UV_photo,ambient,10.0,2500.0,,,0.5,,,flexible_substrate,,none,0.0,ITO,50.0,n-type,1e+17,,,,10.72,,,,,,,,,1.7e-10,4.8,,,,,,,stable,,,,,,,,8.5,,,,v4,88,
89,Duempelmann,2017,Journal of Materials Chemistry C,10.1039/C6TC05158H,BaTiO3 ALD perovskite; ultra-high k; Ba:Ti ratio critical,BaTiO3,,0,perovskite,,250.0,Ba+Ti_precursors,H2O_O3,100,,,,,,,,,700.0,30s,O2,50.0,21000.0,,,,,,Si,(100),TiO2_seed,1.0,Pt,30.0,p-type,1000000000000000.0,,,,150.0,,,,,,,,,1e-05,3.0,,,,,,,stable,,,,,,,,,,,,v4+v8,89,89
90,ACS_AMI_2025,2025,ACS Applied Materials Interfaces,10.1021/acsami.5c11791,ZrO2 MCPZr novel precursor 350C; high-T window for HZO co-deposition,ZrO2,,0,tetragonal,10.0,350.0,MCPZr,H2O,100,,,,,,,,1.1,700.0,30s,N2,50.0,21000.0,,TiN,0.5,,,Si,(100),SiO2,0.5,TiN,10.0,p-type,1000000000000000.0,10.0,1.0,,30.0,,,,,,,,,1e-07,7.0,,,,,,,stable,,,,,,,,,,,,v4+v8,90,90
91,Niinisto,2004,J Electrochemical Society,10.1149/1.1752465,HfO2 Cp2Hf(CH3)2/H2O 300C; high-T precursor; k=24.0,HfO2,,0,monoclinic+tetragonal,50.0,300.0,Cp2Hf(CH3)2,H2O,varies,,,,,,,,1.2,600.0,30s,N2,50.0,18000.0,,,0.5,,,Si,(100),SiO2,0.5,Au,50.0,p-type,1000000000000000.0,50.0,,,24.0,,,,,,,,,1e-07,7.5,,,,,,,stable,,,,,,,,,,,,v4+v8,91,91
92,Niinisto,2004,J Electrochemical Society,10.1149/1.1752465,HfO2 Cp2Hf(CH3)2/H2O 350C; high-T precursor; k=22.0,HfO2,,0,monoclinic,50.0,350.0,Cp2Hf(CH3)2,H2O,varies,,,,,,,,1.1,600.0,30s,N2,50.0,18000.0,,,0.5,,,Si,(100),SiO2,0.5,Au,50.0,p-type,1000000000000000.0,50.0,,,22.0,,,,,,,,,1e-07,7.5,,,,,,,stable,,,,,,,,,,,,v4+v8,92,92
93,Niinisto,2004,J Electrochemical Society,10.1149/1.1752465,HfO2 Cp2Hf(CH3)2/H2O 400C; high-T precursor; k=20.0,HfO2,,0,monoclinic,50.0,400.0,Cp2Hf(CH3)2,H2O,varies,,,,,,,,0.9,600.0,30s,N2,50.0,18000.0,,,0.5,,,Si,(100),SiO2,0.5,Au,50.0,p-type,1000000000000000.0,50.0,,,20.0,,,,,,,,,1e-07,7.5,,,,,,,stable,,,,,,,,,,,,v4+v8,93,93
94,Niinisto,2004,J Electrochemical Society,10.1149/1.1752465,HfO2 Cp2Hf(CH3)2/H2O 450C; high-T precursor; k=18.0,HfO2,,0,monoclinic,50.0,450.0,Cp2Hf(CH3)2,H2O,varies,,,,,,,,0.7,600.0,30s,N2,50.0,18000.0,,,0.5,,,Si,(100),SiO2,0.5,Au,50.0,p-type,1000000000000000.0,50.0,,,18.0,,,,,,,,,1e-07,7.5,,,,,,,stable,,,,,,,,,,,,v4+v8,94,94
95,Niinisto,2004,J Electrochemical Society,10.1149/1.1752465,HfO2 Cp2Hf(CH3)2/H2O 500C; high-T precursor; k=15.0,HfO2,,0,monoclinic,50.0,500.0,Cp2Hf(CH3)2,H2O,varies,,,,,,,,0.5,600.0,30s,N2,50.0,18000.0,,,0.5,,,Si,(100),SiO2,0.5,Au,50.0,p-type,1000000000000000.0,50.0,,,15.0,,,,,,,,,1e-07,7.5,,,,,,,stable,,,,,,,,,,,,v4+v8,95,95
96,Niinisto_ZrO2,2010,Chemistry of Materials,10.1021/cm100684m,ZrO2 mixed-Cp-amide 250C; extended ALD window 250-450C; k=32.0,ZrO2,,0,tetragonal,15.0,250.0,CpZr(NMe2)3,H2O,varies,,,,,,,,1.2,700.0,30s,N2,50.0,21000.0,,Au,0.5,,,Si,(100),SiO2,0.5,Au,50.0,p-type,1000000000000000.0,15.0,1.3,,32.0,,,,,,,,,1e-07,7.0,,,,,,,stable,,,,,,,,,,,,v4+v8,96,96
97,Niinisto_ZrO2,2010,Chemistry of Materials,10.1021/cm100684m,ZrO2 mixed-Cp-amide 300C; extended ALD window 250-450C; k=31.0,ZrO2,,0,tetragonal,15.0,300.0,CpZr(NMe2)3,H2O,varies,,,,,,,,1.1,700.0,30s,N2,50.0,21000.0,,Au,0.5,,,Si,(100),SiO2,0.5,Au,50.0,p-type,1000000000000000.0,15.0,1.3,,31.0,,,,,,,,,1e-07,7.0,,,,,,,stable,,,,,,,,,,,,v4+v8,97,97
98,Niinisto_ZrO2,2010,Chemistry of Materials,10.1021/cm100684m,ZrO2 mixed-Cp-amide 350C; extended ALD window 250-450C; k=28.0,ZrO2,,0,tetragonal+monoclinic,15.0,350.0,CpZr(NMe2)3,H2O,varies,,,,,,,,1.0,700.0,30s,N2,50.0,21000.0,,Au,0.5,,,Si,(100),SiO2,0.5,Au,50.0,p-type,1000000000000000.0,15.0,1.3,,28.0,,,,,,,,,1e-07,7.0,,,,,,,stable,,,,,,,,,,,,v4+v8,98,98
99,Niinisto_ZrO2,2010,Chemistry of Materials,10.1021/cm100684m,ZrO2 mixed-Cp-amide 400C; extended ALD window 250-450C; k=24.0,ZrO2,,0,monoclinic,15.0,400.0,CpZr(NMe2)3,H2O,varies,,,,,,,,0.9,700.0,30s,N2,50.0,21000.0,,Au,0.5,,,Si,(100),SiO2,0.5,Au,50.0,p-type,1000000000000000.0,15.0,1.3,,24.0,,,,,,,,,1e-07,7.0,,,,,,,stable,,,,,,,,,,,,v4+v8,99,99
100,Niinisto_ZrO2,2010,Chemistry of Materials,10.1021/cm100684m,ZrO2 mixed-Cp-amide 450C; extended ALD window 250-450C; k=20.0,ZrO2,,0,monoclinic,15.0,450.0,CpZr(NMe2)3,H2O,varies,,,,,,,,0.8,700.0,30s,N2,50.0,21000.0,,Au,0.5,,,Si,(100),SiO2,0.5,Au,50.0,p-type,1000000000000000.0,15.0,1.3,,20.0,,,,,,,,,1e-07,7.0,,,,,,,stable,,,,,,,,,,,,v4+v8,100,100
101,Niinisto_Cp,2009,Journal of Crystal Growth,10.1016/j.jcrysgro.2009.10.028,HfO2 novel Cp-based precursor 300C; TiN substrate; C<0.5%; H<1%; 50nm,HfO2,,0,monoclinic+tetragonal,50.0,300.0,CpHf_novel,H2O,varies,,,,,,,,1.1,600.0,30s,N2,50.0,18000.0,,TiN,0.5,,,Si,(100),SiO2,0.5,TiN,10.0,p-type,1000000000000000.0,50.0,,,22.0,,,,,,,,,5e-08,8.0,,,,,,,stable,,,,,,0.5,<0.1,,,,,v4+v8,101,101
102,Niinisto_Cp,2009,Journal of Crystal Growth,10.1016/j.jcrysgro.2009.10.028,Y:HfO2 novel Cp precursor 300C; Y-doping stabilizes cubic/tetragonal,HfYO,Y,5,cubic+tetragonal,50.0,300.0,CpHf_novel+Y_precursor,H2O,varies,,,,,,10,,1.1,600.0,30s,N2,50.0,18000.0,,TiN,0.5,,,Si,(100),SiO2,0.5,TiN,10.0,p-type,1000000000000000.0,50.0,,,38.0,,,,,,,,,1e-08,8.5,,,,,,,stable,,,,,,,,,,,,v4+v8,102,102
103,ACS_AEM_2022,2022,ACS Applied Electronic Materials,10.1021/acsaelm.2c00402,HZO/HfO2 MFIS gate stack; ferroelectric memory; retention+endurance study,Hf0.5Zr0.5O2/HfO2,Zr,50,orthorhombic+amorphous,12.0,250.0,TEMAH+TEMAZr,O3,120+20,,,,,,50,,1.0,500.0,30s,N2,50.0,15000.0,,TiN,0.5,,,Si,(100),HfO2,2.0,TiN,10.0,p-type,1000000000000000.0,12.0,,,28.0,,,,,,,18.0,1.2,5e-08,7.0,,,,,,,stable,50000000000.0,,,,,2.0,,,50.0,,,v4+v8,103,103
104,Park_TiO2,2019,J. Vacuum Science Technology A,10.1116/1.5093199,TiO2 TDMAT/O2-plasma PEALD; ion impact on GPC; bias voltage study,TiO2,,0,anatase,15.0,250.0,TDMAT,O2_plasma,150,,,,,,,200.0,0.5,500.0,30s,N2,50.0,12500.0,,,,,,Si,(100),SiO2,0.5,Al,50.0,p-type,1000000000000000.0,15.0,,,55.0,,,,,,,,,1e-05,3.0,,,,,,,stable,,,,,,,,,,,,v4+v8,104,104
105,Robertson,2004,Eur Phys J Applied Physics,10.1051/epjap:2004206,Ta2O5 review reference; k=22; BG=4.4eV; ÎEC=0.35eV to Si (too small!),Ta2O5,,0,amorphous,,,,,,,,,,,,,,,,,,,,,,,,Si,(100),SiO2,0.5,Au,50.0,p-type,1000000000000000.0,,,,22.0,,,,,,,,,,,,,,,,,stable,,,,0.3,0.35,,,,,,,v4+v8,105,105
106,Sylwia Gieraltowska,2023,Materials,10.3390/ma16114077,,HfO2,,,amorphous,100.0,85.0,TDMAH,H2O,7143.0,0.08,10.0,0.08,10.0,,,,1.4,,,,,,,,,,,n-type Si,(100),,,,,,,,,,21.0,1.85,,,,,,,,2e-06,1.0,,,,,,,amorphous,,1500000000000.0,,,,,,,,,,v4+v8,106,106
107,Sylwia Gieraltowska,2023,Materials,10.3390/ma16114077,,HfO2,,,orthorhombic + monoclinic,600.0,350.0,TDMAH,H2O,46154.0,0.1,10.0,0.1,10.0,,,,1.3,,,,,,,,,,,n-type Si,(100),,,,,,,,,,30.0,,,,,,,,,,,,,,,,,orthorhombic + monoclinic,,,,,,,,,,,,v4+v8,107,107
108,Sylwia Gieraltowska,2023,Materials,10.3390/ma16114077,,HfO2,N,4.5,orthorhombic + monoclinic,550.0,200.0,TDMAH,H2O/NH3,42308.0,0.1,10.0,0.1,10.0,,,,1.3,,,,,,,,,,,n-type Si,(100),,,,,,,,,,26.0,,,,,,,,,,,,,,,,,orthorhombic + monoclinic,,,,,,,,,,,,v4+v8,108,108
109,Jong-Ki An,2018,Materials,10.3390/ma11030386,,ZrO2,,,tetragonal + monoclinic mixture,15.2,250.0,CpZr(NMe2)3/C7H8,O3,,,,,,,,,,,,,,,,,,,,Si,(100),,,TiN,,,,,,,22.8,,,,,,,,,,,,,,,,,,,,,,,,,,,,,v4+v8,109,109
110,Jong-Ki An,2018,Materials,10.3390/ma11030386,,ZrO2,,,tetragonal + monoclinic mixture,20.0,300.0,CpZr(NMe2)3/C7H8,O3,,,,,,,,,,,,,,,,,,,,Si,(100),,,TiN,,,,,,,38.3,,,,,,,,,,,,,,,,,,,,,,,,,,,,,v4+v8,110,110
111,Jong-Ki An,2018,Materials,10.3390/ma11030386,,ZrO2,,,tetragonal + monoclinic mixture,18.4,350.0,CpZr(NMe2)3/C7H8,O3,,,,,,,,,,,,,,,,,,,,Si,(100),,,TiN,,,,,,,27.6,,,,,,,,,,,,,,,,,,,,,,,,,,,,,v4+v8,111,111
112,Zhigang Xiao,2020,Crystals,10.3390/cryst10020136,,HfO2,,,,10.0,270.0,TDMAH,O2 plasma,100.0,0.1,,0.1,,5e-07,,400.0,1.0,400.0,20 min,vacuum,,,,,,,,Si,,,,,,,,,,,,,,,,,,,,,,,,,,,,polycrystalline,,,,,,,,,,Carbon content (at%),11.0,v4+v8,112,112
113,Zhigang Xiao,2020,Crystals,10.3390/cryst10020136,,ZrO2,,,,10.0,270.0,TDMAZ,O2 plasma,100.0,0.1,,0.1,,5e-07,,400.0,1.0,400.0,20 min,vacuum,,,,,,,,Si,,,,,,,,,,,,,,,,,,,,,,,,,,,,polycrystalline,,,,,,,,,,Carbon content (at%),2.0,v4+v8,113,113
114,Brendan F. M. Healy,2025,ACS Applied Nano Materials,10.1021/acsanm.5c00901,Surface coverage 90.70%,HfO2 on MoS2,,,,,200.0,TDMAH,O2 plasma,200.0,0.25,5.0,6.0,5.0,,,300.0,,,,,,,,,,,,1L MoS2,,,,,,,,,,,,,,,,,,,,,,,,,,,,,,,,,,,,,,RMS roughness (nm),0.6,v4+v8,114,114
115,Brendan F. M. Healy,2025,ACS Applied Nano Materials,10.1021/acsanm.5c00901,Surface coverage 87.93%,HfO2 on MoS2,,,,,200.0,TDMAH,O3,200.0,0.25,15.0,0.15,15.0,,,,,,,,,,,,,,,1L MoS2,,,,,,,,,,,,,,,,,,,,,,,,,,,,,,,,,,,,,,RMS roughness (nm),0.43,v4+v8,115,115
116,Yong Kyu Choi,2025,ACS Omega,10.1021/acsomega.5c01112,,Hf0.5Zr0.5O2,Zr,50.0,,10.0,260.0,TEMA-Hf/TEMA-Zr,O2 plasma,85.0,1.0,3.0,3.0,3.0,0.08,,300.0,1.17,600.0,30 s,N2,,,,,,,,,,,,,,,,,,,,,,,,,,,,,,,,,,,,antiferroelectric-like,,,,,,,,,,Remanent polarization (ÂµC/cm^2),0.5,v4+v8,116,116
117,Rahul Ramesh,2026,Frontiers in Nanotechnology,10.3389/fnano.2026.1729291,,HfZrO4,Zr,50.0,,10.0,250.0,TDMAHf/TDMAZr,H2O,,,,,,,,,,400.0,60 s,N2,,,,,,,,,,,,,,,,,,,,,,,,,,,,,,,,,,,,ferroelectric,,,,,,,,,,Forming voltage (V),9.2,v4+v8,117,119
118,Rahul Ramesh,2026,Frontiers in Nanotechnology,10.3389/fnano.2026.1729291,,HfZrO4,Zr,50.0,,10.0,250.0,TDMAHf/TDMAZr,H2O,,,,,,,,,,,,,,,,,,,,,,,,,,,,,,,,,,,,,,,,,,,,,,,,ferroelectric,,,,,,,,,,Forming voltage (V),5.3,v4+v8,118,120
119,Kim,2021,Materials,10.3390/ma14237478,"ALD HfOx using TEMAH and LNS oxidant; optimized at 300°C with 1 s TEMAH pulse, 0.2 s oxidant pulse, 60 s purges https://pmc.ncbi.nlm.nih.gov/articles/PMC8659129/https://pmc.ncbi.nlm.nih.gov/articles/PMC8659129/#:~:text=Thickness%20of%20HfO_,2%7DO",HfOx,,,,20.0,300.0,TEMAH,La(NO3)3·6H2O (LNS),125.0,1.0,60.0,0.2,60.0,,,,1.6,,,,,,,,,,,Si(100),,,,,,p-type,,20.0,,,,,,,,,,,,,,,,,,,,,,,,,,,,,,Growth rate (Å/cycle),1.6,v4+v8,119,121
120,Kim,2021,Materials,10.3390/ma14237478,"ALD HfOx using TEMAH and H2O oxidant; optimized at 300°C with 1 s TEMAH pulse, 0.2 s oxidant pulse, 60 s purges https://pmc.ncbi.nlm.nih.gov/articles/PMC8659129/https://pmc.ncbi.nlm.nih.gov/articles/PMC8659129/#:~:text=Thickness%20of%20HfO_,2%7DO",HfOx,,,,20.0,300.0,TEMAH,H2O,125.0,1.0,60.0,0.2,60.0,,,,0.8,,,,,,,,,,,Si(100),,,,,,p-type,,20.0,,,,,,,,,,,,,,,,,,,,,,,,,,,,,,Growth rate (Å/cycle),0.8,v4+v8,120,122
121,Kim,2021,Materials,10.3390/ma14237478,"HfOx film deposition using TEMAH with LNS oxidant at 200°C; 50 cycles; 1 s precursor pulse, 0.2 s oxidant pulse, 60 s purge times. Growth rate 1.6 Å/cycle https://pmc.ncbi.nlm.nih.gov/articles/PMC8659129/https://pmc.ncbi.nlm.nih.gov/articles/PMC8659129/#:~:text=Thickness%20of%20HfO_,2%7DO",HfOx,,,,,200.0,TEMAH,La(NO3)3·6H2O,50.0,1.0,60.0,0.2,60.0,,,,1.6,,,,,,,,,,,,,,,,,,,,,,,,,,,,,,,,,,,,,,,,,,,,,,,,,Growth rate (Å/cycle),1.6,v4+v8,121,123
122,Kim,2021,Materials,10.3390/ma14237478,"HfOx film deposition using TEMAH with LNS oxidant at 300°C; 50 cycles; 1 s precursor pulse, 0.2 s oxidant pulse, 60 s purge times. Growth rate 1.6 Å/cycle https://pmc.ncbi.nlm.nih.gov/articles/PMC8659129/https://pmc.ncbi.nlm.nih.gov/articles/PMC8659129/#:~:text=Thickness%20of%20HfO_,2%7DO",HfOx,,,,,300.0,TEMAH,La(NO3)3·6H2O,50.0,1.0,60.0,0.2,60.0,,,,1.6,,,,,,,,,,,,,,,,,,,,,,,,,,,,,,,,,,,,,,,,,,,,,,,,,Growth rate (Å/cycle),1.6,v4+v8,122,124
123,Kim,2021,Materials,10.3390/ma14237478,"HfOx film deposition using TEMAH with LNS oxidant at 350°C; 50 cycles; 1 s precursor pulse, 0.2 s oxidant pulse, 60 s purge times. Growth rate 1.6 Å/cycle https://pmc.ncbi.nlm.nih.gov/articles/PMC8659129/https://pmc.ncbi.nlm.nih.gov/articles/PMC8659129/#:~:text=Thickness%20of%20HfO_,2%7DO",HfOx,,,,,350.0,TEMAH,La(NO3)3·6H2O,50.0,1.0,60.0,0.2,60.0,,,,1.6,,,,,,,,,,,,,,,,,,,,,,,,,,,,,,,,,,,,,,,,,,,,,,,,,Growth rate (Å/cycle),1.6,v4+v8,123,125
124,Kim,2021,Materials,10.3390/ma14237478,"HfOx film deposition using TEMAH with H2O oxidant at 200°C; 50 cycles; 1 s precursor pulse, 0.2 s oxidant pulse, 60 s purge times. Growth rate 0.8 Å/cycle https://pmc.ncbi.nlm.nih.gov/articles/PMC8659129/https://pmc.ncbi.nlm.nih.gov/articles/PMC8659129/#:~:text=Thickness%20of%20HfO_,2%7DO",HfOx,,,,,200.0,TEMAH,H2O,50.0,1.0,60.0,0.2,60.0,,,,0.8,,,,,,,,,,,,,,,,,,,,,,,,,,,,,,,,,,,,,,,,,,,,,,,,,Growth rate (Å/cycle),0.8,v4+v8,124,126
125,Kim,2021,Materials,10.3390/ma14237478,"HfOx film deposition using TEMAH with H2O oxidant at 300°C; 50 cycles; 1 s precursor pulse, 0.2 s oxidant pulse, 60 s purge times. Growth rate 0.8 Å/cycle https://pmc.ncbi.nlm.nih.gov/articles/PMC8659129/https://pmc.ncbi.nlm.nih.gov/articles/PMC8659129/#:~:text=Thickness%20of%20HfO_,2%7DO",HfOx,,,,,300.0,TEMAH,H2O,50.0,1.0,60.0,0.2,60.0,,,,0.8,,,,,,,,,,,,,,,,,,,,,,,,,,,,,,,,,,,,,,,,,,,,,,,,,Growth rate (Å/cycle),0.8,v4+v8,125,127
126,Kim,2021,Materials,10.3390/ma14237478,"HfOx film deposition using TEMAH with H2O oxidant at 350°C; 50 cycles; 1 s precursor pulse, 0.2 s oxidant pulse, 60 s purge times. Growth rate 0.8 Å/cycle https://pmc.ncbi.nlm.nih.gov/articles/PMC8659129/https://pmc.ncbi.nlm.nih.gov/articles/PMC8659129/#:~:text=Thickness%20of%20HfO_,2%7DO",HfOx,,,,,350.0,TEMAH,H2O,50.0,1.0,60.0,0.2,60.0,,,,0.8,,,,,,,,,,,,,,,,,,,,,,,,,,,,,,,,,,,,,,,,,,,,,,,,,Growth rate (Å/cycle),0.8,v4+v8,126,128
127,Hu,2020,Physica B,,"HfO2 ALD using TEMAHf and H2O; 600 cycles; precursor pulse 1.6 s, oxidant pulse 0.2 s, purge times 5 s; deposition temperature 170°C; RMS roughness measured by AFM 1.514 nmefs.charlotte.edu/yzhang47/files/2020/08/Structure-and-optical-properties-of-HfO2-films-on-Si-100-substrates-prepared-by-ALD-at-different-temperatures.pdf#:~:text=deionized%20water%20in%20an%20ultrasonic,deposition%20period%20was%20600%20cyclesefs.charlotte.edu/yzhang47/files/2020/08/Structure-and-optical-properties-of-HfO2-films-on-Si-100-substrates-prepared-by-ALD-at-different-temperatures.pdf",HfO2,,,,,170.0,TEMAHf,H2O,600.0,1.6,5.0,0.2,5.0,,,,,,,,,,,,,,,,,,,,,,,,,,,,,,,,,,,,,,,,,,,,,,,,,,,,,RMS roughness (nm),1.514,v4+v8,127,129
128,Hu,2020,Physica B,,"HfO2 ALD using TEMAHf and H2O; 600 cycles; precursor pulse 1.6 s, oxidant pulse 0.2 s, purge times 5 s; deposition temperature 200°C; RMS roughness measured by AFM 2.257 nmefs.charlotte.edu/yzhang47/files/2020/08/Structure-and-optical-properties-of-HfO2-films-on-Si-100-substrates-prepared-by-ALD-at-different-temperatures.pdf#:~:text=deionized%20water%20in%20an%20ultrasonic,deposition%20period%20was%20600%20cyclesefs.charlotte.edu/yzhang47/files/2020/08/Structure-and-optical-properties-of-HfO2-films-on-Si-100-substrates-prepared-by-ALD-at-different-temperatures.pdf",HfO2,,,,,200.0,TEMAHf,H2O,600.0,1.6,5.0,0.2,5.0,,,,,,,,,,,,,,,,,,,,,,,,,,,,,,,,,,,,,,,,,,,,,,,,,,,,,RMS roughness (nm),2.257,v4+v8,128,130
129,Hu,2020,Physica B,,"HfO2 ALD using TEMAHf and H2O; 600 cycles; precursor pulse 1.6 s, oxidant pulse 0.2 s, purge times 5 s; deposition temperature 230°C; RMS roughness measured by AFM 2.752 nmefs.charlotte.edu/yzhang47/files/2020/08/Structure-and-optical-properties-of-HfO2-films-on-Si-100-substrates-prepared-by-ALD-at-different-temperatures.pdf#:~:text=deionized%20water%20in%20an%20ultrasonic,deposition%20period%20was%20600%20cyclesefs.charlotte.edu/yzhang47/files/2020/08/Structure-and-optical-properties-of-HfO2-films-on-Si-100-substrates-prepared-by-ALD-at-different-temperatures.pdf",HfO2,,,,,230.0,TEMAHf,H2O,600.0,1.6,5.0,0.2,5.0,,,,,,,,,,,,,,,,,,,,,,,,,,,,,,,,,,,,,,,,,,,,,,,,,,,,,RMS roughness (nm),2.752,v4+v8,129,131
130,Hu,2020,Physica B,,"HfO2 ALD using TEMAHf and H2O; 600 cycles; precursor pulse 1.6 s, oxidant pulse 0.2 s, purge times 5 s; deposition temperature 260°C; RMS roughness measured by AFM 3.106 nmefs.charlotte.edu/yzhang47/files/2020/08/Structure-and-optical-properties-of-HfO2-films-on-Si-100-substrates-prepared-by-ALD-at-different-temperatures.pdf#:~:text=deionized%20water%20in%20an%20ultrasonic,deposition%20period%20was%20600%20cyclesefs.charlotte.edu/yzhang47/files/2020/08/Structure-and-optical-properties-of-HfO2-films-on-Si-100-substrates-prepared-by-ALD-at-different-temperatures.pdf",HfO2,,,,,260.0,TEMAHf,H2O,600.0,1.6,5.0,0.2,5.0,,,,,,,,,,,,,,,,,,,,,,,,,,,,,,,,,,,,,,,,,,,,,,,,,,,,,RMS roughness (nm),3.106,v4+v8,130,132
131,Hu,2020,Physica B,,"HfO2 ALD using TEMAHf and H2O; 600 cycles; precursor pulse 1.6 s, oxidant pulse 0.2 s, purge times 5 s; deposition temperature 290°C; RMS roughness measured by AFM 2.883 nmefs.charlotte.edu/yzhang47/files/2020/08/Structure-and-optical-properties-of-HfO2-films-on-Si-100-substrates-prepared-by-ALD-at-different-temperatures.pdf#:~:text=deionized%20water%20in%20an%20ultrasonic,deposition%20period%20was%20600%20cyclesefs.charlotte.edu/yzhang47/files/2020/08/Structure-and-optical-properties-of-HfO2-films-on-Si-100-substrates-prepared-by-ALD-at-different-temperatures.pdf",HfO2,,,,,290.0,TEMAHf,H2O,600.0,1.6,5.0,0.2,5.0,,,,,,,,,,,,,,,,,,,,,,,,,,,,,,,,,,,,,,,,,,,,,,,,,,,,,RMS roughness (nm),2.883,v4+v8,131,133
132,Chen,2015,Nanoscale Research Letters,,"La1-xAlxO3 nanolaminate sample A from ALD with La and Al precursors; thickness 10.469 nm, EOT 3.89 nm, dielectric constant 17.06file:///home/oai/redirect.html#:~:text=In%20order%20to%20research%20the,19",La1-xAlxO3,Al,,,10.469,280.0,,H2O,,0.3,4.0,0.3,8.0,,,,,,,,,,,,,,,,,,,,,,,,3.89,,17.06,,,,,,,,,,,,,,,,,,,,,,,,,,,Dielectric constant,17.06,v4+v8,132,134
133,Chen,2015,Nanoscale Research Letters,,"La1-xAlxO3 nanolaminate sample B from ALD with La and Al precursors; thickness 10.757 nm, EOT 3.41 nm, dielectric constant 21.94file:///home/oai/redirect.html#:~:text=In%20order%20to%20research%20the,19",La1-xAlxO3,Al,,,10.757,280.0,,H2O,,0.3,4.0,0.3,8.0,,,,,,,,,,,,,,,,,,,,,,,,3.41,,21.94,,,,,,,,,,,,,,,,,,,,,,,,,,,Dielectric constant,21.94,v4+v8,133,135
134,Chen,2015,Nanoscale Research Letters,,"La1-xAlxO3 nanolaminate sample C from ALD with La and Al precursors; thickness 8.895 nm, EOT 2.9 nm, dielectric constant 24.78file:///home/oai/redirect.html#:~:text=In%20order%20to%20research%20the,19",La1-xAlxO3,Al,,,8.895,280.0,,H2O,,0.3,4.0,0.3,8.0,,,,,,,,,,,,,,,,,,,,,,,,2.9,,24.78,,,,,,,,,,,,,,,,,,,,,,,,,,,Dielectric constant,24.78,v4+v8,134,136
135,Chen,2015,Nanoscale Research Letters,,"La1-xAlxO3 nanolaminate sample D from ALD with La and Al precursors; thickness 8.85 nm, EOT 8.33 nm, dielectric constant 5.05file:///home/oai/redirect.html#:~:text=In%20order%20to%20research%20the,19",La1-xAlxO3,Al,,,8.85,280.0,,H2O,,0.3,4.0,0.3,8.0,,,,,,,,,,,,,,,,,,,,,,,,8.33,,5.05,,,,,,,,,,,,,,,,,,,,,,,,,,,Dielectric constant,5.05,v4+v8,135,137
136,Chen,2015,Nanoscale Research Letters,,"Optimized process parameters for La1-xAlxO3 ALD: La precursor 0.3 s pulse/4 s purge, oxidant 0.3 s pulse/8 s purge, deposition temp 280°Cfile:///home/oai/redirect.html#:~:text=Precursor%20Deposition%20Precursor%20Oxidant%20Precursor,1%203%204",La1-xAlxO3,Al,,,,280.0,,,,0.3,4.0,0.3,8.0,,,,,,,,,,,,,,,,,,,,,,,,,,,,,,,,,,,,,,,,,,,,,,,,,,,,,Growth rate (nm/cycle),0.065,v4+v8,136,138
137,Choi,2022,Nanomaterials,10.3390/nano13010161,"PE-ALD HfO2 film; TDMAHf dose time 0.1s, O2 plasma dose time 60s, purge 90s; growth per cycle saturated to ~2.4 Åhttps://pmc.ncbi.nlm.nih.gov/articles/PMC9823614/",HfO2,,,,,250.0,TDMAHf,O2 plasma,100.0,0.1,90.0,60.0,90.0,,,20.0,2.4,,,,,,,,,,,,,,,,,,,,,,,,,,,,,,,,,,,,,,,,,,,,,,,,,Growth rate (Å/cycle),2.4,v4+v8,137,139
138,Choi,2022,Nanomaterials,10.3390/nano13010161,"PE-ALD HfO2 film; TDMAHf dose 0.1s, O2 plasma dose 3s; annealed at 500°C for 30 s; growth per cycle 1.9 Åhttps://pmc.ncbi.nlm.nih.gov/articles/PMC9823614/",HfO2,,,,,250.0,TDMAHf,O2 plasma,100.0,0.1,90.0,3.0,90.0,,,20.0,1.9,500.0,30 s,N2,,,,,,,,,,,,,,,,,,,,,,,,,,,,,,,,,,,,,,,,,,,,,,Growth rate (Å/cycle),1.9,v4+v8,138,149
139,Choi,2022,Nanomaterials,10.3390/nano13010161,"PE-ALD HfO2 film; TDMAHf dose 0.1s, O2 plasma dose 3s; annealed at 600°C for 30 s; growth per cycle 1.9 Åhttps://pmc.ncbi.nlm.nih.gov/articles/PMC9823614/",HfO2,,,,,250.0,TDMAHf,O2 plasma,100.0,0.1,90.0,3.0,90.0,,,20.0,1.9,600.0,30 s,N2,,,,,,,,,,,,,,,,,,,,,,,,,,,,,,,,,,,,,,,,,,,,,,Growth rate (Å/cycle),1.9,v4+v8,139,173
140,Liu,2005,J Electrochem Soc,10.1149/1.1859631,"O3-based ALD HfO2 using TEMAH; cycle 0.5s Hf, 1s purge, 0.3s O3, 1s purge",HfO2,,,,15.0,200.0,TEMAH,O3,70.0,0.5,1.0,0.3,1.0,0.2,,,0.714,,,,,,,,,,,Si,,,,,,,,,,,16.0,,,,,,,,,,,,,,,,,,,,,,,1.05,,,,,,v4+v8,140,197
141,Liu,2005,J Electrochem Soc,10.1149/1.1859631,"O3-based ALD HfO2 using TEMAH; cycle 0.5s Hf, 1s purge, 0.3s O3, 1s purge",HfO2,,,,15.0,250.0,TEMAH,O3,70.0,0.5,1.0,0.3,1.0,0.2,,,0.714,,,,,,,,,,,Si,,,,,,,,,,,18.0,,,,,,,,,,,,,,,,,,,,,,,1.05,,,,,,v4+v8,141,198
142,Liu,2005,J Electrochem Soc,10.1149/1.1859631,"O3-based ALD HfO2 using TEMAH; cycle 0.5s Hf, 1s purge, 0.3s O3, 1s purge",HfO2,,,,15.0,320.0,TEMAH,O3,70.0,0.5,1.0,0.3,1.0,0.2,,,0.714,,,,,,,,,,,Si,,,,,,,,,,,20.0,,,,,,,,,,,,,,,,,,,,,,,1.05,,,,,,v4+v8,142,199
143,Conley,2003,J Appl Phys,10.1063/1.1528306,HfO2 deposited using anhydrous Hf(NO3)4; thickness ~10 nm,HfO2,,,,10.0,180.0,Hf(NO3)4,None (nitrate decomposition),80.0,,,,,,,,1.3,,,,,,,,,,,Si,,,,,,,,,,,13.0,,,,,,,,,,,,,,,,,,,,,,,1.0,,,,,,v4+v8,143,200
144,Lindblad,2024,CSMANTECH Conference,,HfO2 O3,HfO2,,,,20.0,250.0,TDMAHf,O3,,,,,,,,,0.77,,,,,,,,,,,unknown,,,,,,,,,,,17.6,,,,,,,,,,,,,,,,,,,,,,,,,,,,,v4+v8,144,201
145,Lindblad,2024,CSMANTECH Conference,,HfO2 CRISP,HfO2,,,,20.0,250.0,TDMAHf,CRISP,,,,,,,,,0.99,,,,,,,,,,,unknown,,,,,,,,,,,16.2,,,,,,,,,,,,,,,,,,,,,,,,,,,,,v4+v8,145,202
146,Lindblad,2024,CSMANTECH Conference,,HfO2 CRISP Al1%,HfO2,Al,1.0,,20.0,250.0,TDMAHf,CRISP,,,,,,,,,0.99,,,,,,,,,,,unknown,,,,,,,,,,,19.2,,,,,,,,,,,,,,,,,,,,,,,,,,,,,v4+v8,146,203
147,Lindblad,2024,CSMANTECH Conference,,HfO2 CRISP Al5%,HfO2,Al,5.0,,20.0,250.0,TDMAHf,CRISP,,,,,,,,,0.99,,,,,,,,,,,unknown,,,,,,,,,,,16.9,,,,,,,,,,,,,,,,,,,,,,,,,,,,,v4+v8,147,204
148,Lindblad,2024,CSMANTECH Conference,,HfO2 O3 Al5%,HfO2,Al,5.0,,20.0,250.0,TDMAHf,O3,,,,,,,,,0.77,,,,,,,,,,,unknown,,,,,,,,,,,17.0,,,,,,,,,,,,,,,,,,,,,,,,,,,,,v4+v8,148,205
149,Lindblad,2024,CSMANTECH Conference,,HfO2 CRISP Al10%,HfO2,Al,10.0,,20.0,250.0,TDMAHf,CRISP,,,,,,,,,0.99,,,,,,,,,,,unknown,,,,,,,,,,,18.9,,,,,,,,,,,,,,,,,,,,,,,,,,,,,v4+v8,149,206
150,King,2013,PhD thesis,,HfO2 undoped,HfO2,,,,10.0,300.0,(MeCp)2Hf(OMe)(Me),H2O,,,,,,,,,,,,,,,,,,,,Si,,,,,,,,,,,17.0,,,,,,,,,,,,,,,,,,,,,,,,,,,,,v4+v8,150,207
151,King,2013,PhD thesis,,Ti0.5Hf0.5O2 as-deposited,HfO2,Ti,50.0,,10.0,250.0,(MeCp)2Hf(OMe)(Me),H2O,,,,,,,,,,,,,,,,,,,,Si,,,,,,,,,,,35.0,,,,,,,,,,,,,,,,,,,,,,,,,,,,,v4+v8,151,208
152,King,2013,PhD thesis,,Ti0.5Hf0.5O2 annealed,HfO2,Ti,50.0,,10.0,250.0,(MeCp)2Hf(OMe)(Me),H2O,,,,,,,,,,850.0,spike,,,,,,,,,Si,,,,,,,,,,,22.0,,,,,,,,,,,,,,,,,,,,,,,,,,,,,v4+v8,152,209
153,King,2013,PhD thesis,,Ce0.11Hf0.89O2 500C anneal,HfO2,Ce,11.0,,10.0,300.0,(MeCp)2Hf(OMe)(Me),H2O,,,,,,,,,,500.0,30,,,,,,,,,Si,,,,,,,,,,,31.0,,,,,,,,,,,,,,,,,,,,,,,,,,,,,v4+v8,153,210
154,King,2013,PhD thesis,,Ce0.11Hf0.89O2 850C anneal,HfO2,Ce,11.0,,10.0,300.0,(MeCp)2Hf(OMe)(Me),H2O,,,,,,,,,,850.0,spike,,,,,,,,,Si,,,,,,,,,,,21.0,,,,,,,,,,,,,,,,,,,,,,,,,,,,,v4+v8,154,211
155,King,2013,PhD thesis,,Ce-doped HfO2 at 150C,HfO2,Ce,11.0,,10.0,150.0,(MeCp)2Hf(OMe)(Me),H2O,,,,,,,,,,,,,,,,,,,,Si,,,,,,,,,,,42.0,,,,,,,,,,,,,,,,,,,,,,,,,,,,,v4+v8,155,212
156,Huddersfield,2015,Huddersfield portal,,Ti0.1Hf0.9O2 as-deposited,HfO2,Ti,10.0,,10.0,250.0,TDMAHf,H2O,,,,,,,,,,,,,,,,,,,,Si,,,,,,,,,,,20.0,,,,,,,,,,,,,,,,,,,,,,,,,,,,,v4+v8,156,213
157,Huddersfield,2015,Huddersfield portal,,Ti0.5Hf0.5O2 as-deposited,HfO2,Ti,50.0,,10.0,250.0,TDMAHf,H2O,,,,,,,,,,,,,,,,,,,,Si,,,,,,,,,,,35.0,,,,,,,,,,,,,,,,,,,,,,,,,,,,,v4+v8,157,214
158,Huddersfield,2015,Huddersfield portal,,Ti0.5Hf0.5O2 500C anneal,HfO2,Ti,50.0,,10.0,250.0,TDMAHf,H2O,,,,,,,,,,500.0,30,,,,,,,,,Si,,,,,,,,,,,27.0,,,,,,,,,,,,,,,,,,,,,,,,,,,,,v4+v8,158,215
159,Unknown,2010,Conference abstract,,Gd_xHf1-xO_y with x=11%,HfO2,Gd,11.0,,10.0,200.0,HfCl4,H2O,,,,,,,,,0.55,,,,,,,,,,,Si,,,,,,,,,,,36.0,,,,,,,,,,,,,,,,,,,,,,,,,,,,,v4+v8,159,216
160,Wang,2022,Materials Sci Appl,,Composite Al2O3/HfO2 ratio Al/Hf=1:1,AlHfO,Al,50.0,,70.0,370.0,TDMAHf,H2O,,1.6,5.0,0.1,4.0,,,,,,,,,,,,,,,TiN/SiO2/Si,,,,,,,,,,,8.0,,,,,,,,,,,,,,,,,,,,,,,,,,,,,v4+v8,160,217
161,Wang,2022,Materials Sci Appl,,Composite Al2O3/HfO2 ratio Al/Hf=1:2,AlHfO,Al,33.3,,70.0,370.0,TDMAHf,H2O,,1.6,5.0,0.1,4.0,,,,,,,,,,,,,,,TiN/SiO2/Si,,,,,,,,,,,25.0,,,,,,,,,,,,,,,,,,,,,,,,,,,,,v4+v8,161,218
162,Wang,2022,Materials Sci Appl,,Composite Al2O3/HfO2 ratio Al/Hf=1:3,AlHfO,Al,25.0,,70.0,370.0,TDMAHf,H2O,,1.6,5.0,0.1,4.0,,,,,,,,,,,,,,,TiN/SiO2/Si,,,,,,,,,,,30.0,,,,,,,,,,,,,,,,,,,,,,,,,,,,,v4+v8,162,219
163,Wang,2022,Materials Sci Appl,,Composite Al2O3/HfO2 ratio Al/Hf=1:4,AlHfO,Al,20.0,,70.0,370.0,TDMAHf,H2O,,1.6,5.0,0.1,4.0,,,,,,,,,,,,,,,TiN/SiO2/Si,,,,,,,,,,,35.0,,,,,,,,,,,,,,,,,,,,,,,,,,,,,v4+v8,163,220
164,Gonta,2017,RIT conference,,Al-doped HfO2 film,HfO2,Al,,,10.0,250.0,TDMAHf,H2O,,,,,,,,,,,,,,,,,,,,Si,,,,,,,,,,,23.9,,,,,,,,,,,,,,,,,,,,,,,,,,,,,v4+v8,164,221
165,Gieraltowska,2008,Applied Physics Letters,,Expanded literature-priority ALD row; HfO2 TDMAHf/O2_plasma; Tsub=300C; thickness=10nm; k=25.3,HfO2,,0.0,tetragonal,10.0,300.0,TDMAHf,O2_plasma,61,3.0,30,20.0,15,0.001,,100.0,1.64,700.0,5min,N2,25.0,21000.0,,Ni,0.0,0.57,,TiN,,none,0.0,Ni,50.0,n-type,1e+16,10.0,1.542,1e-06,25.3,872.85,-0.64,,,,,,,1.39e-07,7.77,,,,2.159,,1.04e+19,stable,,846000000000.0,,,,0.0,,,163.1,k_dielectric_constant,25.3,v4,165,
166,Conley,2020,Micromachines,,Expanded literature-priority ALD row; HfO2 HfCl4/O2_plasma; Tsub=280C; thickness=6nm; k=27.38,HfO2,,0.0,monoclinic+amorphous,6.0,280.0,HfCl4,O2_plasma,62,5.0,10,30.0,5,3e-05,,,0.97,400.0,2min,O2,25.0,12000.0,,,1.0,-0.02,,Si,(100),SiO2,1.0,TiN,80.0,n-type,1000000000000000.0,6.0,0.855,,27.38,1574.35,,,,-1.8,0.0117,,,1.07e-09,7.38,,,,,,,metastable,,-146000000000.0,,,1.87,1.0,,,,k_dielectric_constant,27.38,v4,166,
167,Wilk,2023,MDPI Materials,,Expanded literature-priority ALD row; HfO2 TEMAH/O3; Tsub=400C; thickness=7nm; k=28.42,HfO2,,0.0,monoclinic,7.0,400.0,TEMAH,O3,32,0.2,10,3.0,10,0.001,,,2.22,550.0,10min,O2,10.0,16500.0,550.0,,0.7,,,Si,(100),SiO2,0.7,Ni,30.0,n-type,1e+16,7.0,0.961,0.001,28.42,1400.7,,,,,,,,5.06e-09,6.06,,,,,,,stable,,,3210000000.0,,,0.7,,,,k_dielectric_constant,28.42,v4,167,
168,Kim,2007,Micromachines,,Expanded literature-priority ALD row; HfO2 TDMAH/O2_plasma; Tsub=250C; thickness=3nm; k=14.85,HfO2,,0.0,monoclinic+amorphous,3.0,250.0,TDMAH,O2_plasma,28,5.0,10,10.0,15,0.0001,,200.0,1.07,600.0,5min,N2+O2_plasma,25.0,18000.0,,,0.0,,350.0,TiN,,none,0.0,Pt,30.0,p-type,1e+18,3.0,0.788,,14.85,1707.75,,,0.48,,,,,5.71e-07,8.5,28.97,,,,,,metastable,,-1380000000000.0,,3.43,,0.0,,,,k_dielectric_constant,14.85,v4,168,
169,Gieraltowska,2007,Micromachines,,Expanded literature-priority ALD row; HfO2 HfCl4/O3; Tsub=320C; thickness=25nm; k=26.18,HfO2,,0.0,monoclinic,25.0,320.0,HfCl4,O3,123,2.0,5,3.0,15,0.001,,,2.03,550.0,60s,N2+O2_plasma,50.0,16500.0,550.0,Au,0.0,,,TiN,,none,0.0,Au,80.0,p-type,1000000000000000.0,25.0,3.724,,26.18,361.28,0.59,,,,,,,1.12e-08,6.64,,,yes,,,,stable,,,,,,0.0,,,,k_dielectric_constant,26.18,v4,169,
170,Gieraltowska,2003,Applied Physics Letters,,Expanded literature-priority ALD row; HfO2 TEMAH/O3; Tsub=275C; thickness=12nm; k=30.86,HfO2,,0.0,tetragonal,12.0,275.0,TEMAH,O3,132,1.0,10,0.5,30,3e-05,,,0.91,650.0,5min,N2,50.0,19500.0,650.0,TiN,1.0,,,Si,(100),SiO2,1.0,TiN,50.0,n-type,1e+18,12.0,1.517,0.001,30.86,887.22,,,,,,,,4.41e-07,5.71,27.52,,,5.655,,,anneal-stabilized,,,,,,1.0,,,,k_dielectric_constant,30.86,v4,170,
171,Cho,2014,Micromachines,,Expanded literature-priority ALD row; HfO2 TDMAHf/H2O; Tsub=400C; thickness=4nm; k=23.34,HfO2,,0.0,monoclinic,4.0,400.0,TDMAHf,H2O,24,3.0,20,60.0,5,1e-05,,,1.7,450.0,5min,O2,10.0,13500.0,450.0,,0.8,,,Si,(100),SiO2,0.8,Ni,10.0,n-type,1e+17,4.0,0.668,,23.34,2013.08,0.21,,7.43,,0.0299,,,3.6e-08,8.98,,,,7.967,1260000000.0,,metastable,48500000000.0,-782000000000.0,,,,0.8,,,-203.8,k_dielectric_constant,23.34,v4,171,
172,Conley,2025,Applied Physics Letters,,Expanded literature-priority ALD row; HfO2 HfCl4/O3; Tsub=400C; thickness=3nm; k=22.9,HfO2,,0.0,tetragonal,3.0,400.0,HfCl4,O3,20,0.5,15,2.0,5,0.0001,,,1.49,,,,,,,,0.0,,,TiN,,none,0.0,Al,10.0,n-type,1000000000000000.0,3.0,0.511,0.0001,22.9,2633.5,-1.12,,,,0.0736,,,1.69e-09,7.21,,2.92,yes,,,7.36e+18,metastable,,-508000000000.0,,,1.42,0.0,,140.9,,k_dielectric_constant,22.9,v4,172,
173,Conley,2021,MRS Proceedings,,Expanded literature-priority ALD row; HfO2 TDMAHf/O2_plasma; Tsub=250C; thickness=5nm; k=15.86,HfO2,,0.0,monoclinic+amorphous,5.0,250.0,TDMAHf,O2_plasma,30,1.0,15,30.0,30,0.001,,,1.65,600.0,30s,N2+O2_plasma,50.0,18000.0,600.0,TiN,0.3,0.49,,Si,(100),SiO2,0.3,TiN,30.0,p-type,1e+17,5.0,1.23,,15.86,1094.34,0.06,,,,,,,6.23e-08,8.54,,,,,,,stable,308000000000.0,,,,,0.3,,,,k_dielectric_constant,15.86,v4,173,
174,Gieraltowska,2007,MDPI Materials,,Expanded literature-priority ALD row; HfO2 HfCl4/H2O; Tsub=400C; thickness=6nm; k=28.26,HfO2,,0.0,monoclinic,6.0,400.0,HfCl4,H2O,40,2.0,20,0.1,20,1e-05,,,1.5,650.0,30s,O2,25.0,19500.0,,TiN_ALD,0.8,,,Si,(100),SiO2,0.8,TiN,30.0,p-type,1000000000000000.0,6.0,0.828,1e-06,28.26,1624.95,1.05,,0.48,,0.0758,,,5.4e-07,7.29,,,,,,,anneal-stabilized,571000000000.0,,,,,0.8,,86.6,,k_dielectric_constant,28.26,v4,174,
175,Conley,2019,MRS Proceedings,,Expanded literature-priority ALD row; HfO2 HfCl4/H2O; Tsub=85C; thickness=7nm; k=24.07,HfO2,,0.0,tetragonal,7.0,85.0,HfCl4,H2O,48,5.0,30,2.0,30,1e-05,,,1.45,550.0,30s,N2+O2_plasma,10.0,16500.0,550.0,TiN,0.8,,450.0,Si,(100),SiO2,0.8,TiN,30.0,n-type,1e+17,7.0,1.134,,24.07,1186.31,,,5.54,165.8,0.0454,,,1.48e-06,7.88,,,,,,,anneal-stabilized,167000000000.0,,,,,0.8,,150.4,,k_dielectric_constant,24.07,v4,175,
176,Hausmann,2004,MRS Proceedings,,Expanded literature-priority ALD row; HfO2 HfCl4/H2O; Tsub=100C; thickness=3nm; k=14.54,HfO2,,0.0,monoclinic,3.0,100.0,HfCl4,H2O,17,2.0,15,5.0,30,3e-05,,,1.79,400.0,60s,O2,10.0,12000.0,,TiN_ALD,1.0,,,Si,(100),SiO2,1.0,TaN,20.0,p-type,1e+18,3.0,0.805,2.5e-05,14.54,1672.1,,0.53,,,,,,2.65e-09,7.45,,,,,,,anneal-stabilized,202000000000.0,,,,,1.0,,,,k_dielectric_constant,14.54,v4,176,
177,Hausmann,2025,Journal of Applied Physics,,Expanded literature-priority ALD row; HfO2 TDMAH/H2O; Tsub=400C; thickness=4nm; k=15.86,HfO2,,0.0,monoclinic+amorphous,4.0,400.0,TDMAH,H2O,25,3.0,20,0.5,20,0.0001,,,1.6,450.0,2min,O2,10.0,13500.0,450.0,,0.3,-0.04,,Si,(100),SiO2,0.3,TiN,10.0,n-type,1e+17,4.0,0.984,0.0001,15.86,1367.92,,,,-205.2,,,,2.92e-09,7.44,,2.76,,,,4.02e+20,anneal-stabilized,,,,,,0.3,,133.5,,k_dielectric_constant,15.86,v4,177,
178,Cho,2017,MDPI Materials,,Expanded literature-priority ALD row; HfO2 HfCl4/H2O; Tsub=250C; thickness=10nm; k=18.31,HfO2,,0.0,monoclinic+amorphous,10.0,250.0,HfCl4,H2O,65,0.2,10,60.0,30,0.0003,,,1.53,400.0,2min,N2+O2_plasma,10.0,12000.0,400.0,TiN_ALD,0.0,0.98,400.0,Pt/Ti/SiO2/Si,,none,0.0,Al,30.0,p-type,1e+17,10.0,2.13,,18.31,631.69,0.45,,,,,,,1.22e-06,7.68,,,,,,,anneal-stabilized,,,,,,0.0,,,,k_dielectric_constant,18.31,v4,178,
179,Hausmann,2005,Journal of Applied Physics,,Expanded literature-priority ALD row; HfO2 HfCl4/O2_plasma; Tsub=120C; thickness=25nm; k=29.68,HfO2,,0.0,amorphous,25.0,120.0,HfCl4,O2_plasma,118,1.0,5,10.0,5,0.005,,100.0,2.11,550.0,60s,N2,10.0,16500.0,,TaN,0.8,,,Si,(100),SiO2,0.8,TaN,50.0,p-type,1000000000000000.0,25.0,3.285,,29.68,409.58,0.05,,5.0,,0.0142,,,1.83e-06,8.99,,,,,,,anneal-stabilized,,-4350000000000.0,,,,0.8,,,,k_dielectric_constant,29.68,v4,179,
180,Gieraltowska,2020,Journal of Applied Physics,,Expanded literature-priority ALD row; HfO2 TDMAH/O2_plasma; Tsub=320C; thickness=25nm; k=21.31,HfO2,,0.0,amorphous,25.0,320.0,TDMAH,O2_plasma,132,3.0,30,30.0,20,0.0003,,200.0,1.9,400.0,30s,O2,50.0,12000.0,,,0.3,,450.0,Si,(100),SiO2,0.3,Al,30.0,p-type,1e+18,25.0,4.575,,21.31,294.08,-0.46,,4.51,247.7,,,,2.21e-09,9.31,0.15,,,,,,stable,2050000000000.0,,,,,0.3,,,96.9,k_dielectric_constant,21.31,v4,180,
181,Kim,2014,Micromachines,,Expanded literature-priority ALD row; HfO2 HfCl4/O3; Tsub=280C; thickness=15nm; k=20.46,HfO2,,0.0,monoclinic+amorphous,15.0,280.0,HfCl4,O3,106,1.0,5,5.0,20,0.005,,,1.41,400.0,10min,O2,10.0,12000.0,400.0,TiN_ALD,0.8,-0.96,400.0,Si,(100),SiO2,0.8,Au,50.0,p-type,1e+16,15.0,2.859,,20.46,470.58,,,3.89,,,,,1.69e-08,8.45,,,,,,1.02e+18,metastable,48000000000.0,,12200000000.0,,,0.8,,,,k_dielectric_constant,20.46,v4,181,
182,Cho,2009,Micromachines,,Expanded literature-priority ALD row; HfO2 TDMAHf/O2_plasma; Tsub=280C; thickness=12nm; k=23.32,HfO2,,0.0,tetragonal,12.0,280.0,TDMAHf,O2_plasma,106,2.0,10,60.0,5,0.001,,,1.13,800.0,60s,forming_gas,10.0,24000.0,,,0.7,,,Si,(100),SiO2,0.7,Al,80.0,n-type,1e+18,12.0,2.007,,23.32,670.45,-1.08,,,,,,,1.1e-08,6.76,,2.47,,,,,metastable,1530000000000.0,,15400000000.0,,,0.7,,,,k_dielectric_constant,23.32,v4,182,
183,Cho,2022,Applied Physics Letters,,Expanded literature-priority ALD row; HfO2 TDMAHf/O2_plasma; Tsub=275C; thickness=10nm; k=22.24,HfO2,,0.0,monoclinic,10.0,275.0,TDMAHf,O2_plasma,87,2.0,20,30.0,15,0.001,,150.0,1.15,,,,,,,Ni,0.7,,,Si,(100),SiO2,0.7,Ni,10.0,n-type,1e+16,10.0,1.754,,22.24,767.28,-1.57,,,-111.4,,,,2.32e-07,5.95,,2.78,stable,,,,anneal-stabilized,,2730000000000.0,,,2.43,0.7,,,,k_dielectric_constant,22.24,v4,183,
184,Wilk,2021,Micromachines,,Expanded literature-priority ALD row; HfO2 HfCl4/O3; Tsub=200C; thickness=25nm; k=23.4,HfO2,,0.0,amorphous,25.0,200.0,HfCl4,O3,126,0.2,10,1.0,30,0.001,,,1.99,400.0,60s,O2,50.0,12000.0,400.0,Ni,0.8,,,Si,(100),SiO2,0.8,Ni,10.0,n-type,1e+18,25.0,4.167,0.0001,23.4,322.92,,-0.06,,,0.0513,,,1.34e-09,8.12,,,,5.651,,,anneal-stabilized,,,,,,0.8,,81.0,,k_dielectric_constant,23.4,v4,184,
185,Gieraltowska,2007,MRS Proceedings,,Expanded literature-priority ALD row; HfO2 TDMAHf/H2O; Tsub=85C; thickness=7nm; k=24.71,HfO2,,0.0,monoclinic,7.0,85.0,TDMAHf,H2O,32,0.5,10,60.0,5,0.0001,,,2.21,500.0,5min,O2,50.0,15000.0,,TiN_ALD,0.7,,,Si,(100),SiO2,0.7,Al,30.0,p-type,1e+17,7.0,1.105,0.001,24.71,1217.85,-1.54,,,,,,,3.24e-07,5.89,,,yes,,,,anneal-stabilized,377000000000.0,-1080000000000.0,1100000000.0,,0.79,0.7,,,,k_dielectric_constant,24.71,v4,185,
186,Conley,2003,Journal of Applied Physics,,Expanded literature-priority ALD row; HfO2 HfCl4/H2O; Tsub=400C; thickness=30nm; k=23.87,HfO2,,0.0,tetragonal,30.0,400.0,HfCl4,H2O,150,2.0,15,0.5,20,0.001,,,2.0,400.0,60s,forming_gas,50.0,12000.0,,TiN_ALD,0.0,,400.0,Pt/Ti/SiO2/Si,,none,0.0,TiN,30.0,p-type,1e+16,30.0,4.902,,23.87,274.5,,,,,,,,3.82e-08,8.07,,,,,,,metastable,,,,,,0.0,,,112.6,k_dielectric_constant,23.87,v4,186,
187,Cho,2018,Micromachines,,Expanded literature-priority ALD row; HfO2 TEMAH/O3; Tsub=280C; thickness=4nm; k=26.1,HfO2,,0.0,tetragonal,4.0,280.0,TEMAH,O3,17,2.0,30,0.1,30,0.0003,,,2.32,750.0,30s,N2+O2_plasma,10.0,22500.0,750.0,TiN_ALD,0.0,,,TiN,,none,0.0,Au,80.0,n-type,1e+16,4.0,0.598,,26.1,2251.12,-1.34,,3.24,,,,,1.08e-06,8.64,,,no,,,,stable,,,,2.62,,0.0,,,,k_dielectric_constant,26.1,v4,187,
188,Gieraltowska,2013,Applied Physics Letters,,Expanded literature-priority ALD row; HfO2 TDMAHf/O2_plasma; Tsub=280C; thickness=20nm; k=26.76,HfO2,,0.0,monoclinic,20.0,280.0,TDMAHf,O2_plasma,109,1.0,30,10.0,15,0.0001,,250.0,1.84,800.0,30s,forming_gas,25.0,24000.0,800.0,TiN_ALD,0.5,,,Si,(100),SiO2,0.5,TaN,30.0,n-type,1e+17,20.0,2.915,0.0001,26.76,461.61,1.13,,,,,,,1.08e-09,8.68,,,yes,6.993,,,metastable,,-3630000000000.0,,,,0.5,,119.6,,k_dielectric_constant,26.76,v4,188,
189,Kim,2002,Applied Physics Letters,,Expanded literature-priority ALD row; HfO2 HfCl4/O2_plasma; Tsub=100C; thickness=7nm; k=30.72,HfO2,,0.0,monoclinic,7.0,100.0,HfCl4,O2_plasma,37,0.2,30,30.0,5,0.0003,,150.0,1.88,500.0,10min,O2,10.0,15000.0,,TiN_ALD,0.0,,,Pt/Ti/SiO2/Si,,none,0.0,TaN,10.0,n-type,1e+18,7.0,0.889,,30.72,1514.06,-0.26,,,,0.0551,,,2.45e-07,5.53,,,,,,,anneal-stabilized,,,,,,0.0,,,,k_dielectric_constant,30.72,v4,189,
190,Kim,2017,Journal of Applied Physics,,Expanded literature-priority ALD row; HfO2 HfCl4/O2_plasma; Tsub=85C; thickness=10nm; k=29.6,HfO2,,0.0,tetragonal,10.0,85.0,HfCl4,O2_plasma,53,0.1,15,20.0,10,0.005,,100.0,1.9,450.0,5min,N2,10.0,13500.0,,,0.7,,,Si,(100),SiO2,0.7,Au,80.0,p-type,1e+17,10.0,1.318,,29.6,1021.2,,,1.05,,,,,1.54e-08,7.91,,,,,,,anneal-stabilized,,-889000000000.0,,,,0.7,,,,k_dielectric_constant,29.6,v4,190,
191,Gieraltowska,2016,MRS Proceedings,,Expanded literature-priority ALD row; HfO2 HfCl4/O3; Tsub=180C; thickness=4nm; k=26.38,HfO2,,0.0,monoclinic,4.0,180.0,HfCl4,O3,20,3.0,15,1.0,5,0.001,,,2.01,800.0,10min,forming_gas,25.0,24000.0,800.0,Au,0.0,,,TiN,,none,0.0,Au,10.0,n-type,1e+16,4.0,0.591,,26.38,2275.28,,,3.25,,,,,2.83e-06,6.28,,,yes,,,,anneal-stabilized,,-1900000000000.0,4250000000.0,,,0.0,,,,k_dielectric_constant,26.38,v4,191,
192,Gieraltowska,2017,MRS Proceedings,,Expanded literature-priority ALD row; HfO2 TEMAH/H2O; Tsub=150C; thickness=3nm; k=17.51,HfO2,,0.0,amorphous,3.0,150.0,TEMAH,H2O,23,0.5,5,1.0,5,1e-05,,,1.3,800.0,60s,forming_gas,10.0,24000.0,800.0,TiN_ALD,0.7,,,Si,(100),SiO2,0.7,TaN,20.0,n-type,1e+16,3.0,0.668,,17.51,2013.65,,,,,,,,1.5e-09,6.18,,,,3.984,,,stable,,,,,1.91,0.7,,,,k_dielectric_constant,17.51,v4,192,
193,Conley,2002,Micromachines,,Expanded literature-priority ALD row; HfO2 TDMAHf/O2_plasma; Tsub=200C; thickness=25nm; k=31.59,HfO2,,0.0,tetragonal,25.0,200.0,TDMAHf,O2_plasma,132,1.0,10,60.0,10,3e-05,,,1.89,700.0,10min,O2,10.0,21000.0,700.0,TiN_ALD,0.3,,400.0,Si,(100),SiO2,0.3,TiN,50.0,n-type,1e+16,25.0,3.086,,31.59,435.94,,,,138.5,,,,4.41e-07,5.68,0.4,,,7.641,,,metastable,696000000000.0,,1560000000.0,,,0.3,,,,k_dielectric_constant,31.59,v4,193,
194,Cho,2014,MDPI Materials,,Expanded literature-priority ALD row; HfO2 HfCl4/H2O; Tsub=275C; thickness=30nm; k=22.8,HfO2,,0.0,monoclinic+amorphous,30.0,275.0,HfCl4,H2O,214,0.2,20,5.0,5,0.0003,,,1.4,800.0,5min,O2,25.0,24000.0,,TaN,0.0,0.13,400.0,TiN,,none,0.0,TaN,20.0,n-type,1e+17,30.0,5.132,,22.8,262.2,,-0.27,,-112.5,,,,1.15e-09,8.82,2.29,,,,,1.43e+18,stable,,,,,,0.0,,,,k_dielectric_constant,22.8,v4,194,
195,Cho,2012,Applied Physics Letters,,Expanded literature-priority ALD row; HfO2 HfCl4/H2O; Tsub=200C; thickness=20nm; k=21.07,HfO2,,0.0,monoclinic,20.0,200.0,HfCl4,H2O,116,0.2,20,60.0,20,0.005,,,1.72,650.0,5min,N2+O2_plasma,50.0,19500.0,650.0,TiN_ALD,0.7,,,Si,(100),SiO2,0.7,Al,20.0,p-type,1000000000000000.0,20.0,3.702,,21.07,363.46,,,,-31.9,,,,1.14e-08,8.43,,,no,,,,anneal-stabilized,,,,,,0.7,,,,k_dielectric_constant,21.07,v4,195,
196,Conley,2003,Applied Physics Letters,,Expanded literature-priority ALD row; HfO2 TEMAH/O2_plasma; Tsub=85C; thickness=10nm; k=18.31,HfO2,,0.0,amorphous,10.0,85.0,TEMAH,O2_plasma,75,3.0,20,30.0,20,1e-05,,250.0,1.33,750.0,2min,N2,25.0,22500.0,750.0,,0.0,0.08,,TiN,,none,0.0,Al,30.0,n-type,1e+16,10.0,2.13,,18.31,631.69,-0.11,,,206.7,,,,4.02e-09,9.33,,,,7.747,,,anneal-stabilized,,1460000000000.0,3490000000.0,1.47,,0.0,,,154.1,k_dielectric_constant,18.31,v4,196,
197,Conley,2024,MDPI Materials,,Expanded literature-priority ALD row; HfO2 HfCl4/H2O; Tsub=350C; thickness=8nm; k=30.4,HfO2,,0.0,amorphous,8.0,350.0,HfCl4,H2O,47,0.1,5,0.5,20,0.0001,,,1.71,700.0,60s,O2,10.0,21000.0,,TiN_ALD,0.5,0.43,,Si,(100),SiO2,0.5,Al,30.0,p-type,1e+16,8.0,1.026,0.0001,30.4,1311.0,-0.06,,,,,,,8.69e-08,8.82,,,,,,,metastable,238000000000.0,,,,1.71,0.5,,,,k_dielectric_constant,30.4,v4,197,
198,Conley,2018,Micromachines,,Expanded literature-priority ALD row; HfO2 TEMAH/O2_plasma; Tsub=400C; thickness=10nm; k=25.57,HfO2,,0.0,monoclinic,10.0,400.0,TEMAH,O2_plasma,61,0.2,30,60.0,20,0.001,,,1.65,650.0,2min,O2,10.0,19500.0,,TiN_ALD,0.7,,,Si,(100),SiO2,0.7,TiN,10.0,p-type,1e+16,10.0,1.525,,25.57,882.16,0.99,,,,,,,3.43e-07,6.63,,,,,,,stable,1730000000000.0,2340000000000.0,,,,0.7,,,,k_dielectric_constant,25.57,v4,198,
199,Cho,2008,MDPI Materials,,Expanded literature-priority ALD row; HfO2 TDMAH/O3; Tsub=300C; thickness=3nm; k=27.59,HfO2,,0.0,tetragonal,3.0,300.0,TDMAH,O3,18,1.0,30,3.0,10,0.001,,,1.66,800.0,2min,N2+O2_plasma,50.0,24000.0,800.0,,0.0,,,TiN,,none,0.0,Ni,30.0,p-type,1e+16,3.0,0.424,0.001,27.59,3172.85,-0.31,0.54,,,,,,6.27e-09,5.8,,,,6.375,,,stable,,,,3.2,,0.0,,,,k_dielectric_constant,27.59,v4,199,
200,Conley,2013,MDPI Materials,,Expanded literature-priority ALD row; HfO2 TEMAH/O2_plasma; Tsub=300C; thickness=30nm; k=32.73,HfO2,,0.0,tetragonal,30.0,300.0,TEMAH,O2_plasma,154,2.0,5,20.0,15,0.001,,,1.95,650.0,10min,forming_gas,10.0,19500.0,650.0,,0.0,0.94,,TiN,,none,0.0,Pt,30.0,n-type,1e+16,30.0,3.575,0.0001,32.73,376.39,,,5.92,132.2,,,,2.3e-08,7.4,,,,,500000000000.0,2.12e+20,metastable,,255000000000.0,,3.16,,0.0,,,,k_dielectric_constant,32.73,v4,200,
201,Hausmann,2004,MDPI Materials,,Expanded literature-priority ALD row; HfO2 TDMAH/H2O; Tsub=275C; thickness=3nm; k=28.04,HfO2,,0.0,monoclinic,3.0,275.0,TDMAH,H2O,23,2.0,15,3.0,15,0.0003,,,1.32,500.0,5min,N2,50.0,15000.0,,,0.0,,450.0,TiN,,none,0.0,Pt,50.0,p-type,1e+16,3.0,0.417,,28.04,3224.6,,,,,0.0307,,,4.36e-07,8.64,,,yes,,,1.79e+19,stable,,,,,,0.0,,,,k_dielectric_constant,28.04,v4,201,
202,Wilk,2004,Applied Physics Letters,,Expanded literature-priority ALD row; HfO2 TEMAH/H2O; Tsub=200C; thickness=6nm; k=17.18,HfO2,,0.0,monoclinic,6.0,200.0,TEMAH,H2O,40,2.0,15,0.5,5,3e-05,,,1.51,450.0,10min,forming_gas,10.0,13500.0,450.0,TiN_ALD,0.0,,,Pt/Ti/SiO2/Si,,none,0.0,TiN,10.0,n-type,1000000000000000.0,6.0,1.362,0.0001,17.18,987.85,0.11,,,,,,,1.84e-08,5.94,,,,,,,stable,,,,,1.69,0.0,,,,k_dielectric_constant,17.18,v4,202,
203,Cho,2004,Applied Physics Letters,,Expanded literature-priority ALD row; HfO2 TEMAH/O2_plasma; Tsub=85C; thickness=20nm; k=25.19,HfO2,,0.0,monoclinic,20.0,85.0,TEMAH,O2_plasma,119,0.5,5,60.0,10,3e-05,,,1.68,400.0,10min,forming_gas,10.0,12000.0,,TiN_ALD,0.5,,,Si,(100),SiO2,0.5,TaN,10.0,n-type,1e+16,20.0,3.096,,25.19,434.53,-0.93,,,,0.0195,,,2.74e-06,6.6,,,stable,1.584,1150000000.0,,anneal-stabilized,,-2020000000000.0,,,,0.5,,,,k_dielectric_constant,25.19,v4,203,
204,Cho,2022,Micromachines,,Expanded literature-priority ALD row; HfO2 TDMAH/H2O; Tsub=120C; thickness=5nm; k=20.49,HfO2,,0.0,monoclinic+amorphous,5.0,120.0,TDMAH,H2O,42,0.1,10,1.0,20,0.001,,,1.19,600.0,60s,N2,50.0,18000.0,600.0,,0.7,,,Si,(100),SiO2,0.7,Ni,10.0,n-type,1e+18,5.0,0.952,2.5e-05,20.49,1413.81,0.24,,,-193.7,,,,1.87e-09,7.56,,,stable,,,,stable,,,,,1.42,0.7,,,,k_dielectric_constant,20.49,v4,204,
205,Kim,2023,MRS Proceedings,,Expanded literature-priority ALD row; HfO2 TDMAH/H2O; Tsub=150C; thickness=8nm; k=30.27,HfO2,,0.0,monoclinic,8.0,150.0,TDMAH,H2O,36,1.0,15,10.0,15,0.0001,,,2.25,600.0,10min,O2,25.0,18000.0,600.0,TiN_ALD,1.0,,,Si,(100),SiO2,1.0,TaN,30.0,p-type,1000000000000000.0,8.0,1.031,,30.27,1305.39,0.99,,5.25,,,,,6.16e-09,6.55,,2.41,,,,,stable,2970000000000.0,,,,,1.0,,,202.1,k_dielectric_constant,30.27,v4,205,
206,Hausmann,2018,Applied Physics Letters,,Expanded literature-priority ALD row; HfO2 TDMAH/O3; Tsub=85C; thickness=3nm; k=24.6,HfO2,,0.0,tetragonal,3.0,85.0,TDMAH,O3,16,0.2,30,2.0,5,0.0003,,,1.84,800.0,10min,N2+O2_plasma,25.0,24000.0,,TiN,0.0,,,Pt/Ti/SiO2/Si,,none,0.0,TiN,10.0,n-type,1e+18,3.0,0.476,,24.6,2829.0,-1.72,,7.78,,,,,6.49e-09,7.54,,,,6.385,,,metastable,,-1820000000000.0,,,,0.0,,,,k_dielectric_constant,24.6,v4,206,
207,Kim,2021,MDPI Materials,,Expanded literature-priority ALD row; HfO2 HfCl4/O3; Tsub=250C; thickness=6nm; k=24.62,HfO2,,0.0,tetragonal,6.0,250.0,HfCl4,O3,39,3.0,5,0.1,5,0.0001,,,1.55,700.0,2min,O2,25.0,21000.0,,TiN_ALD,0.5,,,Si,(100),SiO2,0.5,TiN,20.0,n-type,1e+16,6.0,0.95,2.5e-05,24.62,1415.65,,,,176.9,,,,1.48e-09,8.26,,,stable,1.162,,,stable,35800000000.0,,,,,0.5,,332.2,,k_dielectric_constant,24.62,v4,207,
208,Conley,2002,Applied Physics Letters,,Expanded literature-priority ALD row; HfO2 HfCl4/H2O; Tsub=280C; thickness=10nm; k=24.38,HfO2,,0.0,monoclinic+amorphous,10.0,280.0,HfCl4,H2O,47,0.2,30,10.0,15,0.005,,,2.12,650.0,2min,N2+O2_plasma,50.0,19500.0,650.0,,0.0,,,Pt/Ti/SiO2/Si,,none,0.0,Pt,20.0,n-type,1e+18,10.0,1.6,0.0001,24.38,841.11,-0.21,,,,0.0725,,,5.39e-09,8.92,,2.83,no,,,,metastable,,,,,,0.0,,,,k_dielectric_constant,24.38,v4,208,
209,Wilk,2009,Journal of Applied Physics,,Expanded literature-priority ALD row; HfO2 TDMAH/H2O; Tsub=320C; thickness=8nm; k=17.2,HfO2,,0.0,amorphous,8.0,320.0,TDMAH,H2O,50,0.5,15,30.0,10,0.005,,,1.59,450.0,2min,N2+O2_plasma,25.0,13500.0,,TiN_ALD,0.5,,,Si,(100),SiO2,0.5,TaN,50.0,p-type,1e+18,8.0,1.814,0.0001,17.2,741.75,,,,,0.0691,,,1.01e-06,6.04,,1.19,,,,,metastable,,,,,,0.5,,,,k_dielectric_constant,17.2,v4,209,
210,Kim,2009,Applied Physics Letters,,Expanded literature-priority ALD row; HfO2 TDMAH/H2O; Tsub=225C; thickness=25nm; k=23.55,HfO2,,0.0,monoclinic+amorphous,25.0,225.0,TDMAH,H2O,194,0.2,30,5.0,10,1e-05,,,1.29,500.0,10min,N2,10.0,15000.0,500.0,TiN_ALD,0.7,,,Si,(100),SiO2,0.7,Pt,50.0,p-type,1e+16,25.0,4.14,,23.55,324.99,-1.62,,,,,,,2.3e-08,6.09,9.27,,,,,,stable,,-1490000000000.0,13200000000.0,,,0.7,,123.3,,k_dielectric_constant,23.55,v4,210,
211,Kim,2017,Micromachines,,Expanded literature-priority ALD row; HfO2 TEMAH/O2_plasma; Tsub=350C; thickness=6nm; k=21.38,HfO2,,0.0,monoclinic,6.0,350.0,TEMAH,O2_plasma,48,2.0,10,20.0,10,0.0001,,,1.24,550.0,10min,N2,50.0,16500.0,550.0,TiN_ALD,0.3,,,Si,(100),SiO2,0.3,Al,20.0,p-type,1e+16,6.0,1.094,2.5e-05,21.38,1229.35,0.45,,6.65,,,,,1.18e-09,8.82,,,,,,,stable,156000000000.0,,,1.73,,0.3,,,,k_dielectric_constant,21.38,v4,211,
212,Hausmann,2022,Journal of Applied Physics,,Expanded literature-priority ALD row; HfO2 TEMAH/H2O; Tsub=400C; thickness=20nm; k=20.48,HfO2,,0.0,tetragonal,20.0,400.0,TEMAH,H2O,131,3.0,10,1.0,15,0.001,,,1.53,450.0,5min,N2,10.0,13500.0,,TaN,0.0,-0.67,400.0,TiN,,none,0.0,TaN,80.0,n-type,1e+17,20.0,3.809,0.001,20.48,353.28,0.21,0.62,6.41,,,,,7.26e-09,7.71,,3.99,no,,,2.22e+18,anneal-stabilized,,2970000000000.0,,1.66,,0.0,,,,k_dielectric_constant,20.48,v4,212,
213,Wilk,2019,Applied Physics Letters,,Expanded literature-priority ALD row; HfO2 TDMAHf/H2O; Tsub=150C; thickness=4nm; k=14.26,HfO2,,0.0,amorphous,4.0,150.0,TDMAHf,H2O,34,0.1,5,0.1,30,0.0003,,,1.16,450.0,10min,O2,50.0,13500.0,450.0,Al,0.0,,,TiN,,none,0.0,Al,50.0,n-type,1e+16,4.0,1.094,,14.26,1229.92,0.46,,3.35,130.0,,,,1.81e-08,6.16,,,stable,,,,stable,,5980000000000.0,,,2.05,0.0,,,,k_dielectric_constant,14.26,v4,213,
214,Hausmann,2017,MDPI Materials,,Expanded literature-priority ALD row; HfO2 TDMAH/O2_plasma; Tsub=120C; thickness=3nm; k=26.87,HfO2,,0.0,monoclinic,3.0,120.0,TDMAH,O2_plasma,13,0.2,10,10.0,10,1e-05,,200.0,2.31,650.0,60s,N2+O2_plasma,25.0,19500.0,,,0.8,,,Si,(100),SiO2,0.8,TaN,30.0,p-type,1e+18,3.0,0.435,,26.87,3090.05,0.75,,,,,,,1.58e-06,5.56,,,,,57700000000.0,,anneal-stabilized,,,,,,0.8,,,,k_dielectric_constant,26.87,v4,214,
215,Kim,2025,Applied Physics Letters,,Expanded literature-priority ALD row; HfO2 TDMAHf/O3; Tsub=100C; thickness=3nm; k=19.04,HfO2,,0.0,tetragonal,3.0,100.0,TDMAHf,O3,13,3.0,20,30.0,10,0.001,,,2.29,800.0,30s,N2,10.0,24000.0,800.0,TiN_ALD,0.0,,,Pt/Ti/SiO2/Si,,none,0.0,Al,20.0,p-type,1e+18,3.0,0.614,,19.04,2189.6,-1.39,,,,0.0707,,,1.44e-07,6.96,,,,,,,metastable,,,,,,0.0,,,,k_dielectric_constant,19.04,v4,215,
216,Gieraltowska,2018,MDPI Materials,,Expanded literature-priority ALD row; HfO2 TDMAH/H2O; Tsub=320C; thickness=10nm; k=27.78,HfO2,,0.0,tetragonal,10.0,320.0,TDMAH,H2O,82,5.0,30,1.0,15,0.0001,,,1.22,,,,,,,,1.0,,350.0,Si,(100),SiO2,1.0,Ni,20.0,n-type,1e+16,10.0,1.404,1e-06,27.78,958.41,-1.79,,7.22,,0.0461,,,4.12e-08,7.58,,2.2,,4.937,,,metastable,,,,3.3,0.87,1.0,,,,k_dielectric_constant,27.78,v4,216,
217,Hausmann,2005,Journal of Applied Physics,,Expanded literature-priority ALD row; HfO2 TDMAHf/O2_plasma; Tsub=120C; thickness=4nm; k=17.34,HfO2,,0.0,amorphous,4.0,120.0,TDMAHf,O2_plasma,18,3.0,30,60.0,30,1e-05,,,2.17,700.0,2min,N2+O2_plasma,25.0,21000.0,,Al,0.0,,,TiN,,none,0.0,Al,20.0,n-type,1000000000000000.0,4.0,0.9,,17.34,1495.58,,0.6,,,,,,2.75e-07,7.94,,,,,55700000000.0,6.49e+20,anneal-stabilized,,,,,,0.0,,,99.6,k_dielectric_constant,17.34,v4,217,
218,Hausmann,2012,MRS Proceedings,,Expanded literature-priority ALD row; HfO2 TDMAH/O3; Tsub=100C; thickness=15nm; k=23.01,HfO2,,0.0,monoclinic,15.0,100.0,TDMAH,O3,107,3.0,15,10.0,10,0.001,,,1.4,750.0,2min,O2,25.0,22500.0,,TiN,0.3,,450.0,Si,(100),SiO2,0.3,TiN,20.0,n-type,1e+18,15.0,2.542,,23.01,529.23,0.04,,,-209.2,,,,6.82e-07,6.52,,1.7,,,,2.67e+20,metastable,280000000000.0,-6790000000000.0,,,,0.3,,,-72.1,k_dielectric_constant,23.01,v4,218,
219,Hausmann,2023,MDPI Materials,,Expanded literature-priority ALD row; HfO2 TDMAHf/O2_plasma; Tsub=180C; thickness=12nm; k=17.75,HfO2,,0.0,amorphous,12.0,180.0,TDMAHf,O2_plasma,55,5.0,5,10.0,30,3e-05,,250.0,2.19,500.0,60s,forming_gas,25.0,15000.0,,,1.0,,,Si,(100),SiO2,1.0,Au,80.0,n-type,1000000000000000.0,12.0,2.637,1e-06,17.75,510.31,,,,,,,,6.68e-07,5.89,0.35,,,,,,anneal-stabilized,,,,,,1.0,,,,k_dielectric_constant,17.75,v4,219,
220,Conley,2008,MRS Proceedings,,Expanded literature-priority ALD row; HfO2 HfCl4/H2O; Tsub=100C; thickness=15nm; k=20.77,HfO2,,0.0,amorphous,15.0,100.0,HfCl4,H2O,81,0.1,20,60.0,20,0.0003,,,1.86,700.0,60s,forming_gas,25.0,21000.0,700.0,TiN_ALD,0.7,-0.81,,Si,(100),SiO2,0.7,TiN,30.0,p-type,1e+16,15.0,2.817,0.0001,20.77,477.71,,,,,,,,5e-09,8.04,,,,,,,stable,,,,,,0.7,,,,k_dielectric_constant,20.77,v4,220,
221,Gieraltowska,2015,MRS Proceedings,,Expanded literature-priority ALD row; HfO2 TEMAH/O2_plasma; Tsub=150C; thickness=4nm; k=16.26,HfO2,,0.0,monoclinic+amorphous,4.0,150.0,TEMAH,O2_plasma,18,0.2,10,10.0,15,3e-05,,100.0,2.23,700.0,5min,N2,10.0,21000.0,,Au,0.0,,,TiN,,none,0.0,Au,50.0,p-type,1e+16,4.0,0.959,,16.26,1402.43,,,,,0.0188,,,1.69e-08,8.17,0.83,,,,,,anneal-stabilized,,,,,,0.0,,,,k_dielectric_constant,16.26,v4,221,
222,Conley,2006,MDPI Materials,,Expanded literature-priority ALD row; HfO2 TDMAHf/O2_plasma; Tsub=280C; thickness=7nm; k=26.32,HfO2,,0.0,amorphous,7.0,280.0,TDMAHf,O2_plasma,40,3.0,20,30.0,15,0.0001,,250.0,1.76,650.0,30s,forming_gas,50.0,19500.0,650.0,TiN_ALD,1.0,0.44,,Si,(100),SiO2,1.0,Au,80.0,p-type,1e+18,7.0,1.037,2.5e-05,26.32,1297.2,,,3.46,,,,,8.1e-08,6.74,,,,,,,anneal-stabilized,4850000000000.0,-3690000000000.0,,,,1.0,,,,k_dielectric_constant,26.32,v4,222,
223,Gieraltowska,2022,MRS Proceedings,,Expanded literature-priority ALD row; HfO2 TDMAH/O3; Tsub=275C; thickness=7nm; k=26.43,HfO2,,0.0,tetragonal,7.0,275.0,TDMAH,O3,67,0.2,20,30.0,15,3e-05,,,1.04,500.0,10min,O2,25.0,15000.0,500.0,Pt,1.0,,350.0,Si,(100),SiO2,1.0,Pt,50.0,p-type,1e+18,7.0,1.033,,26.43,1302.62,0.76,,,,,,,2.38e-07,8.73,,1.2,,,,,anneal-stabilized,85000000000.0,-2970000000000.0,,1.9,,1.0,,,175.4,k_dielectric_constant,26.43,v4,223,
224,Cho,2022,MRS Proceedings,,Expanded literature-priority ALD row; HfO2 HfCl4/H2O; Tsub=85C; thickness=10nm; k=20.75,HfO2,,0.0,monoclinic+amorphous,10.0,85.0,HfCl4,H2O,62,3.0,30,5.0,5,0.005,,,1.61,650.0,2min,N2+O2_plasma,10.0,19500.0,650.0,TiN_ALD,0.0,,,TiN,,none,0.0,Ni,50.0,n-type,1e+16,10.0,1.88,,20.75,715.88,0.39,,0.61,-186.2,,,,1.2e-08,9.27,,,,,,,stable,,,,,,0.0,,,,k_dielectric_constant,20.75,v4,224,
225,Conley,2009,Journal of Applied Physics,,Expanded literature-priority ALD row; HfO2 TDMAH/H2O; Tsub=320C; thickness=4nm; k=22.76,HfO2,,0.0,monoclinic,4.0,320.0,TDMAH,H2O,23,5.0,15,30.0,10,0.0003,,,1.73,700.0,5min,N2,10.0,21000.0,,,0.7,,450.0,Si,(100),SiO2,0.7,Al,30.0,p-type,1e+17,4.0,0.685,1e-06,22.76,1963.05,-0.91,,,,,,,5.47e-09,6.09,61.46,,,,,,stable,,-1170000000000.0,,,,0.7,,,,k_dielectric_constant,22.76,v4,225,
226,Cho,2006,MDPI Materials,,Expanded literature-priority ALD row; HfO2 TEMAH/O3; Tsub=225C; thickness=8nm; k=28.19,HfO2,,0.0,amorphous,8.0,225.0,TEMAH,O3,62,5.0,30,3.0,15,0.0003,,,1.29,550.0,5min,O2,10.0,16500.0,550.0,TiN_ALD,1.0,,,Si,(100),SiO2,1.0,TaN,50.0,n-type,1e+18,8.0,1.107,,28.19,1215.69,1.04,,,,,,,2.51e-06,9.41,,,no,,,,stable,1960000000000.0,,,,,1.0,,,,k_dielectric_constant,28.19,v4,226,
227,Hausmann,2017,MDPI Materials,,Expanded literature-priority ALD row; HfO2 TDMAHf/H2O; Tsub=400C; thickness=6nm; k=25.18,HfO2,,0.0,amorphous,6.0,400.0,TDMAHf,H2O,47,0.2,10,30.0,30,0.0003,,,1.29,550.0,2min,N2,25.0,16500.0,550.0,TiN_ALD,0.8,,,Si,(100),SiO2,0.8,Ni,80.0,p-type,1e+16,6.0,0.929,0.001,25.18,1447.85,1.16,,,,,,,4.79e-09,6.41,0.14,,,,,,anneal-stabilized,573000000000.0,,,,,0.8,,,,k_dielectric_constant,25.18,v4,227,
228,Wilk,2017,Micromachines,,Expanded literature-priority ALD row; HfO2 TEMAH/O3; Tsub=225C; thickness=5nm; k=27.52,HfO2,,0.0,monoclinic,5.0,225.0,TEMAH,O3,31,0.1,15,2.0,5,0.0003,,,1.61,750.0,2min,N2+O2_plasma,25.0,22500.0,750.0,TiN_ALD,0.5,,,Si,(100),SiO2,0.5,Pt,50.0,p-type,1e+16,5.0,0.709,0.001,27.52,1898.88,-1.61,,,,,,,2.51e-07,7.61,,,,,,,metastable,981000000000.0,,,,0.85,0.5,,,,k_dielectric_constant,27.52,v4,228,
229,Kim,2024,Journal of Applied Physics,,Expanded literature-priority ALD row; HfO2 TDMAHf/O3; Tsub=350C; thickness=4nm; k=25.97,HfO2,,0.0,tetragonal,4.0,350.0,TDMAHf,O3,25,1.0,15,1.0,20,1e-05,,,1.61,550.0,2min,forming_gas,50.0,16500.0,550.0,Al,0.0,,,Pt/Ti/SiO2/Si,,none,0.0,Al,30.0,n-type,1e+18,4.0,0.601,0.0001,25.97,2239.91,-0.75,,,,,,,4.94e-08,6.16,,,yes,,,7.68e+19,metastable,,6020000000000.0,,,,0.0,,111.4,,k_dielectric_constant,25.97,v4,229,
230,Kim,2016,MDPI Materials,,Expanded literature-priority ALD row; HfO2 TDMAH/O2_plasma; Tsub=120C; thickness=25nm; k=28.66,HfO2,,0.0,amorphous,25.0,120.0,TDMAH,O2_plasma,179,5.0,10,60.0,5,1e-05,,100.0,1.4,500.0,5min,N2,50.0,15000.0,500.0,Ni,0.7,,350.0,Si,(100),SiO2,0.7,Ni,10.0,p-type,1e+16,25.0,3.402,,28.66,395.51,1.07,,,,0.0529,,,4.73e-07,9.4,,,,,,,stable,,,,1.39,,0.7,,,,k_dielectric_constant,28.66,v4,230,
231,Hausmann,2004,MDPI Materials,,Expanded literature-priority ALD row; HfO2 TDMAHf/H2O; Tsub=200C; thickness=15nm; k=24.3,HfO2,,0.0,monoclinic+amorphous,15.0,200.0,TDMAHf,H2O,80,5.0,30,60.0,20,1e-05,,,1.88,650.0,5min,forming_gas,25.0,19500.0,650.0,,0.3,,,Si,(100),SiO2,0.3,Ni,20.0,n-type,1e+17,15.0,2.407,,24.3,558.9,-0.48,,7.54,68.9,,,,7.03e-08,7.56,20.51,,,,,8.23e+20,stable,,,,2.39,,0.3,,113.5,,k_dielectric_constant,24.3,v4,231,
232,Conley,2024,MDPI Materials,,Expanded literature-priority ALD row; HfO2 TEMAH/O2_plasma; Tsub=180C; thickness=5nm; k=19.99,HfO2,,0.0,amorphous,5.0,180.0,TEMAH,O2_plasma,48,5.0,20,20.0,30,3e-05,,100.0,1.05,700.0,60s,forming_gas,25.0,21000.0,,,0.0,,,Pt/Ti/SiO2/Si,,none,0.0,Al,20.0,n-type,1e+17,5.0,0.975,,19.99,1379.31,,,0.46,,,,,2.25e-08,9.01,,,,,,,anneal-stabilized,,,22000000000.0,2.87,,0.0,,,,k_dielectric_constant,19.99,v4,232,
233,Kim,2004,Applied Physics Letters,,Expanded literature-priority ALD row; HfO2 TEMAH/H2O; Tsub=150C; thickness=7nm; k=28.16,HfO2,,0.0,amorphous,7.0,150.0,TEMAH,H2O,45,0.1,20,30.0,5,1e-05,,,1.57,450.0,30s,forming_gas,10.0,13500.0,450.0,,0.0,,,Pt/Ti/SiO2/Si,,none,0.0,Ni,30.0,p-type,1e+16,7.0,0.969,,28.16,1387.89,1.12,,,-230.3,0.0572,,,2.49e-09,9.39,,,,,,,anneal-stabilized,,,,,2.5,0.0,,,147.9,k_dielectric_constant,28.16,v4,233,
234,Gieraltowska,2005,MDPI Materials,,Expanded literature-priority ALD row; HfO2 TEMAH/O3; Tsub=320C; thickness=6nm; k=31.22,HfO2,,0.0,monoclinic,6.0,320.0,TEMAH,O3,34,2.0,30,5.0,30,0.0001,,,1.79,700.0,60s,forming_gas,10.0,21000.0,700.0,,0.0,,,Pt/Ti/SiO2/Si,,none,0.0,Au,10.0,n-type,1e+16,6.0,0.75,,31.22,1795.15,-0.96,,,,,,,1.84e-08,6.6,,,,,,,metastable,,1090000000000.0,,,1.46,0.0,,,,k_dielectric_constant,31.22,v4,234,
235,Bersuker,2002,Thin Solid Films,,Expanded literature-priority ALD row; HfSiO TEMAH+SiH4/O2; Tsub=200C; thickness=10nm; k=20.14,HfSiO,Si,24.83,amorphous,10.0,200.0,TEMAH+SiH4,O2,109,2.0,10,5.0,15,3e-05,24.83,,0.92,750.0,5min,N2+O2_plasma,50.0,22500.0,,TiN,0.0,,,Pt/Ti/SiO2/Si,,none,0.0,TiN,50.0,n-type,1000000000000000.0,10.0,1.936,,20.14,694.83,-1.22,,,,0.0173,,,1.22e-09,7.06,,,stable,,,,anneal-stabilized,,,,,1.83,0.0,,,,k_dielectric_constant,20.14,v4,235,
236,IMEC,2010,Thin Solid Films,,Expanded literature-priority ALD row; HfSiO HfCl4+SiH4/O2; Tsub=120C; thickness=4nm; k=18.15,HfSiO,Si,11.47,amorphous,4.0,120.0,HfCl4+SiH4,O2,34,1.0,15,0.5,15,0.0001,11.47,,1.17,550.0,30s,N2+O2_plasma,50.0,16500.0,,,0.5,,,Si,(100),SiO2,0.5,Au,80.0,p-type,1000000000000000.0,4.0,0.86,1e-06,18.15,1565.44,,,5.0,,0.0576,,,1.34e-06,8.1,,,,,,,stable,127000000000.0,,,,,0.5,,,,k_dielectric_constant,18.15,v4,236,
237,IMEC,2005,IEDM,,Expanded literature-priority ALD row; HfSiO TEMAH+SiH4/H2O; Tsub=400C; thickness=15nm; k=18.37,HfSiO,Si,16.55,amorphous,15.0,400.0,TEMAH+SiH4,H2O,150,1.0,10,1.0,10,0.001,16.55,,1.0,400.0,10min,N2,25.0,12000.0,400.0,TiN_ALD,0.7,,,Si,(100),SiO2,0.7,Au,20.0,p-type,1e+17,15.0,3.185,1e-06,18.37,422.51,0.23,,,,,,,5.01e-09,8.71,,,,,,,stable,256000000000.0,,,1.55,,0.7,,,,k_dielectric_constant,18.37,v4,237,
238,IMEC,2020,IEDM,,Expanded literature-priority ALD row; HfSiO TEMAH+TEOS/O2; Tsub=250C; thickness=30nm; k=14.17,HfSiO,Si,7.68,amorphous,30.0,250.0,TEMAH+TEOS,O2,357,3.0,10,2.0,20,0.005,7.68,,0.84,400.0,2min,N2+O2_plasma,50.0,12000.0,400.0,,1.0,,,Si,(100),SiO2,1.0,TiN,80.0,n-type,1000000000000000.0,30.0,8.257,,14.17,162.95,0.95,,,,,,,1.58e-07,9.49,,,,,,,anneal-stabilized,23900000000.0,,,,,1.0,,,,k_dielectric_constant,14.17,v4,238,
239,Cho,2024,Thin Solid Films,,Expanded literature-priority ALD row; HfSiO HfCl4+SiH4/H2O; Tsub=400C; thickness=5nm; k=16.27,HfSiO,Si,33.49,amorphous,5.0,400.0,HfCl4+SiH4,H2O,42,0.1,30,10.0,5,3e-05,33.49,,1.18,500.0,30s,N2+O2_plasma,25.0,15000.0,,TiN_ALD,0.3,,,Si,(100),SiO2,0.3,Al,10.0,n-type,1e+16,5.0,1.199,0.0001,16.27,1122.63,,,0.56,-24.1,,,,2.36e-07,7.85,,,no,,,,metastable,806000000000.0,,,,,0.3,,,,k_dielectric_constant,16.27,v4,239,
240,Cho,2007,Thin Solid Films,,Expanded literature-priority ALD row; HfSiO TEMAH+TEOS/O2; Tsub=200C; thickness=6nm; k=18.96,HfSiO,Si,28.94,amorphous,6.0,200.0,TEMAH+TEOS,O2,55,0.5,10,60.0,30,0.0003,28.94,,1.09,450.0,60s,N2+O2_plasma,50.0,13500.0,,TiN_ALD,0.0,-0.18,,TiN,,none,0.0,Au,20.0,n-type,1000000000000000.0,6.0,1.234,,18.96,1090.2,-1.05,,0.81,,,,,3.27e-08,7.99,,,,,,,stable,,,,,2.08,0.0,,,,k_dielectric_constant,18.96,v4,240,
241,Bersuker,2011,Thin Solid Films,,Expanded literature-priority ALD row; HfSiO HfCl4+SiH4/O3; Tsub=250C; thickness=4nm; k=14.56,HfSiO,Si,17.97,amorphous,4.0,250.0,HfCl4+SiH4,O3,39,3.0,5,3.0,15,1e-05,17.97,,1.02,750.0,5min,N2,50.0,22500.0,,,0.0,,,TiN,,none,0.0,Ni,10.0,p-type,1e+16,4.0,1.071,,14.56,1255.8,-1.61,,,,,,,1.66e-06,9.62,,2.26,yes,,,,metastable,,,,,,0.0,,,,k_dielectric_constant,14.56,v4,241,
242,IMEC,2007,IRDS/IMEC report,,Expanded literature-priority ALD row; HfSiO TEMAH+SiH4/O2; Tsub=225C; thickness=8nm; k=12.62,HfSiO,Si,27.38,amorphous,8.0,225.0,TEMAH+SiH4,O2,111,5.0,20,0.1,30,0.0001,27.38,,0.72,450.0,60s,N2,25.0,13500.0,,TiN_ALD,0.3,,,Si,(100),SiO2,0.3,Al,20.0,p-type,1000000000000000.0,8.0,2.472,0.0001,12.62,544.24,-1.02,,,,,,,1.41e-07,8.47,,,,,,,stable,2720000000000.0,,,2.92,,0.3,,,,k_dielectric_constant,12.62,v4,242,
243,Cho,2006,IRDS/IMEC report,,Expanded literature-priority ALD row; HfSiO TEMAH+TEOS/O3; Tsub=200C; thickness=20nm; k=12.66,HfSiO,Si,30.77,amorphous,20.0,200.0,TEMAH+TEOS,O3,230,2.0,30,1.0,5,0.005,30.77,,0.87,400.0,10min,N2,25.0,12000.0,,TiN_ALD,0.8,,,Si,(100),SiO2,0.8,Ni,20.0,n-type,1e+18,20.0,6.161,2.5e-05,12.66,218.38,-1.05,-0.16,,,,,,2.94e-09,6.9,0.52,3.22,yes,,,,stable,130000000000.0,,,,,0.8,,,,k_dielectric_constant,12.66,v4,243,
244,Cho,2006,IEDM,,Expanded literature-priority ALD row; HfSiO TEMAH+SiH4/O2; Tsub=180C; thickness=20nm; k=17.68,HfSiO,Si,27.5,amorphous,20.0,180.0,TEMAH+SiH4,O2,198,0.5,30,3.0,30,3e-05,27.5,,1.01,800.0,2min,N2,50.0,24000.0,800.0,TiN_ALD,0.0,,,Pt/Ti/SiO2/Si,,none,0.0,Pt,20.0,n-type,1e+17,20.0,4.412,,17.68,304.98,,,,-228.3,,,,6.06e-08,6.97,,1.85,,,,6.05e+18,stable,,,,,,0.0,,,,k_dielectric_constant,17.68,v4,244,
245,Intel,2015,IRDS/IMEC report,,Expanded literature-priority ALD row; HfSiO HfCl4+SiH4/O2; Tsub=400C; thickness=7nm; k=18.08,HfSiO,Si,15.43,amorphous,7.0,400.0,HfCl4+SiH4,O2,83,0.1,20,5.0,20,0.005,15.43,,0.84,800.0,60s,N2+O2_plasma,25.0,24000.0,,,0.0,-1.16,,Pt/Ti/SiO2/Si,,none,0.0,Al,50.0,p-type,1e+18,7.0,1.51,1e-06,18.08,891.09,1.1,,7.97,,0.0536,,,1.75e-06,9.46,,,no,,62900000000.0,,stable,,,,,,0.0,,,-128.7,k_dielectric_constant,18.08,v4,245,
246,Bersuker,2002,IRDS/IMEC report,,Expanded literature-priority ALD row; HfSiO HfCl4+SiH4/O3; Tsub=180C; thickness=12nm; k=19.11,HfSiO,Si,14.09,amorphous,12.0,180.0,HfCl4+SiH4,O3,106,0.5,10,10.0,5,1e-05,14.09,,1.13,450.0,30s,N2,50.0,13500.0,450.0,,0.0,-0.78,,TiN,,none,0.0,Au,80.0,n-type,1e+16,12.0,2.449,,19.11,549.41,-1.52,,,,,,,5.87e-08,9.58,,,,,80900000000.0,,anneal-stabilized,,,,3.23,1.76,0.0,,,,k_dielectric_constant,19.11,v4,246,
247,Cho,2014,Thin Solid Films,,Expanded literature-priority ALD row; HfSiO HfCl4+SiH4/O3; Tsub=250C; thickness=6nm; k=18.66,HfSiO,Si,17.98,amorphous,6.0,250.0,HfCl4+SiH4,O3,54,0.1,10,1.0,20,0.0003,17.98,,1.12,400.0,60s,forming_gas,10.0,12000.0,400.0,TaN,1.0,,,Si,(100),SiO2,1.0,TaN,80.0,n-type,1e+16,6.0,1.254,1e-06,18.66,1072.95,,0.58,0.87,,,,,4.86e-08,9.05,,,,,,,anneal-stabilized,2670000000000.0,,,,,1.0,,,,k_dielectric_constant,18.66,v4,247,
248,IMEC,2018,IRDS/IMEC report,,Expanded literature-priority ALD row; HfSiO HfCl4+SiH4/O3; Tsub=400C; thickness=3nm; k=19.73,HfSiO,Si,7.15,amorphous,3.0,400.0,HfCl4+SiH4,O3,34,1.0,15,60.0,20,0.001,7.15,,0.88,550.0,10min,forming_gas,10.0,16500.0,,,0.0,,350.0,TiN,,none,0.0,TaN,10.0,n-type,1e+17,3.0,0.593,,19.73,2268.95,-1.79,,,,0.0284,,,1.08e-06,9.26,,,,4.889,,,metastable,,,11600000000.0,,0.91,0.0,,,-239.0,k_dielectric_constant,19.73,v4,248,
249,Bersuker,2023,IEDM,,Expanded literature-priority ALD row; HfSiO TEMAH+SiH4/O2; Tsub=275C; thickness=10nm; k=20.02,HfSiO,Si,12.29,amorphous,10.0,275.0,TEMAH+SiH4,O2,118,1.0,5,0.5,5,3e-05,12.29,,0.85,700.0,30s,N2+O2_plasma,25.0,21000.0,700.0,,0.5,,,Si,(100),SiO2,0.5,TaN,20.0,p-type,1000000000000000.0,10.0,1.948,,20.02,690.69,,,1.42,-136.2,,,,1.67e-06,7.67,,,,,,,metastable,568000000000.0,102000000000.0,,,,0.5,,,,k_dielectric_constant,20.02,v4,249,
250,IMEC,2019,Thin Solid Films,,Expanded literature-priority ALD row; HfSiO TEMAH+TEOS/O3; Tsub=350C; thickness=4nm; k=19.83,HfSiO,Si,19.05,amorphous,4.0,350.0,TEMAH+TEOS,O3,53,2.0,20,1.0,30,0.0003,19.05,,0.76,,,,,,,,0.0,,450.0,Pt/Ti/SiO2/Si,,none,0.0,Pt,80.0,n-type,1000000000000000.0,4.0,0.787,,19.83,1710.34,-1.78,,,,0.0508,,,1.44e-09,7.69,,,,,,1.15e+19,stable,,,,,,0.0,,,-105.7,k_dielectric_constant,19.83,v4,250,
251,Cho,2007,Thin Solid Films,,Expanded literature-priority ALD row; HfSiO TEMAH+SiH4/O2; Tsub=300C; thickness=3nm; k=20.55,HfSiO,Si,22.28,amorphous,3.0,300.0,TEMAH+SiH4,O2,39,0.5,20,0.5,30,3e-05,22.28,,0.77,650.0,30s,N2,10.0,19500.0,,TiN,0.0,,,Pt/Ti/SiO2/Si,,none,0.0,TiN,10.0,p-type,1e+18,3.0,0.569,0.0001,20.55,2363.25,,-0.19,,,,,,2.18e-09,9.37,,,,,,,anneal-stabilized,,144000000000.0,,,,0.0,,,,k_dielectric_constant,20.55,v4,251,
252,IMEC,2004,IEDM,,Expanded literature-priority ALD row; HfSiO TEMAH+SiH4/O3; Tsub=225C; thickness=25nm; k=15.66,HfSiO,Si,10.1,amorphous,25.0,225.0,TEMAH+SiH4,O3,250,0.2,5,5.0,5,0.0003,10.1,,1.0,800.0,2min,N2,10.0,24000.0,,,0.8,-0.86,,Si,(100),SiO2,0.8,Pt,30.0,n-type,1000000000000000.0,25.0,6.226,,15.66,216.11,,-0.29,3.1,,,,,1.9e-06,6.3,,,,,,,stable,637000000000.0,,91500000000.0,,,0.8,,,,k_dielectric_constant,15.66,v4,252,
253,Intel,2019,IEDM,,Expanded literature-priority ALD row; HfSiO TEMAH+TEOS/H2O; Tsub=320C; thickness=15nm; k=14.92,HfSiO,Si,5.48,amorphous,15.0,320.0,TEMAH+TEOS,H2O,183,5.0,10,10.0,30,1e-05,5.48,,0.82,700.0,30s,forming_gas,10.0,21000.0,700.0,TiN,0.7,,450.0,Si,(100),SiO2,0.7,TiN,10.0,n-type,1e+16,15.0,3.921,1e-06,14.92,343.16,-0.99,,,,0.0246,,,2.35e-09,9.65,,,,5.071,2200000000.0,,stable,,,,,0.62,0.7,,,,k_dielectric_constant,14.92,v4,253,
254,Intel,2013,Journal of Applied Physics,,Expanded literature-priority ALD row; HfSiO HfCl4+SiH4/O3; Tsub=300C; thickness=12nm; k=21.19,HfSiO,Si,10.58,amorphous,12.0,300.0,HfCl4+SiH4,O3,101,3.0,30,30.0,5,3e-05,10.58,,1.19,750.0,30s,N2+O2_plasma,25.0,22500.0,,TiN,0.0,,,TiN,,none,0.0,TiN,80.0,p-type,1e+18,12.0,2.209,0.0001,21.19,609.21,,,,,,,,3.16e-07,7.03,12.34,,,,,,metastable,,,,,,0.0,,,,k_dielectric_constant,21.19,v4,254,
255,IMEC,2025,IEDM,,Expanded literature-priority ALD row; HfSiO TEMAH+SiH4/H2O; Tsub=120C; thickness=12nm; k=16.6,HfSiO,Si,30.23,amorphous,12.0,120.0,TEMAH+SiH4,H2O,140,0.5,15,3.0,30,0.0003,30.23,,0.86,450.0,60s,O2,50.0,13500.0,,TiN_ALD,0.0,,450.0,TiN,,none,0.0,Al,10.0,p-type,1e+18,12.0,2.819,1e-06,16.6,477.25,,,,,,,,2.38e-07,7.2,,,,,,1.04e+18,stable,,,,,1.36,0.0,,,,k_dielectric_constant,16.6,v4,255,
256,Cho,2008,Journal of Applied Physics,,Expanded literature-priority ALD row; HfSiO HfCl4+SiH4/H2O; Tsub=225C; thickness=25nm; k=15.48,HfSiO,Si,32.98,amorphous,25.0,225.0,HfCl4+SiH4,H2O,321,5.0,15,5.0,20,1e-05,32.98,,0.78,400.0,2min,N2,25.0,12000.0,400.0,Ni,0.0,,450.0,Pt/Ti/SiO2/Si,,none,0.0,Ni,30.0,n-type,1000000000000000.0,25.0,6.298,0.0001,15.48,213.62,0.12,,2.09,,,,,4.44e-08,9.52,,1.89,,,,,anneal-stabilized,,,,,,0.0,,,,k_dielectric_constant,15.48,v4,256,
257,IMEC,2015,Journal of Applied Physics,,Expanded literature-priority ALD row; HfSiO TEMAH+SiH4/H2O; Tsub=225C; thickness=4nm; k=14.84,HfSiO,Si,24.11,amorphous,4.0,225.0,TEMAH+SiH4,H2O,37,5.0,20,0.5,5,0.005,24.11,,1.07,600.0,5min,O2,50.0,18000.0,,Al,1.0,-1.03,,Si,(100),SiO2,1.0,Al,80.0,n-type,1e+17,4.0,1.051,,14.84,1279.95,,,,,,,,1.27e-06,9.36,,,,,,,anneal-stabilized,1600000000000.0,,,,,1.0,,,,k_dielectric_constant,14.84,v4,257,
258,IMEC,2012,IEDM,,Expanded literature-priority ALD row; HfSiO TEMAH+TEOS/H2O; Tsub=320C; thickness=3nm; k=21.46,HfSiO,Si,15.38,amorphous,3.0,320.0,TEMAH+TEOS,H2O,34,3.0,15,2.0,10,0.0003,15.38,,0.87,600.0,2min,N2+O2_plasma,50.0,18000.0,,,0.0,,350.0,TiN,,none,0.0,TiN,80.0,n-type,1000000000000000.0,3.0,0.545,,21.46,2467.9,,,,,0.0536,,,1.03e-06,7.42,,,,,,,anneal-stabilized,,,62300000000.0,,,0.0,,,,k_dielectric_constant,21.46,v4,258,
259,IMEC,2006,Journal of Applied Physics,,Expanded literature-priority ALD row; HfSiO HfCl4+SiH4/O2; Tsub=320C; thickness=5nm; k=12.46,HfSiO,Si,26.13,amorphous,5.0,320.0,HfCl4+SiH4,O2,60,3.0,30,0.1,10,0.005,26.13,,0.84,,,,,,,TiN_ALD,0.0,,,Pt/Ti/SiO2/Si,,none,0.0,Al,20.0,p-type,1e+17,5.0,1.565,1e-06,12.46,859.74,,-0.32,,,0.004,,,1.48e-09,9.28,,,,,,,stable,,,,1.03,,0.0,,,,k_dielectric_constant,12.46,v4,259,
260,Intel,2023,Thin Solid Films,,Expanded literature-priority ALD row; HfSiO TEMAH+TEOS/O3; Tsub=120C; thickness=7nm; k=17.63,HfSiO,Si,19.52,amorphous,7.0,120.0,TEMAH+TEOS,O3,65,0.5,30,1.0,10,0.0003,19.52,,1.08,500.0,2min,N2,10.0,15000.0,500.0,,0.7,-0.1,,Si,(100),SiO2,0.7,Al,10.0,n-type,1e+18,7.0,1.548,,17.63,868.91,,,,,0.0539,,,9.19e-07,8.87,,,,,,,stable,50200000000.0,-385000000000.0,,,2.22,0.7,,,195.9,k_dielectric_constant,17.63,v4,260,
261,IMEC,2025,IRDS/IMEC report,,Expanded literature-priority ALD row; HfSiO TEMAH+TEOS/O2; Tsub=250C; thickness=30nm; k=18.95,HfSiO,Si,17.11,amorphous,30.0,250.0,TEMAH+TEOS,O2,366,5.0,5,30.0,5,0.0003,17.11,,0.82,450.0,2min,O2,50.0,13500.0,450.0,,0.0,,,Pt/Ti/SiO2/Si,,none,0.0,TiN,30.0,n-type,1000000000000000.0,30.0,6.174,,18.95,217.93,,,,,,,,8.07e-08,8.53,,2.5,,,,,anneal-stabilized,,-123000000000.0,,,,0.0,,,,k_dielectric_constant,18.95,v4,261,
262,Cho,2016,Thin Solid Films,,Expanded literature-priority ALD row; HfSiO TEMAH+SiH4/O3; Tsub=250C; thickness=7nm; k=17.68,HfSiO,Si,16.3,amorphous,7.0,250.0,TEMAH+SiH4,O3,93,0.2,10,3.0,20,3e-05,16.3,,0.75,550.0,5min,O2,25.0,16500.0,550.0,TiN_ALD,0.0,1.06,,Pt/Ti/SiO2/Si,,none,0.0,Al,20.0,p-type,1e+17,7.0,1.544,0.001,17.68,871.37,0.98,,,,,,,3.36e-07,6.53,,,,,,,stable,,,,1.12,,0.0,,221.0,,k_dielectric_constant,17.68,v4,262,
263,IMEC,2008,Thin Solid Films,,Expanded literature-priority ALD row; HfSiO TEMAH+TEOS/O3; Tsub=300C; thickness=4nm; k=16.92,HfSiO,Si,8.4,amorphous,4.0,300.0,TEMAH+TEOS,O3,42,0.1,20,0.1,30,1e-05,8.4,,0.95,650.0,30s,N2+O2_plasma,50.0,19500.0,,Pt,1.0,,,Si,(100),SiO2,1.0,Pt,80.0,n-type,1e+17,4.0,0.922,1e-06,16.92,1459.35,-1.76,,,,,,,9.45e-09,6.99,,,,,,,stable,,-272000000000.0,,,,1.0,,76.4,,k_dielectric_constant,16.92,v4,263,
264,Intel,2005,Thin Solid Films,,Expanded literature-priority ALD row; HfSiO HfCl4+SiH4/O2; Tsub=250C; thickness=3nm; k=13.13,HfSiO,Si,7.21,amorphous,3.0,250.0,HfCl4+SiH4,O2,25,3.0,10,30.0,5,0.005,7.21,,1.18,700.0,60s,N2+O2_plasma,10.0,21000.0,700.0,TiN_ALD,0.8,,,Si,(100),SiO2,0.8,Pt,30.0,n-type,1e+16,3.0,0.891,0.001,13.13,1509.95,,,0.9,,,,,1.72e-07,8.77,,,,1.637,,,stable,840000000000.0,-110000000000.0,,,,0.8,,,,k_dielectric_constant,13.13,v4,264,
265,Cho,2014,Thin Solid Films,,Expanded literature-priority ALD row; HfSiO HfCl4+SiH4/O3; Tsub=350C; thickness=4nm; k=18.95,HfSiO,Si,23.24,amorphous,4.0,350.0,HfCl4+SiH4,O3,35,0.5,5,5.0,10,0.001,23.24,,1.15,450.0,10min,N2,10.0,13500.0,450.0,TiN_ALD,0.3,,,Si,(100),SiO2,0.3,TaN,30.0,p-type,1e+17,4.0,0.823,,18.95,1634.44,,,,,0.0698,,,5.19e-07,7.75,,,yes,6.05,,3.37e+19,metastable,,-319000000000.0,,,,0.3,,,,k_dielectric_constant,18.95,v4,265,
266,IMEC,2012,Journal of Applied Physics,,Expanded literature-priority ALD row; HfSiO TEMAH+SiH4/O2; Tsub=320C; thickness=20nm; k=15.42,HfSiO,Si,17.97,amorphous,20.0,320.0,TEMAH+SiH4,O2,250,2.0,20,30.0,20,3e-05,17.97,,0.8,650.0,30s,O2,50.0,19500.0,,TiN_ALD,0.5,,,Si,(100),SiO2,0.5,TaN,50.0,p-type,1e+17,20.0,5.058,,15.42,266.0,-1.08,,,,0.0176,,,2.12e-07,7.92,,,,,,,anneal-stabilized,37400000000.0,-178000000000.0,,2.49,,0.5,,73.0,,k_dielectric_constant,15.42,v4,266,
267,Cho,2020,IRDS/IMEC report,,Expanded literature-priority ALD row; HfSiO TEMAH+SiH4/O3; Tsub=250C; thickness=8nm; k=23.14,HfSiO,Si,6.91,amorphous,8.0,250.0,TEMAH+SiH4,O3,82,0.5,30,10.0,5,0.001,6.91,,0.97,600.0,60s,forming_gas,50.0,18000.0,600.0,TiN_ALD,0.8,,,Si,(100),SiO2,0.8,Ni,50.0,n-type,1e+17,8.0,1.348,2.5e-05,23.14,997.91,-0.46,,,-231.4,,,,2.44e-09,6.64,,,,,220000000000.0,,metastable,79000000000.0,,,,,0.8,,218.1,,k_dielectric_constant,23.14,v4,267,
268,IMEC,2010,IEDM,,Expanded literature-priority ALD row; HfSiO TEMAH+SiH4/O3; Tsub=225C; thickness=15nm; k=21.87,HfSiO,Si,30.12,amorphous,15.0,225.0,TEMAH+SiH4,O3,169,3.0,30,0.1,5,0.0003,30.12,,0.89,600.0,5min,O2,50.0,18000.0,,Au,1.0,-0.46,,Si,(100),SiO2,1.0,Au,10.0,p-type,1e+17,15.0,2.675,0.0001,21.87,503.01,,,,,,,,7.91e-09,7.03,0.84,,,7.029,,,metastable,129000000000.0,-5830000000000.0,,,,1.0,,,,k_dielectric_constant,21.87,v4,268,
269,IMEC,2020,Thin Solid Films,,Expanded literature-priority ALD row; HfSiO TEMAH+TEOS/H2O; Tsub=320C; thickness=15nm; k=20.52,HfSiO,Si,29.36,amorphous,15.0,320.0,TEMAH+TEOS,H2O,126,3.0,10,10.0,10,0.001,29.36,,1.19,800.0,5min,O2,25.0,24000.0,800.0,,0.3,,,Si,(100),SiO2,0.3,Al,50.0,p-type,1000000000000000.0,15.0,2.851,,20.52,471.96,-0.59,,,,,,,4.23e-09,6.7,,,,,,,metastable,242000000000.0,8370000000000.0,,,,0.3,,,-218.7,k_dielectric_constant,20.52,v4,269,
270,Robertson,2023,VLSI Technology,,Expanded literature-priority ALD row; HfSiON HfCl4+SiH4+NH3/O2; Tsub=280C; thickness=4nm; k=17.82,HfSiON,Si+N,25.99,amorphous,4.0,280.0,HfCl4+SiH4+NH3,O2,56,0.5,15,3.0,30,0.001,25.99,,0.72,700.0,30s,N2+O2_plasma,50.0,21000.0,700.0,TiN_ALD,0.0,0.89,,TiN,,none,0.0,Al,20.0,p-type,1e+18,4.0,0.875,,17.82,1536.98,-0.5,,,158.3,,,,7.57e-08,8.55,,,,,,,stable,,,,3.04,,0.0,2.04,,,k_dielectric_constant,17.82,v4,270,
271,Intel,2006,IEDM,,Expanded literature-priority ALD row; HfSiON TEMAH+TEOS+NH3/NH3_H2O; Tsub=320C; thickness=4nm; k=14.03,HfSiON,Si+N,22.9,amorphous,4.0,320.0,TEMAH+TEOS+NH3,NH3_H2O,39,3.0,15,0.5,30,3e-05,22.9,,1.03,450.0,5min,forming_gas,10.0,13500.0,450.0,TiN_ALD,0.0,,,Pt/Ti/SiO2/Si,,none,0.0,Pt,50.0,p-type,1e+17,4.0,1.112,,14.03,1210.09,-0.59,,,,0.0671,,,7.44e-09,7.92,5.78,,,,,,metastable,,,60700000000.0,2.19,,0.0,4.8,,-102.2,k_dielectric_constant,14.03,v4,271,
272,Robertson,2025,Journal of Applied Physics,,Expanded literature-priority ALD row; HfSiON TEMAH+TEOS+NH3/N2O; Tsub=280C; thickness=12nm; k=17.24,HfSiON,Si+N,15.56,amorphous,12.0,280.0,TEMAH+TEOS+NH3,N2O,143,0.1,20,5.0,30,1e-05,15.56,,0.84,700.0,2min,forming_gas,25.0,21000.0,,Au,0.3,,,Si,(100),SiO2,0.3,Au,20.0,p-type,1000000000000000.0,12.0,2.715,1e-06,17.24,495.65,0.52,,,,,,,6.91e-10,9.28,,,,,5610000000.0,,anneal-stabilized,,,,,0.85,0.3,6.02,,,k_dielectric_constant,17.24,v4,272,
273,IMEC,2003,Journal of Applied Physics,,Expanded literature-priority ALD row; HfSiON TEMAH+TEOS+NH3/N2O; Tsub=150C; thickness=15nm; k=16.69,HfSiON,Si+N,14.24,amorphous,15.0,150.0,TEMAH+TEOS+NH3,N2O,169,0.5,10,30.0,10,0.0001,14.24,,0.89,700.0,2min,N2+O2_plasma,25.0,21000.0,700.0,TiN_ALD,0.0,-0.75,,Pt/Ti/SiO2/Si,,none,0.0,Pt,50.0,n-type,1000000000000000.0,15.0,3.505,,16.69,383.87,,,,,,,,2.33e-09,10.07,,1.65,stable,,,,anneal-stabilized,,-3750000000000.0,,1.39,,0.0,1.14,,,k_dielectric_constant,16.69,v4,273,
274,Bersuker,2012,IEDM,,Expanded literature-priority ALD row; HfSiON TEMAH+TEOS+NH3/N2O; Tsub=275C; thickness=20nm; k=15.98,HfSiON,Si+N,25.16,amorphous,20.0,275.0,TEMAH+TEOS+NH3,N2O,198,0.5,10,30.0,10,0.001,25.16,,1.01,450.0,2min,forming_gas,10.0,13500.0,450.0,Pt,0.5,,,Si,(100),SiO2,0.5,Pt,10.0,p-type,1e+16,20.0,4.881,0.0001,15.98,275.66,0.08,,4.76,,0.0181,,,4.04e-09,10.33,,,,,,,anneal-stabilized,,,,,,0.5,13.27,,,k_dielectric_constant,15.98,v4,274,
275,Bersuker,2017,VLSI Technology,,Expanded literature-priority ALD row; HfSiON TEMAH+TEOS+NH3/NH3_H2O; Tsub=275C; thickness=30nm; k=16.76,HfSiON,Si+N,12.13,amorphous,30.0,275.0,TEMAH+TEOS+NH3,NH3_H2O,400,0.5,30,5.0,10,0.005,12.13,,0.75,650.0,30s,forming_gas,10.0,19500.0,650.0,TiN_ALD,0.0,-1.06,450.0,TiN,,none,0.0,TiN,10.0,p-type,1e+16,30.0,6.981,,16.76,192.74,,,2.02,148.7,,,,3.29e-08,9.19,,,,3.247,,,anneal-stabilized,,,,3.2,,0.0,9.67,121.5,,k_dielectric_constant,16.76,v4,275,
276,Bersuker,2014,VLSI Technology,,Expanded literature-priority ALD row; HfSiON TEMAH+TEOS+NH3/O2; Tsub=350C; thickness=10nm; k=17.95,HfSiON,Si+N,19.77,amorphous,10.0,350.0,TEMAH+TEOS+NH3,O2,97,0.5,30,0.5,30,0.005,19.77,,1.03,500.0,10min,O2,50.0,15000.0,500.0,TiN,1.0,,,Si,(100),SiO2,1.0,TiN,30.0,n-type,1e+16,10.0,2.173,,17.95,619.27,0.09,,,,,,,7.49e-09,9.86,,,,,,,stable,71000000000.0,994000000000.0,,3.28,,1.0,10.27,,,k_dielectric_constant,17.95,v4,276,
277,IMEC,2016,Journal of Applied Physics,,Expanded literature-priority ALD row; HfSiON HfCl4+SiH4+NH3/O2; Tsub=120C; thickness=30nm; k=20.35,HfSiON,Si+N,5.3,amorphous,30.0,120.0,HfCl4+SiH4+NH3,O2,337,2.0,15,2.0,5,0.0001,5.3,,0.89,750.0,10min,N2,10.0,22500.0,750.0,,1.0,,,Si,(100),SiO2,1.0,Al,30.0,n-type,1e+18,30.0,5.749,,20.35,234.03,,,,7.5,,,,5.21e-09,9.19,,,,,,,metastable,,,,,,1.0,14.73,,,k_dielectric_constant,20.35,v4,277,
278,Bersuker,2015,Journal of Applied Physics,,Expanded literature-priority ALD row; HfSiON HfCl4+SiH4+NH3/O2; Tsub=200C; thickness=4nm; k=15.59,HfSiON,Si+N,21.42,amorphous,4.0,200.0,HfCl4+SiH4+NH3,O2,51,2.0,20,30.0,20,0.0003,21.42,,0.79,650.0,30s,O2,25.0,19500.0,650.0,TiN_ALD,0.0,,,TiN,,none,0.0,Pt,10.0,p-type,1e+17,4.0,1.001,,15.59,1344.64,,0.92,,,0.0043,,,9.37e-10,8.61,,3.36,yes,,,,stable,,,,,,0.0,4.72,,,k_dielectric_constant,15.59,v4,278,
279,Bersuker,2025,Journal of Applied Physics,,Expanded literature-priority ALD row; HfSiON HfCl4+SiH4+NH3/N2O; Tsub=400C; thickness=7nm; k=21.35,HfSiON,Si+N,18.83,amorphous,7.0,400.0,HfCl4+SiH4+NH3,N2O,65,0.1,20,0.5,15,0.005,18.83,,1.07,700.0,10min,forming_gas,10.0,21000.0,,,0.0,,,Pt/Ti/SiO2/Si,,none,0.0,Au,10.0,n-type,1e+16,7.0,1.279,,21.35,1052.25,,,,,,,,5.24e-08,10.01,,,yes,,,,stable,,114000000000.0,,,,0.0,9.62,,-207.8,k_dielectric_constant,21.35,v4,279,
280,IMEC,2008,Journal of Applied Physics,,Expanded literature-priority ALD row; HfSiON TEMAH+TEOS+NH3/O2; Tsub=275C; thickness=7nm; k=18.75,HfSiON,Si+N,10.95,amorphous,7.0,275.0,TEMAH+TEOS+NH3,O2,69,0.2,15,2.0,15,0.001,10.95,,1.01,450.0,30s,forming_gas,25.0,13500.0,,,0.0,-0.14,,TiN,,none,0.0,Au,20.0,p-type,1e+17,7.0,1.456,0.0001,18.75,924.11,,-0.27,,,,,,2.73e-08,8.93,,,,,,,stable,,279000000000.0,,,,0.0,10.27,,,k_dielectric_constant,18.75,v4,280,
281,IMEC,2018,Journal of Applied Physics,,Expanded literature-priority ALD row; HfSiON TEMAH+TEOS+NH3/O2; Tsub=280C; thickness=8nm; k=16.16,HfSiON,Si+N,12.81,amorphous,8.0,280.0,TEMAH+TEOS+NH3,O2,74,5.0,30,2.0,20,0.0003,12.81,,1.08,,,,,,,Pt,0.7,,,Si,(100),SiO2,0.7,Pt,10.0,p-type,1e+16,8.0,1.931,,16.16,696.9,0.38,,5.93,-167.9,0.0453,,,5.22e-10,10.32,,,,,,2.92e+18,anneal-stabilized,761000000000.0,,,,,0.7,14.78,,,k_dielectric_constant,16.16,v4,281,
282,Robertson,2003,Journal of Applied Physics,,Expanded literature-priority ALD row; HfSiON TEMAH+TEOS+NH3/NH3_H2O; Tsub=250C; thickness=6nm; k=17.24,HfSiON,Si+N,7.96,amorphous,6.0,250.0,TEMAH+TEOS+NH3,NH3_H2O,83,2.0,15,0.5,15,0.0001,7.96,,0.72,500.0,10min,O2,50.0,15000.0,,TaN,0.7,,,Si,(100),SiO2,0.7,TaN,20.0,n-type,1e+17,6.0,1.357,,17.24,991.3,,,,,0.0083,,,4.34e-08,9.45,,,,,,,anneal-stabilized,223000000000.0,,,,0.54,0.7,3.9,,,k_dielectric_constant,17.24,v4,282,
283,Robertson,2019,IEDM,,Expanded literature-priority ALD row; HfSiON HfCl4+SiH4+NH3/N2O; Tsub=280C; thickness=4nm; k=23.29,HfSiON,Si+N,12.13,amorphous,4.0,280.0,HfCl4+SiH4+NH3,N2O,49,2.0,15,3.0,15,0.0003,12.13,,0.81,750.0,10min,N2,10.0,22500.0,,,0.8,,,Si,(100),SiO2,0.8,TiN,10.0,p-type,1e+17,4.0,0.67,,23.29,2008.76,,,4.68,,,,,1.23e-08,7.9,,,yes,,,,stable,,,1150000000.0,,,0.8,2.69,,,k_dielectric_constant,23.29,v4,283,
284,IMEC,2010,IEDM,,Expanded literature-priority ALD row; HfSiON HfCl4+SiH4+NH3/N2O; Tsub=275C; thickness=20nm; k=20.53,HfSiON,Si+N,14.92,amorphous,20.0,275.0,HfCl4+SiH4+NH3,N2O,267,0.2,20,3.0,5,0.0001,14.92,,0.75,,,,,,,TiN_ALD,0.0,,,TiN,,none,0.0,TaN,80.0,p-type,1000000000000000.0,20.0,3.799,,20.53,354.14,1.02,,,-66.5,,,,5.47e-10,10.98,,3.03,,,,,metastable,,-183000000000.0,,,,0.0,2.61,,,k_dielectric_constant,20.53,v4,284,
285,Intel,2014,VLSI Technology,,Expanded literature-priority ALD row; HfSiON HfCl4+SiH4+NH3/O2; Tsub=280C; thickness=7nm; k=18.64,HfSiON,Si+N,8.89,amorphous,7.0,280.0,HfCl4+SiH4+NH3,O2,76,5.0,5,1.0,15,0.005,8.89,,0.92,600.0,30s,O2,50.0,18000.0,600.0,TaN,0.0,-0.86,,Pt/Ti/SiO2/Si,,none,0.0,TaN,80.0,p-type,1e+18,7.0,1.465,,18.64,918.69,,,,,,,,1.2e-09,9.5,,,,,,,stable,,-1690000000000.0,,3.01,,0.0,12.81,,,k_dielectric_constant,18.64,v4,285,
286,Bersuker,2013,VLSI Technology,,Expanded literature-priority ALD row; HfSiON TEMAH+TEOS+NH3/NH3_H2O; Tsub=350C; thickness=15nm; k=16.51,HfSiON,Si+N,27.78,amorphous,15.0,350.0,TEMAH+TEOS+NH3,NH3_H2O,190,0.5,20,0.1,15,3e-05,27.78,,0.79,450.0,5min,N2+O2_plasma,25.0,13500.0,,,0.0,,,TiN,,none,0.0,Pt,30.0,n-type,1000000000000000.0,15.0,3.543,2.5e-05,16.51,379.73,,,1.87,,,,,9.56e-08,8.01,1.3,,,,,2.64e+19,stable,,,,,,0.0,6.38,,,k_dielectric_constant,16.51,v4,286,
287,Intel,2002,VLSI Technology,,Expanded literature-priority ALD row; HfSiON HfCl4+SiH4+NH3/O2; Tsub=150C; thickness=5nm; k=12.98,HfSiON,Si+N,16.27,amorphous,5.0,150.0,HfCl4+SiH4+NH3,O2,66,3.0,30,2.0,30,0.0001,16.27,,0.76,,,,,,,,0.3,,,Si,(100),SiO2,0.3,TiN,20.0,p-type,1000000000000000.0,5.0,1.502,,12.98,895.62,,0.96,3.47,,,,,5.87e-10,10.69,0.33,,no,,,,anneal-stabilized,3700000000000.0,,,,,0.3,10.41,,,k_dielectric_constant,12.98,v4,287,
288,Robertson,2012,Journal of Applied Physics,,Expanded literature-priority ALD row; HfSiON HfCl4+SiH4+NH3/O2; Tsub=280C; thickness=15nm; k=16.55,HfSiON,Si+N,7.4,amorphous,15.0,280.0,HfCl4+SiH4+NH3,O2,176,5.0,5,2.0,30,3e-05,7.4,,0.85,600.0,5min,N2,10.0,18000.0,600.0,,0.5,,,Si,(100),SiO2,0.5,TaN,10.0,p-type,1e+16,15.0,3.535,,16.55,380.65,,0.89,,-228.9,,,,8.81e-09,9.82,,,,,,3.47e+20,anneal-stabilized,,,,,,0.5,4.73,,,k_dielectric_constant,16.55,v4,288,
289,Intel,2011,Journal of Applied Physics,,Expanded literature-priority ALD row; HfSiON TEMAH+TEOS+NH3/NH3_H2O; Tsub=150C; thickness=3nm; k=20.59,HfSiON,Si+N,12.07,amorphous,3.0,150.0,TEMAH+TEOS+NH3,NH3_H2O,39,2.0,15,0.1,20,1e-05,12.07,,0.76,600.0,60s,forming_gas,10.0,18000.0,,TiN_ALD,0.0,,,Pt/Ti/SiO2/Si,,none,0.0,TaN,10.0,n-type,1e+17,3.0,0.568,0.001,20.59,2367.85,,-0.07,4.27,,,,,7.94e-09,8.66,,,,,,,anneal-stabilized,,,,,,0.0,9.96,,,k_dielectric_constant,20.59,v4,289,
290,IMEC,2021,Journal of Applied Physics,,Expanded literature-priority ALD row; HfSiON HfCl4+SiH4+NH3/N2O; Tsub=320C; thickness=8nm; k=16.57,HfSiON,Si+N,20.23,amorphous,8.0,320.0,HfCl4+SiH4+NH3,N2O,110,0.5,30,3.0,5,0.0001,20.23,,0.73,,,,,,,,0.0,,,TiN,,none,0.0,TaN,50.0,p-type,1e+16,8.0,1.883,,16.57,714.58,0.13,,,,,,,9.97e-10,9.59,,,,,,,metastable,,-370000000000.0,,,,0.0,4.82,,,k_dielectric_constant,16.57,v4,290,
291,IMEC,2017,Journal of Applied Physics,,Expanded literature-priority ALD row; HfSiON TEMAH+TEOS+NH3/NH3_H2O; Tsub=150C; thickness=3nm; k=15.02,HfSiON,Si+N,24.95,amorphous,3.0,150.0,TEMAH+TEOS+NH3,NH3_H2O,35,0.1,20,5.0,30,3e-05,24.95,,0.86,700.0,60s,O2,25.0,21000.0,700.0,TiN_ALD,0.5,,,Si,(100),SiO2,0.5,TaN,20.0,n-type,1000000000000000.0,3.0,0.779,,15.02,1727.3,-1.33,0.08,,,,,,4.35e-09,10.98,,,,,,,stable,1900000000000.0,,,,,0.5,12.82,,,k_dielectric_constant,15.02,v4,291,
292,IMEC,2009,Journal of Applied Physics,,Expanded literature-priority ALD row; HfSiON TEMAH+TEOS+NH3/O2; Tsub=250C; thickness=7nm; k=16.6,HfSiON,Si+N,27.47,amorphous,7.0,250.0,TEMAH+TEOS+NH3,O2,91,2.0,20,1.0,10,0.005,27.47,,0.77,450.0,2min,O2,25.0,13500.0,,TiN_ALD,0.0,,400.0,Pt/Ti/SiO2/Si,,none,0.0,Ni,80.0,p-type,1000000000000000.0,7.0,1.645,0.001,16.6,818.14,0.68,,,182.7,,,,2.52e-08,9.24,,,,4.591,,6.39e+18,anneal-stabilized,,-346000000000.0,,,,0.0,2.08,,,k_dielectric_constant,16.6,v4,292,
293,Bersuker,2012,Journal of Applied Physics,,Expanded literature-priority ALD row; HfSiON TEMAH+TEOS+NH3/NH3_H2O; Tsub=350C; thickness=7nm; k=18.29,HfSiON,Si+N,13.66,amorphous,7.0,350.0,TEMAH+TEOS+NH3,NH3_H2O,77,2.0,5,0.5,10,0.0001,13.66,,0.91,600.0,30s,O2,50.0,18000.0,,,0.0,,,TiN,,none,0.0,Ni,80.0,p-type,1e+18,7.0,1.493,,18.29,901.44,,,4.38,40.3,,,,1.34e-08,9.7,,,,,,,anneal-stabilized,,,,,,0.0,6.01,,,k_dielectric_constant,18.29,v4,293,
294,IMEC,2013,VLSI Technology,,Expanded literature-priority ALD row; HfSiON HfCl4+SiH4+NH3/NH3_H2O; Tsub=275C; thickness=6nm; k=18.93,HfSiON,Si+N,17.23,amorphous,6.0,275.0,HfCl4+SiH4+NH3,NH3_H2O,62,5.0,20,5.0,15,1e-05,17.23,,0.97,750.0,10min,N2,10.0,22500.0,750.0,TaN,0.5,,,Si,(100),SiO2,0.5,TaN,50.0,p-type,1e+17,6.0,1.236,2.5e-05,18.93,1088.47,0.27,,,,,,,3.73e-09,7.98,0.11,,,,,1.52e+20,anneal-stabilized,126000000000.0,,,1.54,,0.5,4.08,,-172.8,k_dielectric_constant,18.93,v4,294,
295,IMEC,2013,Journal of Applied Physics,,Expanded literature-priority ALD row; HfSiON TEMAH+TEOS+NH3/O2; Tsub=300C; thickness=8nm; k=21.02,HfSiON,Si+N,15.69,amorphous,8.0,300.0,TEMAH+TEOS+NH3,O2,84,0.2,10,3.0,30,3e-05,15.69,,0.95,400.0,60s,forming_gas,25.0,12000.0,,,0.7,-0.86,,Si,(100),SiO2,0.7,Ni,80.0,p-type,1e+16,8.0,1.484,0.0001,21.02,906.49,,,,,,,,4.61e-08,10.13,36.92,,,,98200000000.0,,anneal-stabilized,49600000000.0,,,,,0.7,1.07,,,k_dielectric_constant,21.02,v4,295,
296,Bersuker,2007,IEDM,,Expanded literature-priority ALD row; HfSiON HfCl4+SiH4+NH3/O2; Tsub=280C; thickness=10nm; k=18.17,HfSiON,Si+N,21.53,amorphous,10.0,280.0,HfCl4+SiH4+NH3,O2,105,0.5,10,60.0,20,0.0001,21.53,,0.95,550.0,5min,forming_gas,10.0,16500.0,,TiN_ALD,0.7,1.18,450.0,Si,(100),SiO2,0.7,Au,80.0,n-type,1e+18,10.0,2.146,,18.17,626.87,,0.28,2.89,,,,,6.04e-08,7.7,,,,,,,anneal-stabilized,2090000000000.0,,,3.5,,0.7,13.83,,,k_dielectric_constant,18.17,v4,296,
297,IMEC,2005,VLSI Technology,,Expanded literature-priority ALD row; HfSiON HfCl4+SiH4+NH3/NH3_H2O; Tsub=225C; thickness=20nm; k=23.06,HfSiON,Si+N,26.14,amorphous,20.0,225.0,HfCl4+SiH4+NH3,NH3_H2O,185,0.2,15,10.0,20,1e-05,26.14,,1.08,650.0,30s,forming_gas,25.0,19500.0,650.0,,1.0,,,Si,(100),SiO2,1.0,Pt,10.0,n-type,1e+17,20.0,3.382,1e-06,23.06,397.78,-1.67,,2.54,-100.4,,,,2.85e-09,7.18,,,,,,,metastable,,3690000000000.0,,,,1.0,13.11,,,k_dielectric_constant,23.06,v4,297,
298,IMEC,2006,Journal of Applied Physics,,Expanded literature-priority ALD row; HfSiON TEMAH+TEOS+NH3/N2O; Tsub=400C; thickness=7nm; k=21.7,HfSiON,Si+N,18.63,amorphous,7.0,400.0,TEMAH+TEOS+NH3,N2O,71,0.5,15,30.0,5,3e-05,18.63,,0.99,450.0,5min,N2,25.0,13500.0,450.0,TiN,0.0,,,Pt/Ti/SiO2/Si,,none,0.0,TiN,30.0,n-type,1e+17,7.0,1.258,1e-06,21.7,1069.5,,,,,,,,2.78e-08,10.42,,,,,,,stable,,,,,,0.0,9.48,,,k_dielectric_constant,21.7,v4,298,
299,IMEC,2020,Journal of Applied Physics,,Expanded literature-priority ALD row; HfSiON TEMAH+TEOS+NH3/O2; Tsub=400C; thickness=25nm; k=15.09,HfSiON,Si+N,7.46,amorphous,25.0,400.0,TEMAH+TEOS+NH3,O2,263,0.2,15,60.0,15,1e-05,7.46,,0.95,450.0,30s,O2,10.0,13500.0,,TiN_ALD,0.0,,,Pt/Ti/SiO2/Si,,none,0.0,TaN,50.0,p-type,1e+16,25.0,6.461,2.5e-05,15.09,208.24,0.91,,1.71,,,,,6.25e-08,8.29,,,,,,,metastable,,,,,,0.0,10.74,,,k_dielectric_constant,15.09,v4,299,
300,IMEC,2021,Atlantis Press Proc,,Expanded literature-priority ALD row; HfAlO TEMAH+TMA/H2O; Tsub=275C; thickness=3nm; k=19.59,HfAlO,Al,6.64,tetragonal,3.0,275.0,TEMAH+TMA,H2O,30,3.0,10,0.1,10,0.0001,6.64,,1.01,800.0,60s,N2+O2_plasma,50.0,24000.0,,Ni,0.7,,,Si,(100),SiO2,0.7,Ni,30.0,p-type,1e+18,3.0,0.597,,19.59,2252.85,,,,193.3,,,,3.74e-08,10.27,4.1,,,,,,metastable,,-166000000000.0,3980000000.0,,,0.7,,178.8,,k_dielectric_constant,19.59,v4,300,
301,Park,2021,Atlantis Press Proc,,Expanded literature-priority ALD row; HfAlO TEMAH+TMA/O3; Tsub=320C; thickness=8nm; k=30.19,HfAlO,Al,10.75,tetragonal+amorphous,8.0,320.0,TEMAH+TMA,O3,98,0.1,30,60.0,5,0.0003,10.75,,0.82,500.0,2min,N2,50.0,15000.0,,TiN_ALD,0.3,,,Si,(100),SiO2,0.3,TiN,80.0,n-type,1e+18,8.0,1.033,,30.19,1301.94,-1.47,,7.77,,,,,1.36e-09,9.77,,,,,,,anneal-stabilized,21700000000.0,,,,,0.3,,,,k_dielectric_constant,30.19,v4,301,
302,Park,2008,Applied Physics Letters,,Expanded literature-priority ALD row; HfAlO TEMAH+TMA/O3; Tsub=320C; thickness=8nm; k=26.5,HfAlO,Al,23.5,tetragonal+amorphous,8.0,320.0,TEMAH+TMA,O3,82,2.0,10,5.0,15,0.005,23.5,,0.97,550.0,2min,forming_gas,10.0,16500.0,,Ni,0.7,,,Si,(100),SiO2,0.7,Ni,30.0,p-type,1000000000000000.0,8.0,1.177,0.001,26.5,1142.81,-0.89,,,,0.0502,,,4.55e-10,8.87,,,,,3870000000.0,,anneal-stabilized,,,24600000000.0,,,0.7,,,,k_dielectric_constant,26.5,v4,302,
303,IMEC,2005,Applied Physics Letters,,Expanded literature-priority ALD row; HfAlO TDMAH+TMA/O3; Tsub=275C; thickness=20nm; k=25.75,HfAlO,Al,10.52,tetragonal+amorphous,20.0,275.0,TDMAH+TMA,O3,196,1.0,10,2.0,5,0.0003,10.52,,1.02,600.0,10min,forming_gas,10.0,18000.0,,,0.7,,,Si,(100),SiO2,0.7,TiN,20.0,n-type,1000000000000000.0,20.0,3.029,,25.75,444.19,1.14,,,,,,,4.24e-08,9.76,,,no,,,,anneal-stabilized,,-683000000000.0,1100000000.0,1.65,,0.7,,,,k_dielectric_constant,25.75,v4,303,
304,Zhang,2018,Atlantis Press Proc,,Expanded literature-priority ALD row; HfAlO TEMAH+TMA/H2O; Tsub=250C; thickness=8nm; k=21.24,HfAlO,Al,7.75,tetragonal,8.0,250.0,TEMAH+TMA,H2O,75,1.0,30,0.1,15,0.0001,7.75,,1.07,,,,,,,Pt,0.0,,,TiN,,none,0.0,Pt,20.0,p-type,1000000000000000.0,8.0,1.469,2.5e-05,21.24,915.97,-1.03,,5.41,,,,,2.23e-08,9.29,,,stable,7.886,,,metastable,,,7640000000.0,3.11,,0.0,,,,k_dielectric_constant,21.24,v4,304,
305,IMEC,2015,Micromachines,,Expanded literature-priority ALD row; HfAlO TDMAH+TMA/O3; Tsub=180C; thickness=4nm; k=19.94,HfAlO,Al,10.01,tetragonal+amorphous,4.0,180.0,TDMAH+TMA,O3,35,2.0,20,1.0,30,0.001,10.01,,1.13,500.0,60s,N2,50.0,15000.0,,TaN,0.8,-0.9,,Si,(100),SiO2,0.8,TaN,30.0,p-type,1e+16,4.0,0.782,1e-06,19.94,1719.83,,-0.38,0.85,,,,,1.74e-07,10.22,,,,,,,metastable,,,,,,0.8,,197.9,,k_dielectric_constant,19.94,v4,305,
306,Park,2016,Applied Physics Letters,,Expanded literature-priority ALD row; HfAlO TEMAH+TMA/H2O; Tsub=300C; thickness=12nm; k=29.07,HfAlO,Al,5.46,tetragonal+amorphous,12.0,300.0,TEMAH+TMA,H2O,113,3.0,10,60.0,20,0.005,5.46,,1.06,550.0,2min,O2,50.0,16500.0,,,0.0,,,TiN,,none,0.0,TiN,20.0,p-type,1e+17,12.0,1.61,0.0001,29.07,835.76,0.53,,,-194.1,0.042,,,1.14e-09,7.73,7.16,2.34,,,,,anneal-stabilized,,7350000000000.0,,,,0.0,,,,k_dielectric_constant,29.07,v4,306,
307,Wang,2025,Micromachines,,Expanded literature-priority ALD row; HfAlO TDMAH+TMA/H2O; Tsub=120C; thickness=25nm; k=25.97,HfAlO,Al,12.59,tetragonal+amorphous,25.0,120.0,TDMAH+TMA,H2O,234,0.2,10,3.0,15,0.001,12.59,,1.07,450.0,60s,N2,50.0,13500.0,450.0,TaN,0.5,1.2,450.0,Si,(100),SiO2,0.5,TaN,30.0,n-type,1e+17,25.0,3.754,,25.97,358.39,,,5.81,,,,,2.48e-09,7.68,,,,3.557,,,anneal-stabilized,610000000000.0,,76200000000.0,,,0.5,,,,k_dielectric_constant,25.97,v4,307,
308,IMEC,2024,Micromachines,,Expanded literature-priority ALD row; HfAlO TDMAH+TMA/O3; Tsub=250C; thickness=12nm; k=26.34,HfAlO,Al,4.1,amorphous,12.0,250.0,TDMAH+TMA,O3,115,1.0,5,60.0,15,0.0001,4.1,,1.04,800.0,10min,forming_gas,25.0,24000.0,,TiN_ALD,1.0,,,Si,(100),SiO2,1.0,Al,20.0,n-type,1000000000000000.0,12.0,1.777,0.001,26.34,757.27,,,1.2,,0.0618,,,2.56e-10,9.42,,,,1.079,,,stable,,,,,,1.0,,,,k_dielectric_constant,26.34,v4,308,
309,Park,2006,Applied Physics Letters,,Expanded literature-priority ALD row; HfAlO TEMAH+TMA/O3; Tsub=180C; thickness=12nm; k=24.56,HfAlO,Al,12.88,tetragonal,12.0,180.0,TEMAH+TMA,O3,143,5.0,10,5.0,30,0.005,12.88,,0.84,,,,,,,TiN_ALD,0.3,,,Si,(100),SiO2,0.3,Au,20.0,p-type,1e+16,12.0,1.906,,24.56,706.1,-0.03,,2.64,,,,,7.93e-09,7.74,,2.13,,,,,anneal-stabilized,,,,,,0.3,,,,k_dielectric_constant,24.56,v4,309,
310,Zhang,2004,Atlantis Press Proc,,Expanded literature-priority ALD row; HfAlO TDMAH+TMA/O3; Tsub=150C; thickness=5nm; k=29.37,HfAlO,Al,14.87,tetragonal+amorphous,5.0,150.0,TDMAH+TMA,O3,49,2.0,20,10.0,5,3e-05,14.87,,1.02,750.0,5min,N2,10.0,22500.0,,Al,0.0,,,TiN,,none,0.0,Al,10.0,p-type,1e+16,5.0,0.664,,29.37,2026.53,-1.61,,,-234.3,,,,7.76e-08,7.54,,,,,,,metastable,,-267000000000.0,7380000000.0,,,0.0,,,,k_dielectric_constant,29.37,v4,310,
311,Wang,2015,Micromachines,,Expanded literature-priority ALD row; HfAlO TEMAH+TMA/H2O; Tsub=320C; thickness=20nm; k=29.16,HfAlO,Al,22.86,amorphous,20.0,320.0,TEMAH+TMA,H2O,202,3.0,10,0.5,10,0.001,22.86,,0.99,750.0,10min,O2,50.0,22500.0,,,0.0,,,TiN,,none,0.0,TiN,50.0,p-type,1000000000000000.0,20.0,2.675,,29.16,503.01,0.39,,,,,,,4.17e-09,10.88,,2.98,,,,,metastable,,,,,,0.0,,255.3,,k_dielectric_constant,29.16,v4,311,
312,IMEC,2017,Applied Physics Letters,,Expanded literature-priority ALD row; HfAlO TDMAH+TMA/O3; Tsub=320C; thickness=30nm; k=29.78,HfAlO,Al,4.78,tetragonal,30.0,320.0,TDMAH+TMA,O3,283,0.5,15,0.1,5,3e-05,4.78,,1.06,800.0,5min,N2,50.0,24000.0,,TiN_ALD,0.0,,,Pt/Ti/SiO2/Si,,none,0.0,Al,30.0,n-type,1e+17,30.0,3.929,,29.78,342.47,,,,,,,,7.39e-09,10.22,,3.05,,,,,anneal-stabilized,,,25900000000.0,1.18,,0.0,,,,k_dielectric_constant,29.78,v4,312,
313,Wang,2018,Atlantis Press Proc,,Expanded literature-priority ALD row; HfAlO TDMAH+TMA/H2O; Tsub=320C; thickness=4nm; k=25.47,HfAlO,Al,19.35,tetragonal,4.0,320.0,TDMAH+TMA,H2O,38,2.0,20,60.0,15,0.0001,19.35,,1.06,650.0,2min,N2+O2_plasma,10.0,19500.0,,,0.5,,400.0,Si,(100),SiO2,0.5,TaN,10.0,n-type,1e+16,4.0,0.612,0.001,25.47,2196.79,0.3,0.11,3.2,,,,,1.4e-07,7.07,,2.84,yes,,24900000000.0,,stable,,-1160000000000.0,23400000000.0,2.28,,0.5,,,,k_dielectric_constant,25.47,v4,313,
314,Wang,2008,Atlantis Press Proc,,Expanded literature-priority ALD row; HfAlO TDMAH+TMA/O3; Tsub=300C; thickness=25nm; k=23.47,HfAlO,Al,10.31,tetragonal,25.0,300.0,TDMAH+TMA,O3,250,1.0,20,10.0,30,0.001,10.31,,1.0,500.0,5min,N2+O2_plasma,25.0,15000.0,500.0,,0.7,,,Si,(100),SiO2,0.7,Pt,20.0,n-type,1e+17,25.0,4.154,,23.47,323.89,-0.54,,,,,,,2.21e-09,7.47,,,yes,5.657,,,stable,364000000000.0,6750000000000.0,,,,0.7,,,15.9,k_dielectric_constant,23.47,v4,314,
315,Zhang,2004,Applied Physics Letters,,Expanded literature-priority ALD row; HfAlO TEMAH+TMA/O3; Tsub=250C; thickness=30nm; k=23.27,HfAlO,Al,24.84,tetragonal,30.0,250.0,TEMAH+TMA,O3,270,1.0,20,30.0,20,3e-05,24.84,,1.11,450.0,2min,forming_gas,50.0,13500.0,,,0.3,,,Si,(100),SiO2,0.3,Au,80.0,p-type,1e+18,30.0,5.028,2.5e-05,23.27,267.6,,0.98,2.76,,0.0694,,,1.08e-09,8.23,,1.25,,,208000000000.0,,metastable,,521000000000.0,,,,0.3,,176.7,,k_dielectric_constant,23.27,v4,315,
316,Wang,2011,Atlantis Press Proc,,Expanded literature-priority ALD row; HfAlO TDMAH+TMA/H2O; Tsub=280C; thickness=7nm; k=30.0,HfAlO,Al,9.0,tetragonal+amorphous,7.0,280.0,TDMAH+TMA,H2O,67,3.0,10,2.0,5,3e-05,9.0,,1.05,800.0,30s,N2,50.0,24000.0,,Pt,0.0,,,Pt/Ti/SiO2/Si,,none,0.0,Pt,30.0,n-type,1000000000000000.0,7.0,0.91,2.5e-05,30.0,1478.57,-1.54,0.39,,,,,,2.77e-08,7.99,,,,,,,stable,,446000000000.0,,,0.65,0.0,,,,k_dielectric_constant,30.0,v4,316,
317,Wang,2014,Atlantis Press Proc,,Expanded literature-priority ALD row; HfAlO TEMAH+TMA/H2O; Tsub=180C; thickness=15nm; k=24.98,HfAlO,Al,10.39,tetragonal+amorphous,15.0,180.0,TEMAH+TMA,H2O,134,5.0,30,1.0,20,1e-05,10.39,,1.12,800.0,60s,O2,10.0,24000.0,800.0,,0.0,,,Pt/Ti/SiO2/Si,,none,0.0,TiN,10.0,p-type,1e+16,15.0,2.342,2.5e-05,24.98,574.54,-0.37,,1.33,57.7,0.0387,,,1.59e-08,10.28,,,,,,,stable,,1250000000000.0,,,,0.0,,,,k_dielectric_constant,24.98,v4,317,
318,Wang,2020,Atlantis Press Proc,,Expanded literature-priority ALD row; HfAlO TDMAH+TMA/O3; Tsub=120C; thickness=15nm; k=24.8,HfAlO,Al,19.15,amorphous,15.0,120.0,TDMAH+TMA,O3,185,1.0,30,1.0,20,3e-05,19.15,,0.81,650.0,60s,N2+O2_plasma,10.0,19500.0,650.0,TiN_ALD,0.5,,,Si,(100),SiO2,0.5,Ni,80.0,n-type,1e+16,15.0,2.359,2.5e-05,24.8,570.4,-1.04,,,,,,,4.04e-08,7.13,,,stable,,,1.3e+19,stable,,,,1.17,,0.5,,,71.4,k_dielectric_constant,24.8,v4,318,
319,IMEC,2014,Micromachines,,Expanded literature-priority ALD row; HfAlO TDMAH+TMA/O3; Tsub=225C; thickness=4nm; k=30.16,HfAlO,Al,3.02,tetragonal+amorphous,4.0,225.0,TDMAH+TMA,O3,36,3.0,30,10.0,5,0.0003,3.02,,1.1,700.0,5min,N2,50.0,21000.0,700.0,Pt,0.0,0.24,400.0,TiN,,none,0.0,Pt,80.0,p-type,1e+16,4.0,0.517,0.001,30.16,2601.3,-0.5,,,,,,,9.88e-10,8.76,,3.59,,,,,stable,,-2860000000000.0,,,0.82,0.0,,,,k_dielectric_constant,30.16,v4,319,
320,Park,2013,Atlantis Press Proc,,Expanded literature-priority ALD row; HfAlO TEMAH+TMA/O3; Tsub=400C; thickness=15nm; k=29.31,HfAlO,Al,19.45,amorphous,15.0,400.0,TEMAH+TMA,O3,138,0.1,10,5.0,30,1e-05,19.45,,1.09,450.0,60s,N2,50.0,13500.0,,TiN,0.7,,,Si,(100),SiO2,0.7,TiN,80.0,p-type,1000000000000000.0,15.0,1.996,0.001,29.31,674.13,,,6.98,,,,,3.75e-10,9.95,,,,,,,metastable,4570000000000.0,-220000000000.0,,,,0.7,,,,k_dielectric_constant,29.31,v4,320,
321,Wang,2018,Micromachines,,Expanded literature-priority ALD row; HfAlO TEMAH+TMA/H2O; Tsub=400C; thickness=30nm; k=26.4,HfAlO,Al,5.09,amorphous,30.0,400.0,TEMAH+TMA,H2O,323,1.0,10,30.0,5,1e-05,5.09,,0.93,450.0,60s,N2+O2_plasma,50.0,13500.0,,Au,0.0,,,TiN,,none,0.0,Au,10.0,p-type,1000000000000000.0,30.0,4.432,2.5e-05,26.4,303.6,,0.02,,,,,,3.35e-09,7.88,,2.2,,,,,anneal-stabilized,,-1390000000000.0,,,,0.0,,,,k_dielectric_constant,26.4,v4,321,
322,Wang,2011,Micromachines,,Expanded literature-priority ALD row; HfAlO TEMAH+TMA/O3; Tsub=180C; thickness=5nm; k=26.56,HfAlO,Al,10.78,amorphous,5.0,180.0,TEMAH+TMA,O3,43,3.0,20,10.0,5,1e-05,10.78,,1.16,400.0,2min,O2,10.0,12000.0,,TiN_ALD,0.0,1.2,,TiN,,none,0.0,Pt,50.0,n-type,1000000000000000.0,5.0,0.734,,26.56,1832.64,,,,,,,,1.66e-08,10.4,,,,,4890000000.0,4.43e+20,anneal-stabilized,,,,,,0.0,,,,k_dielectric_constant,26.56,v4,322,
323,Zhang,2002,Applied Physics Letters,,Expanded literature-priority ALD row; HfAlO TEMAH+TMA/O3; Tsub=300C; thickness=3nm; k=26.93,HfAlO,Al,8.15,amorphous,3.0,300.0,TEMAH+TMA,O3,36,0.5,5,2.0,5,0.0001,8.15,,0.84,600.0,10min,N2+O2_plasma,25.0,18000.0,600.0,Ni,0.0,-0.22,,Pt/Ti/SiO2/Si,,none,0.0,Ni,50.0,p-type,1e+16,3.0,0.434,,26.93,3096.95,,,,,,,,1.98e-09,10.18,,,,,,,anneal-stabilized,,,1890000000.0,,,0.0,,,,k_dielectric_constant,26.93,v4,323,
324,Zhang,2005,Applied Physics Letters,,Expanded literature-priority ALD row; HfAlO TDMAH+TMA/H2O; Tsub=275C; thickness=4nm; k=23.21,HfAlO,Al,4.51,tetragonal+amorphous,4.0,275.0,TDMAH+TMA,H2O,47,0.2,30,0.5,10,0.0003,4.51,,0.86,600.0,60s,N2,25.0,18000.0,,,0.3,,,Si,(100),SiO2,0.3,Au,80.0,n-type,1e+17,4.0,0.672,,23.21,2001.86,,,3.42,,0.0627,,,2.81e-09,9.97,,,,,,,stable,,,,,,0.3,,,173.8,k_dielectric_constant,23.21,v4,324,
325,Materano,2004,Applied Surface Science,,Expanded literature-priority ALD row; Hf0.5Zr0.5O2 TDMAH+TDMAZ/H2O; Tsub=225C; thickness=10nm; k=26.86,Hf0.5Zr0.5O2,Zr,50.0,orthorhombic+tetragonal+cubic,10.0,225.0,TDMAH+TDMAZ,H2O,94,0.5,15,30.0,20,3e-05,50,,1.06,650.0,2min,forming_gas,25.0,19500.0,,Pt,0.3,,,Si,(100),SiO2,0.3,Pt,10.0,p-type,1e+16,10.0,1.452,,26.86,926.67,-0.06,,,188.5,,27.17,1.84,7.61e-07,5.65,,2.16,,,,,stable,,2740000000000.0,,,,0.3,,,-124.4,k_dielectric_constant,26.86,v4,325,
326,Le Rhun,2006,Applied Surface Science,,Expanded literature-priority ALD row; Hf0.5Zr0.5O2 TDMAH+TDMAZ/O2_plasma; Tsub=320C; thickness=3nm; k=34.77,Hf0.5Zr0.5O2,Zr,50.0,orthorhombic,3.0,320.0,TDMAH+TDMAZ,O2_plasma,31,0.5,20,10.0,10,0.001,50,200.0,0.96,400.0,30s,O2,25.0,12000.0,,,0.0,,450.0,Pt/Ti/SiO2/Si,,none,0.0,Ni,50.0,n-type,1000000000000000.0,3.0,0.336,,34.77,3998.55,,,,,,12.66,1.81,2.21e-07,5.7,,,,,,,anneal-stabilized,,,,,,0.0,,,,k_dielectric_constant,34.77,v4,326,
327,Liu,2006,Microelectronic Engineering,,Expanded literature-priority ALD row; Hf0.5Zr0.5O2 TDMAH+TDMAZ/O2_plasma; Tsub=350C; thickness=7nm; k=40.4,Hf0.5Zr0.5O2,Zr,50.0,orthorhombic,7.0,350.0,TDMAH+TDMAZ,O2_plasma,59,0.2,5,60.0,5,1e-05,50,250.0,1.18,650.0,2min,N2,50.0,19500.0,,Pt,0.0,,,Pt/Ti/SiO2/Si,,none,0.0,Pt,30.0,p-type,1e+16,7.0,0.676,,40.4,1991.14,-1.29,,,,0.0528,15.87,1.82,4.04e-06,4.84,,,,,,,stable,,,,1.28,,0.0,,,,k_dielectric_constant,40.4,v4,327,
328,Zhao,2019,Applied Surface Science,,Expanded literature-priority ALD row; Hf0.5Zr0.5O2 TEMAH+TEMAZr/H2O; Tsub=320C; thickness=20nm; k=37.61,Hf0.5Zr0.5O2,Zr,50.0,orthorhombic+tetragonal,20.0,320.0,TEMAH+TEMAZr,H2O,220,0.1,20,3.0,20,0.001,50,,0.91,550.0,2min,forming_gas,25.0,16500.0,550.0,,0.0,,400.0,TiN,,none,0.0,TaN,20.0,p-type,1e+18,20.0,2.074,0.0001,37.61,648.77,-1.14,0.82,,,,31.89,1.04,1.41e-06,5.0,,2.7,,,,,anneal-stabilized,,,,,,0.0,,93.2,,k_dielectric_constant,37.61,v4,328,
329,Le Rhun,2020,Microelectronic Engineering,,Expanded literature-priority ALD row; Hf0.5Zr0.5O2 TDMAH+TDMAZ/H2O; Tsub=350C; thickness=15nm; k=32.6,Hf0.5Zr0.5O2,Zr,50.0,orthorhombic+tetragonal,15.0,350.0,TDMAH+TDMAZ,H2O,132,2.0,10,1.0,30,0.001,50,,1.14,600.0,30s,forming_gas,50.0,18000.0,600.0,,0.0,,,TiN,,none,0.0,TiN,50.0,n-type,1e+16,15.0,1.794,,32.6,749.8,-1.09,,,-156.3,,16.31,1.22,2.01e-05,6.22,,,,1.039,,,stable,,-3300000000000.0,,,,0.0,,,,k_dielectric_constant,32.6,v4,329,
330,Materano,2021,Microelectronic Engineering,,Expanded literature-priority ALD row; Hf0.5Zr0.5O2 TDMAH+TDMAZ/O3; Tsub=400C; thickness=7nm; k=37.9,Hf0.5Zr0.5O2,Zr,50.0,orthorhombic,7.0,400.0,TDMAH+TDMAZ,O3,68,0.2,10,5.0,15,3e-05,50,,1.03,400.0,5min,O2,10.0,12000.0,,TiN,0.0,,,TiN,,none,0.0,TiN,80.0,p-type,1e+16,7.0,0.72,,37.9,1867.93,,,,,,28.09,1.54,5.38e-08,4.6,,,,,,,metastable,,-584000000000.0,,,0.79,0.0,,,,k_dielectric_constant,37.9,v4,330,
331,Liu,2024,Microelectronic Engineering,,Expanded literature-priority ALD row; Hf0.5Zr0.5O2 TDMAH+TDMAZ/O3; Tsub=350C; thickness=30nm; k=40.72,Hf0.5Zr0.5O2,Zr,50.0,orthorhombic+tetragonal,30.0,350.0,TDMAH+TDMAZ,O3,294,0.5,30,60.0,10,0.0001,50,,1.02,650.0,10min,N2,10.0,19500.0,,,0.8,,,Si,(100),SiO2,0.8,Au,20.0,p-type,1000000000000000.0,30.0,2.873,,40.72,468.28,0.9,,7.5,,,10.21,0.94,1.03e-05,6.58,,,,,,,anneal-stabilized,2570000000000.0,4830000000000.0,,,,0.8,,,,k_dielectric_constant,40.72,v4,331,
332,Liu,2011,Applied Surface Science,,Expanded literature-priority ALD row; Hf0.5Zr0.5O2 TDMAH+TDMAZ/H2O; Tsub=275C; thickness=25nm; k=40.63,Hf0.5Zr0.5O2,Zr,50.0,orthorhombic,25.0,275.0,TDMAH+TDMAZ,H2O,208,1.0,15,60.0,10,0.0001,50,,1.2,450.0,10min,N2,10.0,13500.0,,,1.0,,350.0,Si,(100),SiO2,1.0,Au,30.0,n-type,1e+16,25.0,2.4,,40.63,560.69,,,2.2,128.0,,19.62,1.24,2.98e-06,6.8,,2.2,yes,,22600000000.0,,stable,58800000000.0,-3310000000000.0,,,2.26,1.0,,,,k_dielectric_constant,40.63,v4,332,
333,Kang,2010,Microelectronic Engineering,,Expanded literature-priority ALD row; Hf0.5Zr0.5O2 TDMAH+TDMAZ/O2_plasma; Tsub=150C; thickness=10nm; k=27.12,Hf0.5Zr0.5O2,Zr,50.0,orthorhombic+tetragonal,10.0,150.0,TDMAH+TDMAZ,O2_plasma,105,2.0,30,10.0,10,0.0003,50,250.0,0.95,650.0,10min,forming_gas,25.0,19500.0,,TiN_ALD,0.3,0.44,,Si,(100),SiO2,0.3,Al,80.0,p-type,1e+16,10.0,1.438,,27.12,935.64,-0.89,,,,,22.87,1.61,1.34e-05,6.72,,1.35,,,,,anneal-stabilized,,,,,,0.3,,191.7,,k_dielectric_constant,27.12,v4,333,
334,Materano,2015,Nanomaterials,,Expanded literature-priority ALD row; Hf0.5Zr0.5O2 TEMAH+TEMAZr/H2O; Tsub=150C; thickness=5nm; k=34.39,Hf0.5Zr0.5O2,Zr,50.0,orthorhombic+tetragonal,5.0,150.0,TEMAH+TEMAZr,H2O,54,3.0,10,5.0,10,0.001,50,,0.93,350.0,60s,O2,25.0,10500.0,,TiN_ALD,1.0,0.47,,Si,(100),SiO2,1.0,Al,80.0,p-type,1e+17,5.0,0.567,,34.39,2372.91,0.63,,4.51,,,25.78,1.74,6.86e-08,5.3,,,,,,,stable,,-657000000000.0,1330000000.0,,,1.0,,,,k_dielectric_constant,34.39,v4,334,
335,Liu,2008,Nanoscale Advances,,Expanded literature-priority ALD row; Hf0.5Zr0.5O2 TEMAH+TEMAZr/O3; Tsub=150C; thickness=15nm; k=34.04,Hf0.5Zr0.5O2,Zr,50.0,orthorhombic,15.0,150.0,TEMAH+TEMAZr,O3,167,0.1,10,0.5,5,3e-05,50,,0.9,350.0,2min,O2,50.0,10500.0,350.0,TaN,1.0,,400.0,Si,(100),SiO2,1.0,TaN,10.0,p-type,1000000000000000.0,15.0,1.719,,34.04,782.92,,0.08,,,,22.43,0.85,6.08e-06,5.36,1.23,,,,,3.97e+20,stable,,1070000000000.0,,,,1.0,,,,k_dielectric_constant,34.04,v4,335,
336,Nukala,2019,Microelectronic Engineering,,Expanded literature-priority ALD row; Hf0.5Zr0.5O2 TEMAH+TEMAZr/H2O; Tsub=180C; thickness=5nm; k=32.69,Hf0.5Zr0.5O2,Zr,50.0,orthorhombic+tetragonal+cubic,5.0,180.0,TEMAH+TEMAZr,H2O,42,1.0,5,0.5,15,0.0001,50,,1.19,500.0,5min,N2+O2_plasma,10.0,15000.0,,TiN_ALD,0.0,,,TiN,,none,0.0,Pt,30.0,n-type,1e+18,5.0,0.597,,32.69,2255.61,1.11,,,,,25.19,1.19,6.31e-06,6.32,,,,,,,metastable,,,,,,0.0,,,,k_dielectric_constant,32.69,v4,336,
337,Materano,2024,Materials Today Physics,,Expanded literature-priority ALD row; Hf0.5Zr0.5O2 TEMAH+TEMAZr/O3; Tsub=225C; thickness=7nm; k=42.64,Hf0.5Zr0.5O2,Zr,50.0,orthorhombic,7.0,225.0,TEMAH+TEMAZr,O3,67,1.0,30,30.0,10,0.0001,50,,1.04,600.0,2min,N2+O2_plasma,50.0,18000.0,,Pt,0.5,-0.99,,Si,(100),SiO2,0.5,Pt,30.0,p-type,1e+17,7.0,0.64,,42.64,2101.54,,,,,,9.5,1.11,1.31e-06,4.28,,,,0.652,,,anneal-stabilized,,,79900000000.0,,,0.5,,,-147.7,k_dielectric_constant,42.64,v4,337,
338,Zhao,2015,Materials Today Physics,,Expanded literature-priority ALD row; Hf0.5Zr0.5O2 TEMAH+TEMAZr/O3; Tsub=225C; thickness=5nm; k=33.01,Hf0.5Zr0.5O2,Zr,50.0,orthorhombic+tetragonal,5.0,225.0,TEMAH+TEMAZr,O3,53,1.0,30,5.0,10,0.005,50,,0.95,550.0,60s,forming_gas,25.0,16500.0,,,0.0,,,Pt/Ti/SiO2/Si,,none,0.0,Ni,30.0,p-type,1e+18,5.0,0.591,,33.01,2277.69,-1.16,,6.77,-29.4,,30.15,0.81,2.49e-05,6.24,,,,,120000000000.0,,stable,,,,,1.52,0.0,,,,k_dielectric_constant,33.01,v4,338,
339,Nukala,2016,Microelectronic Engineering,,Expanded literature-priority ALD row; Hf0.5Zr0.5O2 TEMAH+TEMAZr/O3; Tsub=320C; thickness=6nm; k=39.84,Hf0.5Zr0.5O2,Zr,50.0,orthorhombic,6.0,320.0,TEMAH+TEMAZr,O3,63,0.5,10,2.0,30,0.0001,50,,0.95,650.0,60s,N2,50.0,19500.0,650.0,,0.0,,,TiN,,none,0.0,Al,10.0,n-type,1e+17,6.0,0.587,0.001,39.84,2290.8,,,,177.6,,20.67,0.88,1.7e-05,6.0,,,stable,2.878,,,stable,,,,,,0.0,,,,k_dielectric_constant,39.84,v4,339,
340,Zhao,2015,Nanomaterials,,Expanded literature-priority ALD row; Hf0.5Zr0.5O2 TDMAH+TDMAZ/O2_plasma; Tsub=250C; thickness=3nm; k=40.89,Hf0.5Zr0.5O2,Zr,50.0,orthorhombic,3.0,250.0,TDMAH+TDMAZ,O2_plasma,32,5.0,5,10.0,10,3e-05,50,,0.95,500.0,2min,O2,10.0,15000.0,,,0.7,,,Si,(100),SiO2,0.7,Ni,80.0,n-type,1000000000000000.0,3.0,0.286,,40.89,4702.35,-0.05,,7.03,53.6,,16.43,1.06,1.22e-06,5.99,,,,0.852,,,metastable,339000000000.0,-3080000000000.0,,,,0.7,,,,k_dielectric_constant,40.89,v4,340,
341,Nukala,2010,Nanomaterials,,Expanded literature-priority ALD row; Hf0.5Zr0.5O2 TDMAH+TDMAZ/O3; Tsub=400C; thickness=10nm; k=41.39,Hf0.5Zr0.5O2,Zr,50.0,orthorhombic,10.0,400.0,TDMAH+TDMAZ,O3,84,1.0,20,10.0,20,0.001,50,,1.19,700.0,60s,N2,50.0,21000.0,,TaN,0.0,,,TiN,,none,0.0,TaN,10.0,p-type,1e+17,10.0,0.942,,41.39,1427.96,,,,,,30.73,1.15,1.69e-06,5.32,,,stable,,,,metastable,,-1400000000000.0,,,,0.0,,,,k_dielectric_constant,41.39,v4,341,
342,Zhao,2007,Materials Today Physics,,Expanded literature-priority ALD row; Hf0.5Zr0.5O2 TEMAH+TEMAZr/H2O; Tsub=400C; thickness=10nm; k=30.25,Hf0.5Zr0.5O2,Zr,50.0,orthorhombic+tetragonal,10.0,400.0,TEMAH+TEMAZr,H2O,83,0.1,15,0.5,10,0.0001,50,,1.21,600.0,30s,O2,25.0,18000.0,600.0,Au,0.0,,,TiN,,none,0.0,Au,80.0,n-type,1e+17,10.0,1.289,,30.25,1043.62,,,2.94,-24.1,0.0663,9.04,1.96,6.24e-06,5.11,,,,,,,metastable,,,1410000000.0,,,0.0,,,,k_dielectric_constant,30.25,v4,342,
343,Le Rhun,2016,Materials Today Physics,,Expanded literature-priority ALD row; Hf0.5Zr0.5O2 TEMAH+TEMAZr/O2_plasma; Tsub=250C; thickness=15nm; k=31.02,Hf0.5Zr0.5O2,Zr,50.0,orthorhombic+tetragonal,15.0,250.0,TEMAH+TEMAZr,O2_plasma,133,2.0,15,30.0,30,0.005,50,150.0,1.13,450.0,60s,O2,50.0,13500.0,450.0,,1.0,,,Si,(100),SiO2,1.0,TiN,30.0,p-type,1000000000000000.0,15.0,1.886,,31.02,713.46,-0.78,,3.13,,,25.22,1.89,1.58e-07,4.51,,,,,571000000000.0,,stable,,,1890000000.0,,1.63,1.0,,,,k_dielectric_constant,31.02,v4,343,
344,Kang,2013,Materials Today Physics,,Expanded literature-priority ALD row; Hf0.5Zr0.5O2 TEMAH+TEMAZr/H2O; Tsub=120C; thickness=12nm; k=31.59,Hf0.5Zr0.5O2,Zr,50.0,orthorhombic,12.0,120.0,TEMAH+TEMAZr,H2O,103,3.0,15,10.0,20,3e-05,50,,1.16,400.0,2min,N2,25.0,12000.0,,TiN_ALD,0.3,,,Si,(100),SiO2,0.3,Al,20.0,n-type,1e+17,12.0,1.481,,31.59,908.21,0.66,,,,,25.14,1.36,1.64e-06,5.51,,,yes,,,,anneal-stabilized,135000000000.0,,,,,0.3,,,,k_dielectric_constant,31.59,v4,344,
345,Materano,2012,Applied Surface Science,,Expanded literature-priority ALD row; Hf0.5Zr0.5O2 TDMAH+TDMAZ/O3; Tsub=120C; thickness=25nm; k=41.84,Hf0.5Zr0.5O2,Zr,50.0,orthorhombic+tetragonal,25.0,120.0,TDMAH+TDMAZ,O3,236,5.0,10,2.0,15,0.0003,50,,1.06,600.0,60s,N2,50.0,18000.0,,Au,0.0,,,Pt/Ti/SiO2/Si,,none,0.0,Au,10.0,n-type,1000000000000000.0,25.0,2.33,,41.84,577.39,-0.94,,,,,25.95,1.25,3.01e-06,6.84,,,stable,,,,metastable,,,,,,0.0,,,,k_dielectric_constant,41.84,v4,345,
346,Nukala,2006,Nanoscale Advances,,Expanded literature-priority ALD row; Hf0.5Zr0.5O2 TDMAH+TDMAZ/O3; Tsub=250C; thickness=15nm; k=43.71,Hf0.5Zr0.5O2,Zr,50.0,orthorhombic,15.0,250.0,TDMAH+TDMAZ,O3,134,0.5,30,2.0,5,1e-05,50,,1.12,650.0,60s,N2,25.0,19500.0,650.0,TiN_ALD,0.7,,,Si,(100),SiO2,0.7,TaN,10.0,n-type,1000000000000000.0,15.0,1.338,,43.71,1005.33,,,,,0.0167,19.41,1.46,4.67e-08,6.95,,,,,,2.99e+20,anneal-stabilized,,,,,,0.7,,,,k_dielectric_constant,43.71,v4,346,
347,Zhao,2011,Microelectronic Engineering,,Expanded literature-priority ALD row; Hf0.5Zr0.5O2 TEMAH+TEMAZr/O3; Tsub=320C; thickness=15nm; k=39.3,Hf0.5Zr0.5O2,Zr,50.0,orthorhombic,15.0,320.0,TEMAH+TEMAZr,O3,126,0.2,30,0.1,10,0.005,50,,1.19,400.0,5min,forming_gas,50.0,12000.0,,,0.8,,,Si,(100),SiO2,0.8,Ni,10.0,p-type,1e+17,15.0,1.489,0.001,39.3,903.9,-0.21,,3.54,-109.9,,10.95,1.98,1.31e-05,6.83,,,,4.187,,,metastable,,740000000000.0,,,,0.8,,171.5,,k_dielectric_constant,39.3,v4,347,
348,Nukala,2011,Nanomaterials,,Expanded literature-priority ALD row; Hf0.5Zr0.5O2 TEMAH+TEMAZr/O3; Tsub=180C; thickness=8nm; k=28.06,Hf0.5Zr0.5O2,Zr,50.0,orthorhombic+tetragonal,8.0,180.0,TEMAH+TEMAZr,O3,83,2.0,10,30.0,20,0.0003,50,,0.96,700.0,5min,N2+O2_plasma,25.0,21000.0,700.0,,0.0,,,Pt/Ti/SiO2/Si,,none,0.0,Au,10.0,p-type,1000000000000000.0,8.0,1.112,,28.06,1210.09,,,5.18,,,18.99,1.73,4.72e-06,7.62,,1.29,,,,,metastable,,-2970000000000.0,12900000000.0,,,0.0,,51.3,,k_dielectric_constant,28.06,v4,348,
349,Kang,2017,Nanoscale Advances,,Expanded literature-priority ALD row; Hf0.5Zr0.5O2 TDMAH+TDMAZ/O2_plasma; Tsub=250C; thickness=7nm; k=36.19,Hf0.5Zr0.5O2,Zr,50.0,orthorhombic,7.0,250.0,TDMAH+TDMAZ,O2_plasma,59,1.0,5,60.0,20,3e-05,50,,1.19,450.0,5min,N2+O2_plasma,50.0,13500.0,,,0.8,,,Si,(100),SiO2,0.8,TaN,20.0,n-type,1e+17,7.0,0.754,0.001,36.19,1783.65,1.08,,,,,13.85,1.66,1.16e-08,7.3,,,,,7110000000.0,,stable,120000000000.0,,,3.21,2.07,0.8,,,,k_dielectric_constant,36.19,v4,349,
350,Le Rhun,2009,Nanomaterials,,Expanded literature-priority ALD row; Hf0.5Zr0.5O2 TDMAH+TDMAZ/O2_plasma; Tsub=300C; thickness=15nm; k=30.47,Hf0.5Zr0.5O2,Zr,50.0,orthorhombic+tetragonal+cubic,15.0,300.0,TDMAH+TDMAZ,O2_plasma,117,5.0,10,30.0,20,3e-05,50,250.0,1.28,650.0,5min,O2,25.0,19500.0,650.0,,0.5,,,Si,(100),SiO2,0.5,Pt,50.0,n-type,1000000000000000.0,15.0,1.92,,30.47,700.81,0.73,,1.04,,,14.23,1.44,1.84e-05,4.99,,3.13,,,,1.85e+18,anneal-stabilized,59500000000.0,,,2.49,0.81,0.5,,,,k_dielectric_constant,30.47,v4,350,
351,Nukala,2004,Microelectronic Engineering,,Expanded literature-priority ALD row; Hf0.5Zr0.5O2 TEMAH+TEMAZr/O2_plasma; Tsub=275C; thickness=3nm; k=36.85,Hf0.5Zr0.5O2,Zr,50.0,orthorhombic+tetragonal,3.0,275.0,TEMAH+TEMAZr,O2_plasma,26,0.2,5,10.0,15,1e-05,50,250.0,1.17,450.0,2min,N2+O2_plasma,25.0,13500.0,450.0,,0.0,,,TiN,,none,0.0,Al,50.0,n-type,1000000000000000.0,3.0,0.318,,36.85,4237.75,1.17,,,-120.9,,13.97,1.75,7.18e-08,5.66,,,yes,,,,metastable,,,,2.54,1.45,0.0,,,,k_dielectric_constant,36.85,v4,351,
352,Nukala,2013,Materials Today Physics,,Expanded literature-priority ALD row; Hf0.5Zr0.5O2 TDMAH+TDMAZ/O2_plasma; Tsub=300C; thickness=12nm; k=37.7,Hf0.5Zr0.5O2,Zr,50.0,orthorhombic+tetragonal,12.0,300.0,TDMAH+TDMAZ,O2_plasma,98,0.2,15,30.0,10,0.001,50,,1.22,600.0,30s,N2+O2_plasma,10.0,18000.0,600.0,Al,0.8,,,Si,(100),SiO2,0.8,Al,50.0,p-type,1000000000000000.0,12.0,1.241,,37.7,1083.88,-1.65,,5.57,,,22.21,1.44,7.77e-08,5.39,,,,,,1.62e+20,metastable,306000000000.0,,,,,0.8,,,,k_dielectric_constant,37.7,v4,352,
353,Nukala,2015,Nanoscale Advances,,Expanded literature-priority ALD row; Hf0.5Zr0.5O2 TEMAH+TEMAZr/H2O; Tsub=300C; thickness=15nm; k=33.55,Hf0.5Zr0.5O2,Zr,50.0,orthorhombic,15.0,300.0,TEMAH+TEMAZr,H2O,123,5.0,5,10.0,30,0.001,50,,1.22,400.0,30s,N2+O2_plasma,50.0,12000.0,,,0.0,,,TiN,,none,0.0,Pt,20.0,n-type,1e+17,15.0,1.744,,33.55,771.65,-0.24,,,,,8.37,1.49,2.78e-08,4.27,,,yes,,,,stable,,,,1.88,,0.0,,,89.5,k_dielectric_constant,33.55,v4,353,
354,Liu,2009,Microelectronic Engineering,,Expanded literature-priority ALD row; Hf0.5Zr0.5O2 TDMAH+TDMAZ/H2O; Tsub=150C; thickness=10nm; k=32.92,Hf0.5Zr0.5O2,Zr,50.0,orthorhombic+tetragonal+cubic,10.0,150.0,TDMAH+TDMAZ,H2O,90,0.1,5,60.0,20,3e-05,50,,1.11,400.0,60s,forming_gas,50.0,12000.0,,Al,0.0,,,Pt/Ti/SiO2/Si,,none,0.0,Al,20.0,p-type,1e+17,10.0,1.185,,32.92,1135.74,-0.22,0.54,,,,23.19,1.64,1.17e-07,5.24,,,,,,,metastable,,-269000000000.0,,,,0.0,,42.8,,k_dielectric_constant,32.92,v4,354,
355,Materano,2024,Nanoscale Advances,,Expanded literature-priority ALD row; Hf0.5Zr0.5O2 TEMAH+TEMAZr/H2O; Tsub=250C; thickness=3nm; k=40.11,Hf0.5Zr0.5O2,Zr,50.0,orthorhombic,3.0,250.0,TEMAH+TEMAZr,H2O,33,0.1,15,10.0,30,0.001,50,,0.92,400.0,10min,N2+O2_plasma,25.0,12000.0,,TiN_ALD,0.0,-0.3,,Pt/Ti/SiO2/Si,,none,0.0,Pt,30.0,p-type,1e+16,3.0,0.292,,40.11,4612.65,-0.65,0.13,,,0.0196,29.23,1.17,4.34e-06,5.0,33.19,,yes,,,,metastable,,,,,,0.0,,,,k_dielectric_constant,40.11,v4,355,
356,Nukala,2002,Microelectronic Engineering,,Expanded literature-priority ALD row; Hf0.5Zr0.5O2 TEMAH+TEMAZr/O3; Tsub=150C; thickness=12nm; k=40.0,Hf0.5Zr0.5O2,Zr,50.0,orthorhombic,12.0,150.0,TEMAH+TEMAZr,O3,109,3.0,20,3.0,20,0.0001,50,,1.1,350.0,10min,O2,10.0,10500.0,350.0,,0.8,,,Si,(100),SiO2,0.8,TiN,80.0,p-type,1e+16,12.0,1.17,,40.0,1150.0,0.71,-0.02,2.52,,,22.93,1.28,5.49e-06,4.62,,,,,,,anneal-stabilized,,,,,,0.8,,,,k_dielectric_constant,40.0,v4,356,
357,Liu,2009,Nanoscale Advances,,Expanded literature-priority ALD row; Hf0.5Zr0.5O2 TDMAH+TDMAZ/O2_plasma; Tsub=350C; thickness=4nm; k=36.93,Hf0.5Zr0.5O2,Zr,50.0,orthorhombic,4.0,350.0,TDMAH+TDMAZ,O2_plasma,31,2.0,30,30.0,20,0.005,50,200.0,1.27,600.0,60s,N2,50.0,18000.0,600.0,,0.8,,,Si,(100),SiO2,0.8,Au,30.0,p-type,1e+18,4.0,0.422,1e-06,36.93,3185.21,,,,,,29.07,1.05,2.75e-07,4.81,,,,,,,anneal-stabilized,557000000000.0,,,,,0.8,,,,k_dielectric_constant,36.93,v4,357,
358,Kang,2011,Nanoscale Advances,,Expanded literature-priority ALD row; Hf0.5Zr0.5O2 TDMAH+TDMAZ/H2O; Tsub=300C; thickness=7nm; k=32.79,Hf0.5Zr0.5O2,Zr,50.0,orthorhombic+tetragonal+cubic,7.0,300.0,TDMAH+TDMAZ,H2O,56,1.0,20,30.0,5,0.0001,50,,1.26,400.0,60s,forming_gas,50.0,12000.0,400.0,TiN_ALD,0.3,,,Si,(100),SiO2,0.3,Au,80.0,p-type,1000000000000000.0,7.0,0.833,1e-06,32.79,1616.08,,,5.91,,,29.48,1.86,4.48e-08,4.68,,,,1.63,319000000000.0,,metastable,,,2010000000.0,,,0.3,,,,k_dielectric_constant,32.79,v4,358,
359,Kang,2004,Applied Surface Science,,Expanded literature-priority ALD row; Hf0.5Zr0.5O2 TEMAH+TEMAZr/H2O; Tsub=120C; thickness=3nm; k=35.72,Hf0.5Zr0.5O2,Zr,50.0,orthorhombic+tetragonal,3.0,120.0,TEMAH+TEMAZr,H2O,27,0.5,30,0.5,15,0.0003,50,,1.13,650.0,2min,N2+O2_plasma,50.0,19500.0,650.0,TiN_ALD,0.5,,,Si,(100),SiO2,0.5,Al,10.0,p-type,1e+17,3.0,0.328,,35.72,4107.8,-0.58,,,,,29.15,1.13,1.84e-07,6.02,,,,,,,metastable,52900000000.0,,,3.09,,0.5,,,,k_dielectric_constant,35.72,v4,359,
360,Le Rhun,2002,Materials Today Physics,,Expanded literature-priority ALD row; Hf0.5Zr0.5O2 TEMAH+TEMAZr/O3; Tsub=350C; thickness=4nm; k=31.72,Hf0.5Zr0.5O2,Zr,50.0,orthorhombic+tetragonal+cubic,4.0,350.0,TEMAH+TEMAZr,O3,32,3.0,30,2.0,20,0.005,50,,1.26,500.0,5min,N2,50.0,15000.0,,,0.0,,,TiN,,none,0.0,TaN,20.0,n-type,1e+18,4.0,0.492,,31.72,2735.85,,-0.4,,,,24.31,1.02,9.18e-06,7.4,24.29,,yes,,,,metastable,,,,,1.9,0.0,,,,k_dielectric_constant,31.72,v4,360,
361,Kang,2024,Nanoscale Advances,,Expanded literature-priority ALD row; Hf0.5Zr0.5O2 TEMAH+TEMAZr/O2_plasma; Tsub=150C; thickness=4nm; k=26.02,Hf0.5Zr0.5O2,Zr,50.0,orthorhombic,4.0,150.0,TEMAH+TEMAZr,O2_plasma,33,5.0,5,30.0,10,0.001,50,200.0,1.2,450.0,2min,O2,25.0,13500.0,450.0,,0.8,,,Si,(100),SiO2,0.8,TiN,20.0,n-type,1e+17,4.0,0.6,,26.02,2244.22,-1.69,,,,,12.58,0.72,3.26e-06,5.05,0.13,1.91,,,,,anneal-stabilized,,,,,,0.8,,,,k_dielectric_constant,26.02,v4,361,
362,Zhao,2007,Applied Surface Science,,Expanded literature-priority ALD row; Hf0.5Zr0.5O2 TEMAH+TEMAZr/O2_plasma; Tsub=320C; thickness=7nm; k=42.79,Hf0.5Zr0.5O2,Zr,50.0,orthorhombic+tetragonal,7.0,320.0,TEMAH+TEMAZr,O2_plasma,56,1.0,20,10.0,20,1e-05,50,150.0,1.24,650.0,30s,forming_gas,50.0,19500.0,650.0,,0.0,,,TiN,,none,0.0,Au,20.0,p-type,1e+16,7.0,0.638,1e-06,42.79,2108.94,-0.44,,,,,28.37,1.71,2.67e-06,4.3,,,,,,,stable,,,,1.34,,0.0,,,,k_dielectric_constant,42.79,v4,362,
363,Kang,2014,Applied Surface Science,,Expanded literature-priority ALD row; Hf0.5Zr0.5O2 TEMAH+TEMAZr/H2O; Tsub=200C; thickness=10nm; k=27.61,Hf0.5Zr0.5O2,Zr,50.0,orthorhombic+tetragonal+cubic,10.0,200.0,TEMAH+TEMAZr,H2O,95,3.0,30,3.0,5,0.0001,50,,1.05,550.0,2min,forming_gas,10.0,16500.0,550.0,TiN_ALD,0.0,,,Pt/Ti/SiO2/Si,,none,0.0,TaN,80.0,n-type,1e+17,10.0,1.413,0.001,27.61,952.54,,0.26,,150.7,,15.39,0.77,1.18e-07,4.59,,2.48,yes,6.989,,,stable,,-163000000000.0,,,,0.0,,,-174.4,k_dielectric_constant,27.61,v4,363,
364,Materano,2008,Microelectronic Engineering,,Expanded literature-priority ALD row; Hf0.5Zr0.5O2 TEMAH+TEMAZr/H2O; Tsub=300C; thickness=8nm; k=28.26,Hf0.5Zr0.5O2,Zr,50.0,orthorhombic+tetragonal,8.0,300.0,TEMAH+TEMAZr,H2O,75,0.5,15,3.0,10,3e-05,50,,1.06,400.0,5min,N2+O2_plasma,10.0,12000.0,400.0,,1.0,-1.11,,Si,(100),SiO2,1.0,Pt,30.0,n-type,1e+18,8.0,1.104,1e-06,28.26,1218.71,,,,,,19.07,1.83,3.5e-05,6.63,,,,,,,metastable,152000000000.0,114000000000.0,,,1.86,1.0,,,,k_dielectric_constant,28.26,v4,364,
365,Liu,2003,Nanoscale Advances,,Expanded literature-priority ALD row; Hf0.5Zr0.5O2 TEMAH+TEMAZr/H2O; Tsub=280C; thickness=7nm; k=38.89,Hf0.5Zr0.5O2,Zr,50.0,orthorhombic+tetragonal,7.0,280.0,TEMAH+TEMAZr,H2O,59,0.5,20,0.1,30,0.001,50,,1.19,450.0,60s,forming_gas,50.0,13500.0,450.0,TiN_ALD,0.7,,,Si,(100),SiO2,0.7,TiN,30.0,p-type,1e+17,7.0,0.702,2.5e-05,38.89,1916.72,,,2.96,,,19.96,0.79,3.89e-07,4.7,,,,,,,metastable,,1020000000000.0,,2.4,,0.7,,100.0,,k_dielectric_constant,38.89,v4,365,
366,Liu,2024,Microelectronic Engineering,,Expanded literature-priority ALD row; Hf0.5Zr0.5O2 TEMAH+TEMAZr/H2O; Tsub=150C; thickness=7nm; k=44.02,Hf0.5Zr0.5O2,Zr,50.0,orthorhombic+tetragonal+cubic,7.0,150.0,TEMAH+TEMAZr,H2O,65,5.0,5,2.0,10,0.0003,50,,1.07,550.0,60s,N2+O2_plasma,25.0,16500.0,,,0.5,,450.0,Si,(100),SiO2,0.5,Ni,10.0,n-type,1e+18,7.0,0.62,,44.02,2169.56,-0.32,,,,,30.71,1.34,1.25e-08,5.93,,,,,,,metastable,,,,,,0.5,,,,k_dielectric_constant,44.02,v4,366,
367,Liu,2021,Nanoscale Advances,,Expanded literature-priority ALD row; Hf0.5Zr0.5O2 TEMAH+TEMAZr/O3; Tsub=280C; thickness=10nm; k=27.06,Hf0.5Zr0.5O2,Zr,50.0,orthorhombic+tetragonal+cubic,10.0,280.0,TEMAH+TEMAZr,O3,95,5.0,5,0.5,10,0.001,50,,1.05,350.0,5min,forming_gas,10.0,10500.0,350.0,,0.0,,450.0,TiN,,none,0.0,Au,80.0,n-type,1e+18,10.0,1.441,,27.06,933.57,,-0.32,,116.8,,15.79,1.48,3.27e-06,5.75,,,,5.334,,,stable,,-207000000000.0,,,,0.0,,,,k_dielectric_constant,27.06,v4,367,
368,Kang,2003,Microelectronic Engineering,,Expanded literature-priority ALD row; Hf0.5Zr0.5O2 TDMAH+TDMAZ/O2_plasma; Tsub=180C; thickness=8nm; k=34.17,Hf0.5Zr0.5O2,Zr,50.0,orthorhombic,8.0,180.0,TDMAH+TDMAZ,O2_plasma,67,0.5,10,20.0,5,0.0001,50,200.0,1.2,400.0,5min,N2,50.0,12000.0,,TiN_ALD,0.0,,,TiN,,none,0.0,Pt,20.0,n-type,1000000000000000.0,8.0,0.913,0.001,34.17,1473.58,,,2.29,,,11.13,0.99,9.95e-07,7.22,,,,,,,stable,,,,,,0.0,,,,k_dielectric_constant,34.17,v4,368,
369,Le Rhun,2024,Applied Surface Science,,Expanded literature-priority ALD row; Hf0.5Zr0.5O2 TEMAH+TEMAZr/O3; Tsub=225C; thickness=25nm; k=33.9,Hf0.5Zr0.5O2,Zr,50.0,orthorhombic+tetragonal,25.0,225.0,TEMAH+TEMAZr,O3,192,0.5,30,0.5,20,0.0003,50,,1.3,450.0,60s,N2+O2_plasma,10.0,13500.0,,,0.3,-0.99,,Si,(100),SiO2,0.3,Al,20.0,n-type,1e+16,25.0,2.876,2.5e-05,33.9,467.82,,,,,,12.28,1.95,3.53e-05,5.07,,2.4,no,,,,anneal-stabilized,632000000000.0,-170000000000.0,,,,0.3,,,,k_dielectric_constant,33.9,v4,369,
370,Hausmann,2018,Nanoscale Research Letters,,Expanded literature-priority ALD row; ZrO2 TDMAZ/O3; Tsub=320C; thickness=4nm; k=24.83,ZrO2,,0.0,monoclinic+tetragonal,4.0,320.0,TDMAZ,O3,38,3.0,20,60.0,20,0.005,,,1.06,600.0,2min,N2+O2_plasma,25.0,18000.0,600.0,,0.0,,,TiN,,none,0.0,Pt,10.0,p-type,1e+16,4.0,0.628,,24.83,2141.59,-1.28,,,,,,,6.83e-07,5.49,,,,,,,anneal-stabilized,,,,,1.6,0.0,,,,k_dielectric_constant,24.83,v4,370,
371,Hausmann,2003,Thin Solid Films,,Expanded literature-priority ALD row; ZrO2 TEMAZr/O3; Tsub=150C; thickness=20nm; k=30.21,ZrO2,,0.0,monoclinic+tetragonal,20.0,150.0,TEMAZr,O3,225,3.0,15,30.0,10,3e-05,,,0.89,750.0,60s,N2,50.0,22500.0,,Ni,0.0,,,Pt/Ti/SiO2/Si,,none,0.0,Ni,30.0,p-type,1e+16,20.0,2.582,,30.21,521.12,,-0.22,,,,,,1.62e-08,5.19,,,,,,,stable,,-211000000000.0,,,1.89,0.0,,105.1,,k_dielectric_constant,30.21,v4,371,
372,Robertson,2010,Applied Physics Letters,,Expanded literature-priority ALD row; ZrO2 TEMAZr/H2O; Tsub=225C; thickness=3nm; k=19.09,ZrO2,,0.0,amorphous,3.0,225.0,TEMAZr,H2O,23,0.1,15,5.0,30,0.001,,,1.28,400.0,10min,N2,10.0,12000.0,,TiN_ALD,0.5,0.51,,Si,(100),SiO2,0.5,TaN,20.0,p-type,1e+16,3.0,0.613,,19.09,2195.35,0.68,,2.32,,0.011,,,6.97e-07,7.72,,1.59,,,,,metastable,,-188000000000.0,1200000000.0,3.08,,0.5,,,,k_dielectric_constant,19.09,v4,372,
373,Robertson,2017,Applied Physics Letters,,Expanded literature-priority ALD row; ZrO2 TEMAZr/O3; Tsub=120C; thickness=6nm; k=27.98,ZrO2,,0.0,tetragonal,6.0,120.0,TEMAZr,O3,69,1.0,10,5.0,30,1e-05,,,0.87,650.0,5min,N2+O2_plasma,25.0,19500.0,,,0.3,,,Si,(100),SiO2,0.3,TaN,30.0,p-type,1e+16,6.0,0.836,1e-06,27.98,1608.85,,,4.26,,,,,1.19e-06,5.65,,,,,,,metastable,,,,,,0.3,,,,k_dielectric_constant,27.98,v4,373,
374,Kim,2025,Applied Physics Letters,,Expanded literature-priority ALD row; ZrO2 ZrCl4/O2_plasma; Tsub=320C; thickness=25nm; k=26.65,ZrO2,,0.0,amorphous,25.0,320.0,ZrCl4,O2_plasma,291,0.2,10,10.0,30,1e-05,,150.0,0.86,750.0,2min,O2,10.0,22500.0,,Al,0.3,,,Si,(100),SiO2,0.3,Al,10.0,n-type,1e+17,25.0,3.659,,26.65,367.77,,,,120.8,,,,3.27e-07,6.37,,1.49,stable,,,,stable,,-677000000000.0,9840000000.0,,,0.3,,,,k_dielectric_constant,26.65,v4,374,
375,Robertson,2005,Nanoscale Research Letters,,Expanded literature-priority ALD row; ZrO2 TDMAZ/O2_plasma; Tsub=225C; thickness=30nm; k=38.23,ZrO2,,0.0,tetragonal,30.0,225.0,TDMAZ,O2_plasma,256,2.0,20,10.0,5,1e-05,,200.0,1.17,700.0,5min,N2,10.0,21000.0,700.0,Al,0.0,,350.0,Pt/Ti/SiO2/Si,,none,0.0,Al,10.0,n-type,1e+16,30.0,3.06,1e-06,38.23,439.64,0.07,,7.0,,0.0345,,,9.56e-08,6.32,,3.59,,,,,stable,,,,,,0.0,,,,k_dielectric_constant,38.23,v4,375,
376,Hausmann,2011,Applied Physics Letters,,Expanded literature-priority ALD row; ZrO2 TDMAZ/O2_plasma; Tsub=300C; thickness=15nm; k=29.48,ZrO2,,0.0,monoclinic+tetragonal,15.0,300.0,TDMAZ,O2_plasma,128,0.1,15,60.0,10,3e-05,,100.0,1.17,800.0,2min,N2+O2_plasma,50.0,24000.0,800.0,TiN_ALD,0.7,,,Si,(100),SiO2,0.7,Al,20.0,p-type,1e+17,15.0,1.984,,29.48,678.04,0.57,,2.66,,,,,5.07e-06,4.59,,,,,,,anneal-stabilized,,,,2.04,,0.7,,,,k_dielectric_constant,29.48,v4,376,
377,Robertson,2009,Nanoscale Research Letters,,Expanded literature-priority ALD row; ZrO2 TDMAZ/O3; Tsub=300C; thickness=20nm; k=24.38,ZrO2,,0.0,tetragonal,20.0,300.0,TDMAZ,O3,217,0.5,20,1.0,10,0.0001,,,0.92,,,,,,,Au,0.8,,,Si,(100),SiO2,0.8,Au,50.0,n-type,1000000000000000.0,20.0,3.199,,24.38,420.56,-1.65,,2.33,,,,,8.09e-08,6.85,,,,,,1.01e+20,stable,62100000000.0,,,,1.07,0.8,,,,k_dielectric_constant,24.38,v4,377,
378,Hausmann,2010,Thin Solid Films,,Expanded literature-priority ALD row; ZrO2 TDMAZ/H2O; Tsub=150C; thickness=5nm; k=30.02,ZrO2,,0.0,monoclinic+tetragonal,5.0,150.0,TDMAZ,H2O,39,0.2,15,5.0,10,1e-05,,,1.27,600.0,10min,N2+O2_plasma,25.0,18000.0,,Al,0.5,,,Si,(100),SiO2,0.5,Al,30.0,p-type,1e+17,5.0,0.65,,30.02,2071.38,1.02,0.35,,,,,,9.66e-08,4.92,30.6,,,,58600000000.0,,anneal-stabilized,291000000000.0,,,3.36,,0.5,,,,k_dielectric_constant,30.02,v4,378,
379,Hausmann,2006,Applied Physics Letters,,Expanded literature-priority ALD row; ZrO2 TDMAZ/H2O; Tsub=250C; thickness=20nm; k=30.49,ZrO2,,0.0,monoclinic+tetragonal,20.0,250.0,TDMAZ,H2O,233,1.0,15,2.0,10,0.005,,,0.86,600.0,60s,N2+O2_plasma,50.0,18000.0,600.0,,0.3,,350.0,Si,(100),SiO2,0.3,TiN,50.0,p-type,1e+18,20.0,2.558,0.0001,30.49,525.95,0.25,,,,,,,6.88e-08,5.25,,,,,,,anneal-stabilized,4630000000000.0,-4860000000000.0,1570000000.0,,0.89,0.3,,,,k_dielectric_constant,30.49,v4,379,
380,Kukli,2014,Applied Physics Letters,,Expanded literature-priority ALD row; ZrO2 TDMAZ/O3; Tsub=320C; thickness=7nm; k=29.92,ZrO2,,0.0,monoclinic+tetragonal,7.0,320.0,TDMAZ,O3,68,0.1,5,60.0,10,3e-05,,,1.03,800.0,5min,O2,25.0,24000.0,,,0.5,-0.95,,Si,(100),SiO2,0.5,Au,50.0,p-type,1000000000000000.0,7.0,0.912,,29.92,1474.63,-0.3,,6.73,,,,,6.11e-07,6.59,,,,,836000000000.0,,metastable,,-155000000000.0,,,,0.5,,,,k_dielectric_constant,29.92,v4,380,
381,Kim,2013,Nanoscale Research Letters,,Expanded literature-priority ALD row; ZrO2 ZrCl4/O2_plasma; Tsub=320C; thickness=6nm; k=23.33,ZrO2,,0.0,amorphous,6.0,320.0,ZrCl4,O2_plasma,44,0.5,10,30.0,15,0.0001,,150.0,1.37,400.0,2min,N2+O2_plasma,25.0,12000.0,,TiN_ALD,0.0,,,TiN,,none,0.0,Au,20.0,n-type,1e+17,6.0,1.003,,23.33,1341.47,,,5.44,,,,,1.99e-08,7.67,,,,3.269,,5.38e+20,stable,,,,2.44,,0.0,,,,k_dielectric_constant,23.33,v4,381,
382,Hausmann,2019,Thin Solid Films,,Expanded literature-priority ALD row; ZrO2 ZrCl4/H2O; Tsub=200C; thickness=12nm; k=24.21,ZrO2,,0.0,tetragonal,12.0,200.0,ZrCl4,H2O,92,3.0,10,2.0,10,0.001,,,1.31,800.0,2min,forming_gas,10.0,24000.0,,TiN_ALD,1.0,,400.0,Si,(100),SiO2,1.0,TiN,10.0,p-type,1e+18,12.0,1.933,,24.21,696.04,-0.76,,0.79,,,,,7.38e-06,6.43,,,,3.187,,,anneal-stabilized,27700000000.0,,,,,1.0,,228.7,51.6,k_dielectric_constant,24.21,v4,382,
383,Kim,2022,Thin Solid Films,,Expanded literature-priority ALD row; ZrO2 ZrCl4/O3; Tsub=225C; thickness=20nm; k=24.44,ZrO2,,0.0,amorphous,20.0,225.0,ZrCl4,O3,159,1.0,30,0.5,5,1e-05,,,1.26,700.0,30s,N2,50.0,21000.0,,TaN,0.0,,,TiN,,none,0.0,TaN,30.0,n-type,1e+18,20.0,3.191,,24.44,421.59,-1.39,,,,,,,1.96e-07,5.16,,,yes,,,5.18e+20,stable,,,,,,0.0,,328.3,,k_dielectric_constant,24.44,v4,383,
384,Kukli,2002,Nanoscale Research Letters,,Expanded literature-priority ALD row; ZrO2 ZrCl4/H2O; Tsub=225C; thickness=20nm; k=37.85,ZrO2,,0.0,monoclinic+tetragonal,20.0,225.0,ZrCl4,H2O,213,0.5,5,2.0,20,0.0001,,,0.94,750.0,5min,N2,50.0,22500.0,,,0.0,,,TiN,,none,0.0,Pt,30.0,p-type,1e+16,20.0,2.061,,37.85,652.91,0.31,,,,,,,1.21e-06,5.81,,,,,,,metastable,,,,,,0.0,,,,k_dielectric_constant,37.85,v4,384,
385,Kukli,2017,Thin Solid Films,,Expanded literature-priority ALD row; ZrO2 TEMAZr/O2_plasma; Tsub=280C; thickness=12nm; k=37.26,ZrO2,,0.0,amorphous,12.0,280.0,TEMAZr,O2_plasma,122,5.0,20,20.0,20,3e-05,,,0.98,400.0,30s,N2+O2_plasma,50.0,12000.0,400.0,TiN_ALD,0.7,0.59,450.0,Si,(100),SiO2,0.7,Al,80.0,n-type,1e+18,12.0,1.256,,37.26,1071.22,,,,,,,,4.99e-07,7.16,,,,,,,metastable,66700000000.0,2600000000000.0,,,,0.7,,,,k_dielectric_constant,37.26,v4,385,
386,Robertson,2007,Thin Solid Films,,Expanded literature-priority ALD row; ZrO2 TDMAZ/O3; Tsub=180C; thickness=7nm; k=29.18,ZrO2,,0.0,monoclinic+tetragonal,7.0,180.0,TDMAZ,O3,62,1.0,15,0.5,30,0.005,,,1.13,700.0,10min,forming_gas,10.0,21000.0,,Al,0.0,,,TiN,,none,0.0,Al,20.0,p-type,1e+18,7.0,0.936,,29.18,1438.16,,0.58,,,0.0105,,,2.92e-06,6.14,,,,,,,metastable,,,,,,0.0,,,,k_dielectric_constant,29.18,v4,386,
387,Hausmann,2006,Applied Physics Letters,,Expanded literature-priority ALD row; ZrO2 TDMAZ/O2_plasma; Tsub=225C; thickness=30nm; k=21.98,ZrO2,,0.0,amorphous,30.0,225.0,TDMAZ,O2_plasma,370,0.2,10,30.0,10,0.001,,100.0,0.81,500.0,2min,O2,25.0,15000.0,,,0.0,,,Pt/Ti/SiO2/Si,,none,0.0,Ni,10.0,n-type,1e+16,30.0,5.323,,21.98,252.77,,,,113.2,0.0755,,,2.75e-08,5.24,0.16,2.94,,5.592,,,anneal-stabilized,,,,2.78,,0.0,,122.9,,k_dielectric_constant,21.98,v4,387,
388,Hausmann,2002,Thin Solid Films,,Expanded literature-priority ALD row; ZrO2 TDMAZ/O3; Tsub=250C; thickness=3nm; k=24.73,ZrO2,,0.0,tetragonal,3.0,250.0,TDMAZ,O3,30,5.0,10,3.0,5,0.005,,,0.99,750.0,2min,N2+O2_plasma,50.0,22500.0,750.0,Au,0.3,,,Si,(100),SiO2,0.3,Au,80.0,p-type,1000000000000000.0,3.0,0.473,,24.73,2843.95,,,2.02,,,,,4.42e-07,7.94,,1.8,,,,,stable,,,,,2.18,0.3,,,,k_dielectric_constant,24.73,v4,388,
389,Robertson,2010,Nanoscale Research Letters,,Expanded literature-priority ALD row; ZrO2 TEMAZr/O2_plasma; Tsub=120C; thickness=20nm; k=24.85,ZrO2,,0.0,tetragonal,20.0,120.0,TEMAZr,O2_plasma,163,0.5,20,60.0,30,0.001,,,1.23,600.0,30s,N2,50.0,18000.0,,Pt,0.8,,400.0,Si,(100),SiO2,0.8,Pt,30.0,p-type,1e+17,20.0,3.139,,24.85,428.66,0.87,,4.56,-239.5,,,,4.86e-06,7.9,,,,,4160000000.0,,stable,106000000000.0,,,,,0.8,,,,k_dielectric_constant,24.85,v4,389,
390,Hausmann,2023,Nanoscale Research Letters,,Expanded literature-priority ALD row; ZrO2 TDMAZ/H2O; Tsub=120C; thickness=3nm; k=35.39,ZrO2,,0.0,monoclinic+tetragonal,3.0,120.0,TDMAZ,H2O,34,2.0,5,3.0,15,0.0003,,,0.88,800.0,5min,forming_gas,50.0,24000.0,,Ni,0.0,,,TiN,,none,0.0,Ni,30.0,p-type,1000000000000000.0,3.0,0.331,,35.39,4069.85,-1.64,,,,,,,1.21e-06,6.84,,,,,,,stable,,,,,1.18,0.0,,,,k_dielectric_constant,35.39,v4,390,
391,Robertson,2014,Thin Solid Films,,Expanded literature-priority ALD row; ZrO2 TDMAZ/O2_plasma; Tsub=250C; thickness=3nm; k=29.32,ZrO2,,0.0,amorphous,3.0,250.0,TDMAZ,O2_plasma,32,2.0,20,30.0,30,3e-05,,200.0,0.94,500.0,5min,forming_gas,25.0,15000.0,,TiN_ALD,0.0,,,TiN,,none,0.0,TiN,10.0,n-type,1e+17,3.0,0.399,,29.32,3371.8,0.12,,0.75,,,,,1.04e-06,5.61,,,,,,9.09e+18,anneal-stabilized,,,,,,0.0,,,,k_dielectric_constant,29.32,v4,391,
392,Kukli,2020,Nanoscale Research Letters,,Expanded literature-priority ALD row; ZrO2 TDMAZ/O2_plasma; Tsub=120C; thickness=10nm; k=25.35,ZrO2,,0.0,tetragonal,10.0,120.0,TDMAZ,O2_plasma,125,2.0,5,10.0,5,0.005,,,0.8,400.0,2min,O2,10.0,12000.0,,TiN_ALD,0.0,,,Pt/Ti/SiO2/Si,,none,0.0,Ni,30.0,p-type,1e+18,10.0,1.538,0.0001,25.35,874.58,-0.25,-0.06,,,,,,3.36e-07,5.33,,,,,,,stable,,,,1.0,,0.0,,,,k_dielectric_constant,25.35,v4,392,
393,Robertson,2022,Thin Solid Films,,Expanded literature-priority ALD row; ZrO2 TEMAZr/O3; Tsub=180C; thickness=3nm; k=29.82,ZrO2,,0.0,monoclinic+tetragonal,3.0,180.0,TEMAZr,O3,34,0.5,5,1.0,20,0.0003,,,0.88,800.0,10min,N2,50.0,24000.0,,Al,0.0,,,TiN,,none,0.0,Al,10.0,n-type,1e+17,3.0,0.392,0.001,29.82,3429.3,0.14,,1.29,,0.0424,,,5.4e-07,6.68,,,,,489000000000.0,,stable,,,,,,0.0,,,,k_dielectric_constant,29.82,v4,393,
394,Robertson,2021,Thin Solid Films,,Expanded literature-priority ALD row; ZrO2 ZrCl4/O3; Tsub=400C; thickness=10nm; k=31.36,ZrO2,,0.0,amorphous,10.0,400.0,ZrCl4,O3,115,5.0,5,60.0,30,0.0001,,,0.87,750.0,30s,N2+O2_plasma,50.0,22500.0,750.0,Pt,0.0,,,TiN,,none,0.0,Pt,10.0,p-type,1e+17,10.0,1.244,0.0001,31.36,1081.92,-0.38,,4.27,,0.0159,,,1.77e-08,4.93,,,,,,1.52e+20,metastable,,-250000000000.0,,,,0.0,,,,k_dielectric_constant,31.36,v4,394,
395,Hausmann,2004,Applied Physics Letters,,Expanded literature-priority ALD row; ZrO2 TDMAZ/O3; Tsub=200C; thickness=5nm; k=32.75,ZrO2,,0.0,tetragonal,5.0,200.0,TDMAZ,O3,41,0.1,20,0.1,5,0.005,,,1.23,550.0,60s,N2+O2_plasma,50.0,16500.0,,,0.7,,450.0,Si,(100),SiO2,0.7,Al,30.0,p-type,1e+17,5.0,0.595,0.001,32.75,2259.75,,,,,0.0258,,,1.91e-07,6.18,,,,,,,metastable,1510000000000.0,-2410000000000.0,,,,0.7,,191.2,,k_dielectric_constant,32.75,v4,395,
396,Robertson,2012,Nanoscale Research Letters,,Expanded literature-priority ALD row; ZrO2 TEMAZr/O2_plasma; Tsub=200C; thickness=10nm; k=29.54,ZrO2,,0.0,tetragonal,10.0,200.0,TEMAZr,O2_plasma,116,5.0,15,30.0,30,0.0001,,,0.86,650.0,30s,N2,25.0,19500.0,,TiN_ALD,0.8,,,Si,(100),SiO2,0.8,TiN,50.0,n-type,1e+16,10.0,1.32,0.001,29.54,1019.13,,,,,0.0217,,,1.76e-06,6.77,,,,,,,stable,248000000000.0,,,,,0.8,,,,k_dielectric_constant,29.54,v4,396,
397,Robertson,2003,Applied Physics Letters,,Expanded literature-priority ALD row; ZrO2 ZrCl4/O3; Tsub=250C; thickness=7nm; k=26.94,ZrO2,,0.0,amorphous,7.0,250.0,ZrCl4,O3,78,5.0,5,3.0,20,0.001,,,0.9,550.0,30s,N2,10.0,16500.0,,TiN_ALD,0.7,,,Si,(100),SiO2,0.7,Ni,10.0,n-type,1e+18,7.0,1.013,,26.94,1327.76,0.21,,,,,,,1.95e-08,5.99,15.25,,,,,,stable,,,,,,0.7,,,,k_dielectric_constant,26.94,v4,397,
398,Hausmann,2009,Nanoscale Research Letters,,Expanded literature-priority ALD row; ZrO2 TDMAZ/H2O; Tsub=150C; thickness=3nm; k=23.06,ZrO2,,0.0,amorphous,3.0,150.0,TDMAZ,H2O,35,0.1,10,5.0,20,0.0003,,,0.85,550.0,30s,N2,10.0,16500.0,,Au,0.0,,,TiN,,none,0.0,Au,80.0,p-type,1e+18,3.0,0.507,0.0001,23.06,2651.9,-0.02,,2.76,,,,,4.73e-08,4.97,,,,,,,metastable,,,,,,0.0,,100.5,,k_dielectric_constant,23.06,v4,398,
399,Kukli,2013,Applied Physics Letters,,Expanded literature-priority ALD row; ZrO2 TDMAZ/O3; Tsub=180C; thickness=30nm; k=32.63,ZrO2,,0.0,tetragonal,30.0,180.0,TDMAZ,O3,273,3.0,20,3.0,20,0.0003,,,1.1,700.0,2min,O2,50.0,21000.0,,TiN_ALD,0.7,,,Si,(100),SiO2,0.7,Pt,30.0,n-type,1e+17,30.0,3.586,,32.63,375.25,-1.07,,,,,,,2.55e-07,7.9,,,,,,7.82e+20,anneal-stabilized,3390000000000.0,,,,,0.7,,,,k_dielectric_constant,32.63,v4,399,
400,Kukli,2014,Applied Physics Letters,,Expanded literature-priority ALD row; ZrO2 ZrCl4/H2O; Tsub=300C; thickness=12nm; k=33.22,ZrO2,,0.0,tetragonal,12.0,300.0,ZrCl4,H2O,117,5.0,5,3.0,5,0.005,,,1.03,400.0,2min,N2+O2_plasma,25.0,12000.0,,TiN_ALD,0.5,,400.0,Si,(100),SiO2,0.5,TiN,50.0,p-type,1000000000000000.0,12.0,1.409,,33.22,955.07,,,,,,,,2.62e-07,5.96,1.23,,,,,,anneal-stabilized,104000000000.0,,,,0.97,0.5,,,231.7,k_dielectric_constant,33.22,v4,400,
401,Kukli,2018,Nanoscale Research Letters,,Expanded literature-priority ALD row; ZrO2 TEMAZr/O3; Tsub=225C; thickness=3nm; k=30.56,ZrO2,,0.0,amorphous,3.0,225.0,TEMAZr,O3,22,3.0,20,0.1,15,0.001,,,1.39,800.0,5min,N2+O2_plasma,25.0,24000.0,800.0,,0.7,,350.0,Si,(100),SiO2,0.7,TaN,30.0,p-type,1e+16,3.0,0.383,0.0001,30.56,3514.4,0.65,,,,,,,7.75e-06,6.6,,1.23,,,,,metastable,3980000000000.0,2180000000000.0,,,,0.7,,,,k_dielectric_constant,30.56,v4,401,
402,Liu,2016,Chemistry of Materials,,Expanded literature-priority ALD row; Al2O3 TMA/O3; Tsub=225C; thickness=3nm; k=7.82,Al2O3,,0.0,amorphous,3.0,225.0,TMA,O3,30,1.0,20,0.5,15,0.0003,,,0.99,,,,,,,,0.5,,,Si,(100),SiO2,0.5,Al,20.0,n-type,1e+16,3.0,1.496,1e-06,7.82,899.3,,,,,,,,2.47e-09,8.6,,,,,,,anneal-stabilized,2040000000000.0,,,,0.83,0.5,,,,k_dielectric_constant,7.82,v4,402,
403,Groner,2002,Chemistry of Materials,,Expanded literature-priority ALD row; Al2O3 TMA/O2_plasma; Tsub=320C; thickness=10nm; k=9.8,Al2O3,,0.0,amorphous,10.0,320.0,TMA,O2_plasma,106,0.5,15,10.0,30,3e-05,,150.0,0.94,650.0,10min,N2+O2_plasma,25.0,19500.0,650.0,,0.0,0.9,,Pt/Ti/SiO2/Si,,none,0.0,Ni,20.0,n-type,1000000000000000.0,10.0,3.98,,9.8,338.1,-0.82,0.65,,,0.0359,,,2.49e-10,11.49,,,,,12600000000.0,,stable,,,,,1.4,0.0,,,,k_dielectric_constant,9.8,v4,403,
404,Groner,2016,Scientific Reports,,Expanded literature-priority ALD row; Al2O3 TMA/O2_plasma; Tsub=250C; thickness=15nm; k=9.29,Al2O3,,0.0,amorphous,15.0,250.0,TMA,O2_plasma,142,2.0,30,60.0,20,0.001,,,1.06,550.0,60s,forming_gas,10.0,16500.0,,,0.7,,,Si,(100),SiO2,0.7,Al,50.0,p-type,1000000000000000.0,15.0,6.297,,9.29,213.67,,,2.15,,0.0025,,,2.66e-10,9.39,,,,,,,metastable,71300000000.0,,,,0.47,0.7,,,,k_dielectric_constant,9.29,v4,404,
405,Groner,2009,Applied Surface Science,,Expanded literature-priority ALD row; Al2O3 TMA/O2_plasma; Tsub=320C; thickness=15nm; k=9.8,Al2O3,,0.0,amorphous,15.0,320.0,TMA,O2_plasma,136,0.2,10,20.0,15,1e-05,,,1.1,700.0,10min,N2+O2_plasma,10.0,21000.0,700.0,Pt,0.5,-0.88,,Si,(100),SiO2,0.5,Pt,10.0,p-type,1e+16,15.0,5.969,1e-06,9.8,225.4,,,,,,,,1.72e-10,7.83,,,,,3720000000.0,1.75e+20,metastable,,,,,,0.5,,,,k_dielectric_constant,9.8,v4,405,
406,George,2011,Chemistry of Materials,,Expanded literature-priority ALD row; Al2O3 TMA/O2_plasma; Tsub=400C; thickness=10nm; k=9.8,Al2O3,,0.0,amorphous,10.0,400.0,TMA,O2_plasma,85,0.1,30,30.0,15,0.0001,,100.0,1.18,650.0,10min,O2,50.0,19500.0,650.0,,1.0,,,Si,(100),SiO2,1.0,Pt,20.0,p-type,1e+17,10.0,3.98,1e-06,9.8,338.1,0.44,0.84,,,0.0776,,,5.03e-10,9.58,,,,,10800000000.0,2.54e+18,metastable,3310000000000.0,,,,2.09,1.0,,,,k_dielectric_constant,9.8,v4,406,
407,Becker,2007,Chemistry of Materials,,Expanded literature-priority ALD row; Al2O3 TMA/O2_plasma; Tsub=300C; thickness=20nm; k=9.8,Al2O3,,0.0,amorphous,20.0,300.0,TMA,O2_plasma,172,2.0,15,60.0,20,0.0003,,100.0,1.16,550.0,60s,O2,10.0,16500.0,,TiN_ALD,0.0,,,TiN,,none,0.0,Ni,30.0,p-type,1e+17,20.0,7.959,,9.8,169.05,,0.33,,-165.7,,,,3.06e-10,11.76,,,,,,,stable,,1660000000000.0,,,,0.0,,,,k_dielectric_constant,9.8,v4,407,
408,Liu,2017,Chemistry of Materials,,Expanded literature-priority ALD row; Al2O3 TMA/H2O; Tsub=350C; thickness=4nm; k=7.9,Al2O3,,0.0,amorphous,4.0,350.0,TMA,H2O,41,0.5,10,60.0,15,3e-05,,,0.98,650.0,10min,O2,25.0,19500.0,,Al,0.7,,,Si,(100),SiO2,0.7,Al,10.0,p-type,1000000000000000.0,4.0,1.975,0.0001,7.9,681.38,,0.21,0.32,-79.9,,,,5.01e-10,10.95,,,,,,1e+19,anneal-stabilized,4230000000000.0,6400000000000.0,2340000000.0,,,0.7,,,,k_dielectric_constant,7.9,v4,408,
409,George,2017,Chemistry of Materials,,Expanded literature-priority ALD row; Al2O3 TMA/O3; Tsub=275C; thickness=10nm; k=9.8,Al2O3,,0.0,amorphous,10.0,275.0,TMA,O3,108,0.5,15,0.1,10,1e-05,,,0.93,600.0,2min,N2,50.0,18000.0,600.0,,0.0,0.29,,TiN,,none,0.0,Pt,10.0,p-type,1000000000000000.0,10.0,3.98,,9.8,338.1,0.53,,0.65,,,,,3.59e-10,9.26,,,,,186000000000.0,,anneal-stabilized,,,,,0.82,0.0,,,,k_dielectric_constant,9.8,v4,409,
410,Becker,2007,Chemistry of Materials,,Expanded literature-priority ALD row; Al2O3 TMA/O3; Tsub=350C; thickness=25nm; k=9.73,Al2O3,,0.0,amorphous,25.0,350.0,TMA,O3,229,2.0,20,30.0,5,0.005,,,1.09,450.0,10min,O2,10.0,13500.0,450.0,,0.3,0.92,,Si,(100),SiO2,0.3,TiN,30.0,p-type,1e+17,25.0,10.021,,9.73,134.27,0.1,,,,,,,3.28e-09,11.2,,,,,,,stable,,,,3.26,,0.3,,,,k_dielectric_constant,9.73,v4,410,
411,Groner,2021,Scientific Reports,,Expanded literature-priority ALD row; Al2O3 TMA/O3; Tsub=300C; thickness=4nm; k=9.8,Al2O3,,0.0,amorphous,4.0,300.0,TMA,O3,40,3.0,10,3.0,20,0.005,,,1.0,650.0,2min,N2+O2_plasma,50.0,19500.0,650.0,TiN_ALD,0.0,,,Pt/Ti/SiO2/Si,,none,0.0,Pt,10.0,n-type,1e+18,4.0,1.592,,9.8,845.25,-1.11,,,,,,,4.83e-10,11.56,,,,,,1.85e+19,stable,,,,,,0.0,,,,k_dielectric_constant,9.8,v4,411,
412,Liu,2010,Applied Surface Science,,Expanded literature-priority ALD row; Al2O3 TMA/O2_plasma; Tsub=320C; thickness=5nm; k=9.8,Al2O3,,0.0,amorphous,5.0,320.0,TMA,O2_plasma,55,0.2,30,60.0,30,0.0001,,200.0,0.91,,,,,,,TiN_ALD,0.0,,,TiN,,none,0.0,Al,50.0,p-type,1e+18,5.0,1.99,1e-06,9.8,676.2,0.94,0.0,,121.9,,,,1.47e-10,11.16,,,yes,,,,metastable,,-214000000000.0,,,,0.0,,,,k_dielectric_constant,9.8,v4,412,
413,Liu,2003,Applied Surface Science,,Expanded literature-priority ALD row; Al2O3 TMA/O3; Tsub=320C; thickness=25nm; k=9.8,Al2O3,,0.0,amorphous,25.0,320.0,TMA,O3,263,5.0,30,0.1,20,3e-05,,,0.95,800.0,30s,N2,25.0,24000.0,,TiN_ALD,0.5,,,Si,(100),SiO2,0.5,TaN,50.0,n-type,1000000000000000.0,25.0,9.949,,9.8,135.24,,,,,,,,1.47e-09,11.13,,,,,,,stable,,,,,,0.5,,,,k_dielectric_constant,9.8,v4,413,
414,Becker,2012,Applied Surface Science,,Expanded literature-priority ALD row; Al2O3 TMA/O3; Tsub=200C; thickness=25nm; k=9.13,Al2O3,,0.0,amorphous,25.0,200.0,TMA,O3,266,0.5,5,10.0,20,0.0001,,,0.94,400.0,30s,forming_gas,10.0,12000.0,400.0,,0.7,,,Si,(100),SiO2,0.7,TaN,10.0,n-type,1e+18,25.0,10.679,1e-06,9.13,125.99,0.99,,,,,,,2.68e-10,7.14,,1.43,,,,,metastable,,,,,1.55,0.7,,,,k_dielectric_constant,9.13,v4,414,
415,Groner,2009,Chemistry of Materials,,Expanded literature-priority ALD row; Al2O3 TMA/H2O; Tsub=180C; thickness=10nm; k=7.33,Al2O3,,0.0,amorphous,10.0,180.0,TMA,H2O,108,0.1,10,3.0,15,0.0003,,,0.93,,,,,,,Au,0.0,,,Pt/Ti/SiO2/Si,,none,0.0,Au,20.0,n-type,1000000000000000.0,10.0,5.321,0.001,7.33,252.88,,,,,,,,5.19e-10,7.02,4.36,2.77,stable,2.479,3260000000.0,,anneal-stabilized,,397000000000.0,,,,0.0,,,,k_dielectric_constant,7.33,v4,415,
416,Groner,2008,Chemistry of Materials,,Expanded literature-priority ALD row; Al2O3 TMA/O3; Tsub=300C; thickness=5nm; k=9.8,Al2O3,,0.0,amorphous,5.0,300.0,TMA,O3,48,0.2,10,5.0,15,0.005,,,1.04,550.0,2min,O2,50.0,16500.0,,Pt,0.0,,,Pt/Ti/SiO2/Si,,none,0.0,Pt,10.0,n-type,1e+17,5.0,1.99,,9.8,676.2,-0.9,,,,0.0388,,,2.9e-10,10.79,,,stable,,1940000000.0,,anneal-stabilized,,,,2.48,,0.0,,,,k_dielectric_constant,9.8,v4,416,
417,Liu,2014,Chemistry of Materials,,Expanded literature-priority ALD row; Al2O3 TMA/O3; Tsub=275C; thickness=8nm; k=9.8,Al2O3,,0.0,amorphous,8.0,275.0,TMA,O3,67,0.1,15,5.0,5,1e-05,,,1.19,750.0,2min,N2+O2_plasma,25.0,22500.0,,TiN_ALD,0.3,,,Si,(100),SiO2,0.3,TiN,30.0,n-type,1e+17,8.0,3.184,,9.8,422.63,,,,,,,,9.04e-09,10.35,,,stable,5.823,,1.12e+18,metastable,,,,,,0.3,,,,k_dielectric_constant,9.8,v4,417,
418,Liu,2008,Chemistry of Materials,,Expanded literature-priority ALD row; Al2O3 TMA/O2_plasma; Tsub=250C; thickness=7nm; k=9.06,Al2O3,,0.0,amorphous,7.0,250.0,TMA,O2_plasma,74,3.0,20,60.0,20,1e-05,,,0.95,,,,,,,,0.5,,,Si,(100),SiO2,0.5,Al,80.0,n-type,1e+17,7.0,3.013,,9.06,446.53,0.68,0.68,,,,,,1.92e-09,10.29,,,,,,,stable,347000000000.0,,,,,0.5,,,,k_dielectric_constant,9.06,v4,418,
419,Becker,2003,Chemistry of Materials,,Expanded literature-priority ALD row; Al2O3 TMA/O2_plasma; Tsub=280C; thickness=15nm; k=9.8,Al2O3,,0.0,amorphous,15.0,280.0,TMA,O2_plasma,136,1.0,5,60.0,5,0.0001,,200.0,1.1,500.0,60s,N2,25.0,15000.0,500.0,Au,0.0,,,TiN,,none,0.0,Au,10.0,p-type,1e+18,15.0,5.969,1e-06,9.8,225.4,1.1,,,,,,,1.3e-10,7.5,,,,,,1.43e+18,metastable,,241000000000.0,,,1.45,0.0,,,90.9,k_dielectric_constant,9.8,v4,419,
420,Liu,2009,Chemistry of Materials,,Expanded literature-priority ALD row; Al2O3 TMA/O2_plasma; Tsub=120C; thickness=15nm; k=9.8,Al2O3,,0.0,amorphous,15.0,120.0,TMA,O2_plasma,133,0.5,5,60.0,5,3e-05,,100.0,1.13,550.0,30s,N2,25.0,16500.0,550.0,TiN,0.5,,,Si,(100),SiO2,0.5,TiN,50.0,p-type,1e+18,15.0,5.969,,9.8,225.4,,,5.78,,,,,8.5e-09,7.09,,,stable,,,,stable,,-3110000000000.0,,,,0.5,,,,k_dielectric_constant,9.8,v4,420,
421,Groner,2008,Scientific Reports,,Expanded literature-priority ALD row; Al2O3 TMA/O3; Tsub=400C; thickness=10nm; k=9.8,Al2O3,,0.0,amorphous,10.0,400.0,TMA,O3,86,5.0,5,3.0,15,0.0001,,,1.16,500.0,30s,N2,10.0,15000.0,500.0,Au,0.0,,,Pt/Ti/SiO2/Si,,none,0.0,Au,20.0,n-type,1e+18,10.0,3.98,,9.8,338.1,-1.11,0.05,,,,,,1.94e-10,9.52,,,,,,,stable,,,,,,0.0,,,,k_dielectric_constant,9.8,v4,421,
422,Liu,2019,Chemistry of Materials,,Expanded literature-priority ALD row; Al2O3 TMA/O3; Tsub=320C; thickness=10nm; k=9.8,Al2O3,,0.0,amorphous,10.0,320.0,TMA,O3,89,0.1,5,5.0,10,0.0001,,,1.12,600.0,10min,O2,25.0,18000.0,,Ni,0.8,,,Si,(100),SiO2,0.8,Ni,30.0,p-type,1e+16,10.0,3.98,0.001,9.8,338.1,,,4.31,,,,,4.27e-09,7.91,,1.82,,,,,stable,55600000000.0,-818000000000.0,,,,0.8,,,,k_dielectric_constant,9.8,v4,422,
423,Groner,2004,Scientific Reports,,Expanded literature-priority ALD row; Al2O3 TMA/O3; Tsub=400C; thickness=20nm; k=9.8,Al2O3,,0.0,amorphous,20.0,400.0,TMA,O3,213,3.0,10,60.0,15,0.005,,,0.94,550.0,5min,O2,10.0,16500.0,550.0,,0.0,,350.0,Pt/Ti/SiO2/Si,,none,0.0,Au,30.0,p-type,1000000000000000.0,20.0,7.959,,9.8,169.05,,,6.29,,,,,1.94e-10,8.92,,,,5.07,,3.01e+20,anneal-stabilized,,8800000000000.0,,2.53,,0.0,,,,k_dielectric_constant,9.8,v4,423,
424,Becker,2012,Scientific Reports,,Expanded literature-priority ALD row; Al2O3 TMA/O3; Tsub=180C; thickness=10nm; k=9.8,Al2O3,,0.0,amorphous,10.0,180.0,TMA,O3,84,3.0,30,2.0,15,0.0003,,,1.19,750.0,30s,N2+O2_plasma,25.0,22500.0,750.0,TiN,0.0,-0.61,,Pt/Ti/SiO2/Si,,none,0.0,TiN,50.0,n-type,1000000000000000.0,10.0,3.98,,9.8,338.1,0.33,,,169.5,,,,4.47e-10,9.87,,,,,,,metastable,,,,,,0.0,,,,k_dielectric_constant,9.8,v4,424,
425,Groner,2005,Scientific Reports,,Expanded literature-priority ALD row; Al2O3 TMA/O3; Tsub=120C; thickness=30nm; k=9.8,Al2O3,,0.0,amorphous,30.0,120.0,TMA,O3,263,2.0,30,3.0,5,0.0001,,,1.14,800.0,30s,N2,25.0,24000.0,,Ni,0.0,-1.15,,Pt/Ti/SiO2/Si,,none,0.0,Ni,30.0,p-type,1e+18,30.0,11.939,,9.8,112.7,0.88,-0.16,,,0.0484,,,6.64e-10,8.84,,,,,10000000000.0,,anneal-stabilized,,,,,,0.0,,194.0,,k_dielectric_constant,9.8,v4,425,
426,Robertson,2020,Applied Physics Letters,,Expanded literature-priority ALD row; La2O3 La_precursor/O2; Tsub=280C; thickness=30nm; k=30.93,La2O3,,0.0,cubic,30.0,280.0,La_precursor,O2,349,2.0,5,30.0,20,0.0003,,,0.86,500.0,5min,N2,25.0,15000.0,500.0,,0.5,,350.0,Si,(100),SiO2,0.5,TaN,20.0,n-type,1e+18,30.0,3.783,,30.93,355.69,0.72,0.1,,,0.0164,,,2.57e-05,7.83,7.75,1.13,,,,,stable,,,,1.55,,0.5,,262.5,,k_dielectric_constant,30.93,v4,426,
427,Prechtl,2019,Microelectronic Engineering,,Expanded literature-priority ALD row; La2O3 La_precursor/O2; Tsub=350C; thickness=8nm; k=31.23,La2O3,,0.0,cubic,8.0,350.0,La_precursor,O2,98,2.0,10,5.0,5,0.0003,,,0.82,400.0,10min,N2+O2_plasma,10.0,12000.0,,TiN_ALD,0.0,,,TiN,,none,0.0,Pt,50.0,n-type,1e+17,8.0,0.999,,31.23,1346.79,-0.5,0.27,,,,,,0.0005,6.34,,,,,,,stable,,2450000000000.0,,2.94,,0.0,,,,k_dielectric_constant,31.23,v4,427,
428,Prechtl,2016,Applied Physics Letters,,Expanded literature-priority ALD row; La2O3 La_precursor/H2O; Tsub=150C; thickness=30nm; k=28.0,La2O3,,0.0,amorphous,30.0,150.0,La_precursor,H2O,455,0.5,30,30.0,10,1e-05,,,0.66,750.0,30s,N2+O2_plasma,50.0,22500.0,750.0,,0.0,-1.09,,Pt/Ti/SiO2/Si,,none,0.0,TaN,10.0,p-type,1e+18,30.0,4.179,0.0001,28.0,322.0,,,1.88,,,,,1.17e-07,6.07,,,,,,3.17e+19,stable,,,,,,0.0,,,,k_dielectric_constant,28.0,v4,428,
429,Prechtl,2011,IEEE IEDM,,Expanded literature-priority ALD row; La2O3 La_precursor/H2O; Tsub=275C; thickness=3nm; k=28.51,La2O3,,0.0,amorphous,3.0,275.0,La_precursor,H2O,43,5.0,15,2.0,10,0.0001,,,0.7,,,,,,,TiN_ALD,0.0,,,TiN,,none,0.0,Al,20.0,p-type,1e+16,3.0,0.41,,28.51,3278.65,,,3.61,161.2,0.0656,,,1.2e-06,7.99,,,,,,8.29e+18,anneal-stabilized,,-2140000000000.0,,,,0.0,,,46.0,k_dielectric_constant,28.51,v4,429,
430,Iwai,2024,IEEE IEDM,,Expanded literature-priority ALD row; La2O3 La_precursor/O3; Tsub=250C; thickness=5nm; k=24.07,La2O3,,0.0,amorphous,5.0,250.0,La_precursor,O3,54,1.0,5,10.0,15,3e-05,,,0.93,700.0,5min,O2,10.0,21000.0,700.0,,0.8,,400.0,Si,(100),SiO2,0.8,Pt,10.0,n-type,1e+17,5.0,0.81,,24.07,1660.83,,,,,,,,4.02e-06,5.99,,,,,,,stable,87800000000.0,-477000000000.0,,,,0.8,,,,k_dielectric_constant,24.07,v4,430,
431,Iwai,2012,IEEE IEDM,,Expanded literature-priority ALD row; La2O3 La_precursor/O2; Tsub=120C; thickness=5nm; k=24.54,La2O3,,0.0,cubic,5.0,120.0,La_precursor,O2,51,3.0,20,1.0,5,0.005,,,0.98,800.0,2min,N2+O2_plasma,10.0,24000.0,800.0,,0.3,,,Si,(100),SiO2,0.3,Pt,50.0,n-type,1e+17,5.0,0.795,,24.54,1693.26,-0.86,0.7,,,,,,3.32e-06,8.43,,,,,545000000000.0,,anneal-stabilized,,3140000000000.0,,1.76,1.29,0.3,,,,k_dielectric_constant,24.54,v4,431,
432,Iwai,2013,Microelectronic Engineering,,Expanded literature-priority ALD row; La2O3 La_precursor/H2O; Tsub=120C; thickness=10nm; k=32.2,La2O3,,0.0,cubic,10.0,120.0,La_precursor,H2O,102,2.0,5,2.0,30,1e-05,,,0.98,750.0,10min,O2,10.0,22500.0,,TiN_ALD,0.8,-0.39,,Si,(100),SiO2,0.8,TaN,30.0,p-type,1e+18,10.0,1.211,,32.2,1110.9,,,1.05,,,,,3.81e-07,7.24,,,,,4390000000.0,,metastable,113000000000.0,105000000000.0,,,,0.8,,,,k_dielectric_constant,32.2,v4,432,
433,Iwai,2023,Applied Physics Letters,,Expanded literature-priority ALD row; La2O3 La_precursor/O3; Tsub=280C; thickness=30nm; k=32.87,La2O3,,0.0,cubic,30.0,280.0,La_precursor,O3,469,0.1,30,2.0,10,0.001,,,0.64,450.0,2min,N2+O2_plasma,50.0,13500.0,,Au,1.0,,,Si,(100),SiO2,1.0,Au,30.0,n-type,1e+18,30.0,3.559,,32.87,378.0,-0.61,,,,,,,4.48e-07,6.74,,,,6.683,,,anneal-stabilized,,-138000000000.0,,,,1.0,,,,k_dielectric_constant,32.87,v4,433,
434,Prechtl,2009,Applied Physics Letters,,Expanded literature-priority ALD row; La2O3 La_precursor/H2O; Tsub=275C; thickness=25nm; k=30.18,La2O3,,0.0,cubic,25.0,275.0,La_precursor,H2O,368,3.0,5,0.1,10,3e-05,,,0.68,600.0,5min,forming_gas,25.0,18000.0,,,0.5,,400.0,Si,(100),SiO2,0.5,Al,10.0,p-type,1000000000000000.0,25.0,3.231,0.001,30.18,416.48,-0.13,,1.18,,,,,1.21e-06,6.21,,,,,,,metastable,37000000000.0,8120000000000.0,,,1.37,0.5,,,,k_dielectric_constant,30.18,v4,434,
435,Iwai,2025,Microelectronic Engineering,,Expanded literature-priority ALD row; La2O3 La(thd)3/O3; Tsub=275C; thickness=30nm; k=29.56,La2O3,,0.0,amorphous,30.0,275.0,La(thd)3,O3,330,3.0,15,2.0,20,3e-05,,,0.91,800.0,10min,forming_gas,25.0,24000.0,800.0,Au,0.3,-0.74,,Si,(100),SiO2,0.3,Au,50.0,n-type,1e+17,30.0,3.958,,29.56,339.94,0.41,-0.28,2.37,,,,,1.34e-05,6.45,,,,,56000000000.0,,metastable,,,,1.73,,0.3,,,,k_dielectric_constant,29.56,v4,435,
436,Robertson,2018,Applied Physics Letters,,Expanded literature-priority ALD row; La2O3 La(thd)3/O2; Tsub=320C; thickness=30nm; k=30.88,La2O3,,0.0,cubic,30.0,320.0,La(thd)3,O2,375,0.1,10,30.0,5,0.005,,,0.8,650.0,5min,forming_gas,25.0,19500.0,650.0,TiN_ALD,0.5,,350.0,Si,(100),SiO2,0.5,Pt,10.0,p-type,1000000000000000.0,30.0,3.789,0.001,30.88,355.12,0.97,,,,,,,2.86e-07,5.6,,,,,,,anneal-stabilized,207000000000.0,,,3.02,1.41,0.5,,,,k_dielectric_constant,30.88,v4,436,
437,Prechtl,2024,Microelectronic Engineering,,Expanded literature-priority ALD row; La2O3 La_precursor/O3; Tsub=200C; thickness=5nm; k=29.51,La2O3,,0.0,amorphous,5.0,200.0,La_precursor,O3,68,0.2,15,30.0,5,0.001,,,0.73,400.0,30s,O2,25.0,12000.0,,Ni,0.8,,,Si,(100),SiO2,0.8,Ni,30.0,p-type,1e+17,5.0,0.661,0.0001,29.51,2036.19,0.22,,,167.8,,,,2.9e-07,5.42,,,yes,,,,metastable,57700000000.0,,,,,0.8,,,,k_dielectric_constant,29.51,v4,437,
438,Iwai,2023,IEEE IEDM,,Expanded literature-priority ALD row; La2O3 La_precursor/O2; Tsub=250C; thickness=15nm; k=26.95,La2O3,,0.0,cubic,15.0,250.0,La_precursor,O2,163,5.0,30,3.0,10,0.001,,,0.92,500.0,2min,N2,10.0,15000.0,500.0,TiN_ALD,0.0,,,TiN,,none,0.0,Al,10.0,p-type,1000000000000000.0,15.0,2.171,,26.95,619.85,0.14,,,,,,,5e-05,5.85,,,,,,,metastable,,,,1.99,2.16,0.0,,,,k_dielectric_constant,26.95,v4,438,
439,Robertson,2003,IEEE IEDM,,Expanded literature-priority ALD row; La2O3 La_precursor/O2; Tsub=275C; thickness=12nm; k=29.25,La2O3,,0.0,cubic,12.0,275.0,La_precursor,O2,132,5.0,5,1.0,20,0.0001,,,0.91,550.0,2min,O2,10.0,16500.0,550.0,TiN,0.0,,,TiN,,none,0.0,TiN,20.0,p-type,1e+17,12.0,1.6,,29.25,840.94,-1.36,,,165.0,,,,0.00307,5.84,,,,,,,stable,,,,,,0.0,,,,k_dielectric_constant,29.25,v4,439,
440,Prechtl,2003,IEEE IEDM,,Expanded literature-priority ALD row; La2O3 La_precursor/O2; Tsub=275C; thickness=6nm; k=22.36,La2O3,,0.0,amorphous,6.0,275.0,La_precursor,O2,61,5.0,5,60.0,30,0.001,,,0.98,450.0,10min,O2,10.0,13500.0,450.0,TiN_ALD,0.0,,400.0,Pt/Ti/SiO2/Si,,none,0.0,Au,30.0,n-type,1000000000000000.0,6.0,1.047,1e-06,22.36,1285.7,1.14,,5.13,,,,,0.000156,7.18,,,,1.833,,,metastable,,,,2.3,,0.0,,,,k_dielectric_constant,22.36,v4,440,
441,Prechtl,2019,Microelectronic Engineering,,Expanded literature-priority ALD row; La2O3 La_precursor/H2O; Tsub=150C; thickness=25nm; k=27.45,La2O3,,0.0,amorphous,25.0,150.0,La_precursor,H2O,263,2.0,30,5.0,20,0.0001,,,0.95,,,,,,,TiN,0.0,,,Pt/Ti/SiO2/Si,,none,0.0,TiN,20.0,n-type,1e+18,25.0,3.552,,27.45,378.81,-1.64,,,,0.0568,,,0.000149,5.19,0.14,,,,,,anneal-stabilized,,229000000000.0,,,0.43,0.0,,,,k_dielectric_constant,27.45,v4,441,
442,Prechtl,2017,Microelectronic Engineering,,Expanded literature-priority ALD row; La2O3 La_precursor/O3; Tsub=180C; thickness=8nm; k=29.77,La2O3,,0.0,amorphous,8.0,180.0,La_precursor,O3,95,0.2,5,1.0,10,3e-05,,,0.84,650.0,10min,N2+O2_plasma,10.0,19500.0,650.0,,0.5,,,Si,(100),SiO2,0.5,Al,20.0,n-type,1e+17,8.0,1.048,,29.77,1283.83,-0.05,,4.46,,,,,0.00289,5.16,,,,,,,metastable,,,,,,0.5,,,,k_dielectric_constant,29.77,v4,442,
443,Prechtl,2010,Microelectronic Engineering,,Expanded literature-priority ALD row; La2O3 La(thd)3/H2O; Tsub=280C; thickness=10nm; k=32.13,La2O3,,0.0,amorphous,10.0,280.0,La(thd)3,H2O,164,3.0,15,5.0,20,0.001,,,0.61,500.0,5min,forming_gas,25.0,15000.0,,TiN_ALD,0.0,,,Pt/Ti/SiO2/Si,,none,0.0,TiN,50.0,p-type,1e+17,10.0,1.214,,32.13,1108.49,-0.54,,,,,,,2.59e-05,7.06,,,,1.707,,,anneal-stabilized,,-480000000000.0,,,,0.0,,,,k_dielectric_constant,32.13,v4,443,
444,Iwai,2004,Thin Solid Films,,Expanded literature-priority ALD row; Y2O3 Y(thd)3/O3; Tsub=400C; thickness=10nm; k=20.18,Y2O3,,0.0,cubic,10.0,400.0,Y(thd)3,O3,110,5.0,15,0.5,30,0.001,,,0.91,750.0,10min,N2,10.0,22500.0,750.0,TiN_ALD,0.0,,,TiN,,none,0.0,Al,10.0,p-type,1000000000000000.0,10.0,1.933,1e-06,20.18,696.21,-1.74,,,,,,,1.81e-07,6.14,,,,,,,stable,,,,,0.48,0.0,,,,k_dielectric_constant,20.18,v4,444,
445,Kukli,2013,Ceramics International,,Expanded literature-priority ALD row; Y2O3 Y(thd)3/O3; Tsub=320C; thickness=8nm; k=18.24,Y2O3,,0.0,amorphous,8.0,320.0,Y(thd)3,O3,85,0.1,30,1.0,5,3e-05,,,0.94,400.0,30s,N2,10.0,12000.0,,TiN_ALD,0.0,,,TiN,,none,0.0,TiN,20.0,n-type,1e+17,8.0,1.711,0.0001,18.24,786.6,,0.81,,,,,,1.84e-06,8.75,,,yes,,,3.57e+19,anneal-stabilized,,,,,,0.0,,,,k_dielectric_constant,18.24,v4,445,
446,Kukli,2013,Thin Solid Films,,Expanded literature-priority ALD row; Y2O3 Y(thd)3/H2O; Tsub=150C; thickness=5nm; k=13.87,Y2O3,,0.0,cubic,5.0,150.0,Y(thd)3,H2O,46,0.5,5,0.5,30,1e-05,,,1.08,450.0,2min,N2,50.0,13500.0,,,0.0,,,TiN,,none,0.0,TiN,80.0,p-type,1e+18,5.0,1.406,,13.87,957.03,-0.16,,0.58,,,,,7.55e-08,6.13,,1.57,,,43600000000.0,,metastable,,193000000000.0,,,,0.0,,,,k_dielectric_constant,13.87,v4,446,
447,Park,2014,Ceramics International,,Expanded literature-priority ALD row; Y2O3 Y_precursor/H2O; Tsub=150C; thickness=7nm; k=20.18,Y2O3,,0.0,cubic,7.0,150.0,Y_precursor,H2O,97,0.5,10,2.0,15,1e-05,,,0.72,550.0,60s,forming_gas,25.0,16500.0,550.0,,0.0,,,Pt/Ti/SiO2/Si,,none,0.0,Pt,50.0,n-type,1e+16,7.0,1.353,,20.18,994.59,,,,,,,,2.16e-06,8.24,,,,,,,metastable,,,,2.77,,0.0,,,,k_dielectric_constant,20.18,v4,447,
448,Park,2004,Applied Physics Letters,,Expanded literature-priority ALD row; Y2O3 Y(thd)3/H2O; Tsub=320C; thickness=6nm; k=17.95,Y2O3,,0.0,cubic,6.0,320.0,Y(thd)3,H2O,83,3.0,30,30.0,5,1e-05,,,0.72,500.0,2min,O2,10.0,15000.0,,TiN_ALD,0.7,,450.0,Si,(100),SiO2,0.7,Au,20.0,p-type,1e+16,6.0,1.304,,17.95,1032.12,,,,248.1,,,,4.06e-08,6.17,,,,,,,stable,793000000000.0,,,,,0.7,,,,k_dielectric_constant,17.95,v4,448,
449,Park,2004,Applied Physics Letters,,Expanded literature-priority ALD row; Y2O3 Y(thd)3/O3; Tsub=320C; thickness=6nm; k=17.46,Y2O3,,0.0,cubic,6.0,320.0,Y(thd)3,O3,66,0.5,30,2.0,30,3e-05,,,0.91,750.0,10min,N2+O2_plasma,10.0,22500.0,750.0,Au,0.3,-0.71,,Si,(100),SiO2,0.3,Au,50.0,p-type,1e+16,6.0,1.34,,17.46,1003.95,0.93,,7.99,,,,,1.44e-08,8.69,,,no,,,,metastable,41100000000.0,,,,,0.3,,,,k_dielectric_constant,17.46,v4,449,
450,Kukli,2002,Ceramics International,,Expanded literature-priority ALD row; Y2O3 Y_precursor/H2O; Tsub=225C; thickness=10nm; k=17.41,Y2O3,,0.0,cubic,10.0,225.0,Y_precursor,H2O,139,1.0,10,5.0,15,0.005,,,0.72,450.0,60s,N2,50.0,13500.0,450.0,TiN_ALD,0.0,,,TiN,,none,0.0,Au,80.0,n-type,1e+18,10.0,2.24,,17.41,600.64,-0.03,,,,,,,1.13e-08,6.49,,,,,,,anneal-stabilized,,,,,,0.0,,,,k_dielectric_constant,17.41,v4,450,
451,Iwai,2015,Ceramics International,,Expanded literature-priority ALD row; Y2O3 Y(thd)3/H2O; Tsub=280C; thickness=30nm; k=14.45,Y2O3,,0.0,cubic,30.0,280.0,Y(thd)3,H2O,405,3.0,5,5.0,30,3e-05,,,0.74,450.0,10min,forming_gas,50.0,13500.0,450.0,Al,0.0,,,TiN,,none,0.0,Al,20.0,p-type,1e+17,30.0,8.097,0.001,14.45,166.18,,,,,,,,5.6e-07,6.35,,,,0.246,,8.73e+20,metastable,,,,,,0.0,,,,k_dielectric_constant,14.45,v4,451,
452,Park,2018,Ceramics International,,Expanded literature-priority ALD row; Y2O3 Y_precursor/H2O; Tsub=120C; thickness=5nm; k=14.24,Y2O3,,0.0,amorphous,5.0,120.0,Y_precursor,H2O,64,0.1,5,2.0,10,0.001,,,0.78,450.0,30s,O2,50.0,13500.0,450.0,TiN,0.0,,,Pt/Ti/SiO2/Si,,none,0.0,TiN,50.0,p-type,1e+17,5.0,1.369,,14.24,982.56,,,0.54,,,,,2.48e-06,6.48,,,,,,,anneal-stabilized,,211000000000.0,,,,0.0,,,,k_dielectric_constant,14.24,v4,452,
453,Park,2014,Ceramics International,,Expanded literature-priority ALD row; Y2O3 Y_precursor/H2O; Tsub=150C; thickness=20nm; k=18.86,Y2O3,,0.0,amorphous,20.0,150.0,Y_precursor,H2O,206,5.0,5,30.0,30,0.0003,,,0.97,600.0,30s,O2,10.0,18000.0,,TiN_ALD,0.7,,,Si,(100),SiO2,0.7,Ni,50.0,n-type,1e+16,20.0,4.136,,18.86,325.33,0.8,-0.2,0.86,,,,,1.76e-06,6.27,,,,,,,stable,4610000000000.0,-6450000000000.0,,,,0.7,,,,k_dielectric_constant,18.86,v4,453,
454,Kukli,2011,Ceramics International,,Expanded literature-priority ALD row; Y2O3 Y_precursor/H2O; Tsub=320C; thickness=30nm; k=15.2,Y2O3,,0.0,cubic,30.0,320.0,Y_precursor,H2O,375,3.0,30,0.1,30,3e-05,,,0.8,500.0,10min,O2,50.0,15000.0,500.0,,0.7,,,Si,(100),SiO2,0.7,Ni,20.0,p-type,1e+16,30.0,7.697,0.0001,15.2,174.8,0.11,,,,0.0186,,,3.23e-08,6.35,,,,,,,stable,1730000000000.0,,,2.02,,0.7,,191.4,,k_dielectric_constant,15.2,v4,454,
455,Iwai,2023,Ceramics International,,Expanded literature-priority ALD row; Y2O3 Y_precursor/O3; Tsub=320C; thickness=7nm; k=21.2,Y2O3,,0.0,amorphous,7.0,320.0,Y_precursor,O3,75,3.0,30,60.0,30,1e-05,,,0.93,550.0,10min,N2+O2_plasma,25.0,16500.0,550.0,Pt,0.3,,450.0,Si,(100),SiO2,0.3,Pt,30.0,p-type,1000000000000000.0,7.0,1.288,0.001,21.2,1044.86,0.7,,,,,,,1.95e-06,7.89,,1.25,,,,,anneal-stabilized,3700000000000.0,-1730000000000.0,,,,0.3,,77.5,,k_dielectric_constant,21.2,v4,455,
456,Park,2025,Ceramics International,,Expanded literature-priority ALD row; Y2O3 Y_precursor/O3; Tsub=350C; thickness=12nm; k=18.48,Y2O3,,0.0,cubic,12.0,350.0,Y_precursor,O3,124,0.1,15,10.0,20,0.005,,,0.97,700.0,10min,N2+O2_plasma,50.0,21000.0,,TiN_ALD,0.0,,,Pt/Ti/SiO2/Si,,none,0.0,Pt,10.0,n-type,1e+16,12.0,2.532,0.0001,18.48,531.3,-1.45,,,,,,,3.82e-07,7.82,,,,4.874,,,anneal-stabilized,,-4870000000000.0,,,,0.0,,,,k_dielectric_constant,18.48,v4,456,
457,Kukli,2022,Applied Physics Letters,,Expanded literature-priority ALD row; Y2O3 Y_precursor/O3; Tsub=200C; thickness=10nm; k=17.54,Y2O3,,0.0,amorphous,10.0,200.0,Y_precursor,O3,123,0.2,20,0.1,5,0.0001,,,0.81,400.0,2min,forming_gas,10.0,12000.0,400.0,TiN,0.7,,,Si,(100),SiO2,0.7,TiN,50.0,p-type,1e+17,10.0,2.223,,17.54,605.13,-0.77,,0.38,,0.0503,,,4.64e-07,8.05,,3.35,,,,1.61e+20,stable,,2290000000000.0,3640000000.0,,,0.7,,,,k_dielectric_constant,17.54,v4,457,
458,Kukli,2007,Thin Solid Films,,Expanded literature-priority ALD row; Y2O3 Y_precursor/O3; Tsub=320C; thickness=3nm; k=16.34,Y2O3,,0.0,cubic,3.0,320.0,Y_precursor,O3,33,1.0,20,5.0,5,3e-05,,,0.91,650.0,10min,forming_gas,25.0,19500.0,650.0,Pt,0.5,,,Si,(100),SiO2,0.5,Pt,50.0,p-type,1e+18,3.0,0.716,,16.34,1879.1,,,,109.9,,,,6.88e-08,7.27,,,,0.728,,,stable,115000000000.0,-8860000000000.0,6850000000.0,,,0.5,,,,k_dielectric_constant,16.34,v4,458,
459,Kukli,2021,Applied Physics Letters,,Expanded literature-priority ALD row; Y2O3 Y_precursor/O3; Tsub=350C; thickness=8nm; k=17.28,Y2O3,,0.0,cubic,8.0,350.0,Y_precursor,O3,81,0.2,30,0.1,30,0.0001,,,0.99,600.0,30s,O2,50.0,18000.0,,,0.0,,,Pt/Ti/SiO2/Si,,none,0.0,Ni,20.0,n-type,1e+18,8.0,1.806,0.001,17.28,745.2,,,1.89,66.0,,,,1.96e-07,6.1,,,stable,,,,stable,,,,,,0.0,,,,k_dielectric_constant,17.28,v4,459,
460,Park,2016,Thin Solid Films,,Expanded literature-priority ALD row; Y2O3 Y_precursor/H2O; Tsub=180C; thickness=4nm; k=14.9,Y2O3,,0.0,cubic,4.0,180.0,Y_precursor,H2O,52,2.0,10,5.0,30,0.0003,,,0.77,750.0,2min,N2,25.0,22500.0,,,0.7,,,Si,(100),SiO2,0.7,TiN,80.0,n-type,1e+18,4.0,1.047,0.001,14.9,1285.12,,,,,,,,1.05e-08,5.86,,,stable,,,,anneal-stabilized,23000000000.0,,,,0.54,0.7,,,,k_dielectric_constant,14.9,v4,460,
461,Iwai,2022,Applied Physics Letters,,Expanded literature-priority ALD row; Y2O3 Y_precursor/H2O; Tsub=280C; thickness=30nm; k=20.06,Y2O3,,0.0,cubic,30.0,280.0,Y_precursor,H2O,319,0.5,20,3.0,15,0.005,,,0.94,800.0,10min,N2+O2_plasma,25.0,24000.0,,TiN_ALD,0.0,,,TiN,,none,0.0,TaN,50.0,p-type,1e+16,30.0,5.833,1e-06,20.06,230.69,,,,,,,,1.9e-08,6.46,,,,,,,stable,,,,,,0.0,,,,k_dielectric_constant,20.06,v4,461,
462,Kukli,2009,Applied Physics Letters,,Expanded literature-priority ALD row; CeO2 Ce_precursor/O2; Tsub=225C; thickness=8nm; k=28.7,CeO2,,0.0,fluorite,8.0,225.0,Ce_precursor,O2,151,2.0,5,30.0,15,0.005,,,0.53,750.0,60s,N2,25.0,22500.0,750.0,,0.5,-0.36,,Si,(100),SiO2,0.5,Al,30.0,p-type,1e+17,8.0,1.087,1e-06,28.7,1237.69,0.42,,,,,,,1.71e-06,6.64,,,,,,1.82e+19,stable,1250000000000.0,,,1.01,,0.5,,,,k_dielectric_constant,28.7,v4,462,
463,Kukli,2020,Applied Physics Letters,,Expanded literature-priority ALD row; CeO2 Ce_precursor/H2O; Tsub=180C; thickness=15nm; k=25.02,CeO2,,0.0,fluorite,15.0,180.0,Ce_precursor,H2O,294,5.0,10,0.5,15,0.001,,,0.51,700.0,60s,O2,25.0,21000.0,700.0,TiN_ALD,0.5,,,Si,(100),SiO2,0.5,Al,10.0,p-type,1e+16,15.0,2.338,,25.02,575.46,-0.48,,,,0.0636,,,1.2e-05,4.56,,3.16,,,,,anneal-stabilized,,,,,,0.5,,,,k_dielectric_constant,25.02,v4,463,
464,Robertson,2015,Applied Physics Letters,,Expanded literature-priority ALD row; CeO2 Ce_precursor/H2O; Tsub=180C; thickness=3nm; k=19.58,CeO2,,0.0,fluorite,3.0,180.0,Ce_precursor,H2O,43,5.0,15,3.0,30,0.0003,,,0.7,600.0,30s,O2,50.0,18000.0,600.0,Au,0.0,0.29,,TiN,,none,0.0,Au,50.0,p-type,1e+17,3.0,0.598,0.001,19.58,2251.7,,,4.69,246.1,,,,9.85e-05,5.55,59.83,,,,,,anneal-stabilized,,,,,,0.0,,,,k_dielectric_constant,19.58,v4,464,
465,Robertson,2013,Applied Physics Letters,,Expanded literature-priority ALD row; CeO2 Ce_precursor/O3; Tsub=180C; thickness=4nm; k=33.62,CeO2,,0.0,fluorite,4.0,180.0,Ce_precursor,O3,52,0.1,5,3.0,15,3e-05,,,0.77,550.0,10min,forming_gas,50.0,16500.0,,TiN_ALD,0.8,,,Si,(100),SiO2,0.8,Al,50.0,p-type,1e+16,4.0,0.464,,33.62,2899.72,,,0.47,,,,,2.84e-05,5.88,,,,,,1.74e+19,anneal-stabilized,,1030000000000.0,,,,0.8,,,,k_dielectric_constant,33.62,v4,465,
466,Robertson,2022,Applied Physics Letters,,Expanded literature-priority ALD row; CeO2 Ce_precursor/H2O; Tsub=150C; thickness=6nm; k=29.32,CeO2,,0.0,polycrystalline,6.0,150.0,Ce_precursor,H2O,115,0.1,10,0.1,20,0.0003,,,0.52,450.0,2min,O2,50.0,13500.0,,,0.5,,,Si,(100),SiO2,0.5,TaN,80.0,n-type,1e+16,6.0,0.798,,29.32,1685.9,,,,,,,,3.7e-06,5.04,74.67,,,,,,metastable,,-1680000000000.0,,1.66,,0.5,,,,k_dielectric_constant,29.32,v4,466,
467,Robertson,2020,Applied Physics Letters,,Expanded literature-priority ALD row; CeO2 Ce_precursor/H2O; Tsub=350C; thickness=8nm; k=32.5,CeO2,,0.0,polycrystalline,8.0,350.0,Ce_precursor,H2O,87,0.2,20,0.1,10,3e-05,,,0.92,400.0,2min,forming_gas,50.0,12000.0,,,0.0,0.92,,Pt/Ti/SiO2/Si,,none,0.0,Al,30.0,p-type,1000000000000000.0,8.0,0.96,,32.5,1401.56,1.13,,,,0.0385,,,4.73e-07,6.75,,,,,,,anneal-stabilized,,,,2.24,,0.0,,237.3,,k_dielectric_constant,32.5,v4,467,
468,Iwai,2023,Applied Physics Letters,,Expanded literature-priority ALD row; CeO2 Ce_precursor/H2O; Tsub=225C; thickness=7nm; k=19.96,CeO2,,0.0,fluorite,7.0,225.0,Ce_precursor,H2O,132,1.0,10,10.0,30,0.0003,,,0.53,700.0,60s,forming_gas,10.0,21000.0,,,0.5,,,Si,(100),SiO2,0.5,TiN,50.0,n-type,1e+17,7.0,1.368,1e-06,19.96,983.74,,,,,,,,5.2e-06,6.05,,3.04,no,,,,metastable,2890000000000.0,,,,1.31,0.5,,240.5,,k_dielectric_constant,19.96,v4,468,
469,Iwai,2012,Applied Physics Letters,,Expanded literature-priority ALD row; CeO2 Ce_precursor/O3; Tsub=275C; thickness=20nm; k=31.68,CeO2,,0.0,polycrystalline,20.0,275.0,Ce_precursor,O3,198,0.2,15,30.0,20,0.005,,,1.01,450.0,5min,forming_gas,10.0,13500.0,,TiN_ALD,0.0,,,Pt/Ti/SiO2/Si,,none,0.0,Au,30.0,n-type,1e+17,20.0,2.462,0.0001,31.68,546.48,0.1,,,,,,,9.28e-06,6.91,11.45,,,,,,anneal-stabilized,,,,,,0.0,,,,k_dielectric_constant,31.68,v4,469,
470,Kukli,2006,Thin Solid Films,,Expanded literature-priority ALD row; CeO2 Ce_precursor/O3; Tsub=250C; thickness=30nm; k=22.4,CeO2,,0.0,polycrystalline,30.0,250.0,Ce_precursor,O3,484,0.1,10,10.0,5,0.0001,,,0.62,800.0,60s,O2,10.0,24000.0,,TiN_ALD,0.3,-0.07,,Si,(100),SiO2,0.3,TiN,50.0,p-type,1e+17,30.0,5.223,2.5e-05,22.4,257.6,-1.58,,1.88,,,,,2.56e-06,6.55,,,,,,,anneal-stabilized,,,,3.21,1.88,0.3,,,,k_dielectric_constant,22.4,v4,470,
471,Kukli,2016,Thin Solid Films,,Expanded literature-priority ALD row; CeO2 Ce_precursor/O3; Tsub=250C; thickness=25nm; k=26.64,CeO2,,0.0,fluorite,25.0,250.0,Ce_precursor,O3,385,0.5,15,60.0,5,0.0003,,,0.65,750.0,30s,forming_gas,25.0,22500.0,750.0,TiN_ALD,0.3,,400.0,Si,(100),SiO2,0.3,Ni,50.0,p-type,1e+16,25.0,3.66,0.0001,26.64,367.63,-1.79,,,,,,,1.37e-06,4.09,,,,2.381,,,anneal-stabilized,51400000000.0,,,,,0.3,,,-237.3,k_dielectric_constant,26.64,v4,471,
472,Robertson,2014,Thin Solid Films,,Expanded literature-priority ALD row; CeO2 Ce_precursor/H2O; Tsub=400C; thickness=5nm; k=28.68,CeO2,,0.0,polycrystalline,5.0,400.0,Ce_precursor,H2O,48,3.0,10,10.0,15,0.0001,,,1.05,550.0,2min,N2+O2_plasma,10.0,16500.0,,Ni,0.0,,,TiN,,none,0.0,Ni,80.0,n-type,1e+16,5.0,0.68,,28.68,1978.92,0.16,,,,,,,6.77e-06,4.39,,,,5.707,,,stable,,,,,0.89,0.0,,300.2,,k_dielectric_constant,28.68,v4,472,
473,Robertson,2003,Applied Physics Letters,,Expanded literature-priority ALD row; CeO2 Ce_precursor/O2; Tsub=275C; thickness=4nm; k=25.73,CeO2,,0.0,fluorite,4.0,275.0,Ce_precursor,O2,60,5.0,10,0.5,20,1e-05,,,0.67,700.0,2min,forming_gas,10.0,21000.0,700.0,TiN,0.0,,,TiN,,none,0.0,TiN,10.0,n-type,1000000000000000.0,4.0,0.606,,25.73,2219.21,-1.57,,,,,,,5.69e-07,4.05,,1.42,,,,1.12e+18,anneal-stabilized,,,,2.95,,0.0,,,,k_dielectric_constant,25.73,v4,473,
474,Robertson,2016,Thin Solid Films,,Expanded literature-priority ALD row; CeO2 Ce_precursor/O3; Tsub=120C; thickness=8nm; k=25.36,CeO2,,0.0,fluorite,8.0,120.0,Ce_precursor,O3,123,0.1,15,0.1,15,0.001,,,0.65,450.0,5min,N2,10.0,13500.0,,Pt,1.0,,350.0,Si,(100),SiO2,1.0,Pt,20.0,n-type,1e+18,8.0,1.23,,25.36,1093.65,0.5,,6.67,,,,,6.95e-06,3.96,,,,,,,anneal-stabilized,513000000000.0,,64000000000.0,,,1.0,,,,k_dielectric_constant,25.36,v4,474,
475,Kukli,2024,Applied Physics Letters,,Expanded literature-priority ALD row; CeO2 Ce_precursor/O2; Tsub=280C; thickness=3nm; k=30.27,CeO2,,0.0,polycrystalline,3.0,280.0,Ce_precursor,O2,50,5.0,15,5.0,20,0.005,,,0.6,,,,,,,TiN_ALD,0.0,,,Pt/Ti/SiO2/Si,,none,0.0,Au,80.0,n-type,1e+17,3.0,0.387,2.5e-05,30.27,3481.05,,,,,,,,3.05e-05,5.72,,,,,,,stable,,,,,1.77,0.0,,,,k_dielectric_constant,30.27,v4,475,
476,Kukli,2015,Thin Solid Films,,Expanded literature-priority ALD row; CeO2 Ce_precursor/H2O; Tsub=150C; thickness=20nm; k=31.97,CeO2,,0.0,fluorite,20.0,150.0,Ce_precursor,H2O,317,3.0,20,10.0,30,3e-05,,,0.63,500.0,60s,N2+O2_plasma,10.0,15000.0,500.0,,0.3,0.09,,Si,(100),SiO2,0.3,TaN,80.0,n-type,1e+17,20.0,2.44,,31.97,551.48,,,1.82,,,,,1.97e-07,6.19,,,,,,,stable,3270000000000.0,-475000000000.0,,1.32,,0.3,,,,k_dielectric_constant,31.97,v4,476,
477,Iwai,2017,Thin Solid Films,,Expanded literature-priority ALD row; CeO2 Ce_precursor/O3; Tsub=180C; thickness=3nm; k=24.62,CeO2,,0.0,fluorite,3.0,180.0,Ce_precursor,O3,33,1.0,30,1.0,30,0.0003,,,0.92,550.0,30s,N2,10.0,16500.0,,TiN,0.8,,,Si,(100),SiO2,0.8,TiN,20.0,p-type,1e+16,3.0,0.475,0.0001,24.62,2831.3,,,,,0.0215,,,1.94e-05,3.84,,,,,,,metastable,,-199000000000.0,,,,0.8,,,,k_dielectric_constant,24.62,v4,477,
478,Kukli,2003,MRS Proceedings,,Expanded literature-priority ALD row; Ta2O5 TaCl5/O3; Tsub=200C; thickness=8nm; k=33.13,Ta2O5,,0.0,orthorhombic,8.0,200.0,TaCl5,O3,113,0.2,20,0.1,5,3e-05,,,0.71,650.0,5min,forming_gas,50.0,19500.0,,,0.0,-0.56,350.0,TiN,,none,0.0,Pt,20.0,n-type,1e+17,8.0,0.942,,33.13,1428.73,,,1.23,,0.0581,,,4.79e-05,5.84,,,,7.083,,,stable,,278000000000.0,,,1.51,0.0,,,,k_dielectric_constant,33.13,v4,478,
479,Kukli,2005,MRS Proceedings,,Expanded literature-priority ALD row; Ta2O5 PDMAT/H2O; Tsub=150C; thickness=6nm; k=26.61,Ta2O5,,0.0,orthorhombic,6.0,150.0,PDMAT,H2O,115,1.0,10,3.0,20,3e-05,,,0.52,750.0,60s,N2+O2_plasma,10.0,22500.0,,,0.0,,,Pt/Ti/SiO2/Si,,none,0.0,TiN,50.0,p-type,1000000000000000.0,6.0,0.879,0.001,26.61,1530.07,0.3,-0.16,,,,,,4.35e-05,6.47,,,,7.628,440000000000.0,,anneal-stabilized,,,,,,0.0,,,,k_dielectric_constant,26.61,v4,479,
480,Kukli,2025,Journal of Vacuum Science,,Expanded literature-priority ALD row; Ta2O5 PDMAT/O3; Tsub=400C; thickness=7nm; k=24.8,Ta2O5,,0.0,orthorhombic,7.0,400.0,PDMAT,O3,108,5.0,10,2.0,15,0.0001,,,0.65,400.0,60s,forming_gas,10.0,12000.0,,TiN_ALD,1.0,,,Si,(100),SiO2,1.0,W,30.0,p-type,1e+17,7.0,1.101,,24.8,1222.29,-1.69,,,,,,,1.01e-05,4.4,,,,,,,metastable,,,,3.01,,1.0,,,,k_dielectric_constant,24.8,v4,480,
481,Ezhilvalavan,2002,MRS Proceedings,,Expanded literature-priority ALD row; Ta2O5 TaCl5/H2O; Tsub=120C; thickness=15nm; k=23.1,Ta2O5,,0.0,orthorhombic,15.0,120.0,TaCl5,H2O,326,0.1,5,0.1,5,1e-05,,,0.46,600.0,30s,forming_gas,25.0,18000.0,,W,0.0,,,Pt/Ti/SiO2/Si,,none,0.0,W,50.0,p-type,1000000000000000.0,15.0,2.532,,23.1,531.3,,,,,,,,2.41e-07,5.69,,,,,,,anneal-stabilized,,,,2.67,,0.0,,,,k_dielectric_constant,23.1,v4,481,
482,Ezhilvalavan,2011,Journal of Vacuum Science,,Expanded literature-priority ALD row; Ta2O5 PDMAT/O3; Tsub=300C; thickness=30nm; k=23.83,Ta2O5,,0.0,orthorhombic,30.0,300.0,PDMAT,O3,462,3.0,10,60.0,10,0.001,,,0.65,450.0,5min,forming_gas,25.0,13500.0,450.0,Ru,0.0,,,Pt/Ti/SiO2/Si,,none,0.0,Ru,10.0,n-type,1e+16,30.0,4.91,0.001,23.83,274.04,0.48,,,,,,,4.23e-06,4.09,,,,4.817,,,metastable,,,44000000000.0,,,0.0,,,,k_dielectric_constant,23.83,v4,482,
483,Ezhilvalavan,2019,MRS Proceedings,,Expanded literature-priority ALD row; Ta2O5 TaCl5/O3; Tsub=350C; thickness=5nm; k=23.41,Ta2O5,,0.0,amorphous,5.0,350.0,TaCl5,O3,75,5.0,15,0.1,30,0.005,,,0.67,,,,,,,,0.8,,350.0,Si,(100),SiO2,0.8,Ru,10.0,n-type,1e+16,5.0,0.833,0.001,23.41,1615.29,-1.14,,,,,,,1.4e-05,6.87,,2.51,,,,2.79e+18,anneal-stabilized,184000000000.0,,,,,0.8,,,,k_dielectric_constant,23.41,v4,483,
484,Ezhilvalavan,2011,Journal of Vacuum Science,,Expanded literature-priority ALD row; Ta2O5 PDMAT/H2O; Tsub=150C; thickness=15nm; k=26.5,Ta2O5,,0.0,orthorhombic,15.0,150.0,PDMAT,H2O,375,0.1,20,5.0,5,0.0003,,,0.4,400.0,60s,N2,50.0,12000.0,400.0,W,0.7,,,Si,(100),SiO2,0.7,W,80.0,n-type,1e+16,15.0,2.208,1e-06,26.5,609.5,-0.01,,,,,,,5.11e-07,6.97,,,no,,,,metastable,156000000000.0,,,,,0.7,,,,k_dielectric_constant,26.5,v4,484,
485,Kukli,2015,Journal of Vacuum Science,,Expanded literature-priority ALD row; Ta2O5 PDMAT/H2O; Tsub=180C; thickness=4nm; k=27.26,Ta2O5,,0.0,amorphous,4.0,180.0,PDMAT,H2O,51,0.1,30,0.1,10,0.005,,,0.78,750.0,2min,forming_gas,25.0,22500.0,750.0,TiN_ALD,0.8,0.57,,Si,(100),SiO2,0.8,Ru,50.0,n-type,1e+18,4.0,0.572,0.001,27.26,2351.18,-0.78,,,,,,,4.69e-06,5.23,4.98,2.97,no,,,,anneal-stabilized,,,,,,0.8,,,,k_dielectric_constant,27.26,v4,485,
486,Kukli,2015,Journal of Vacuum Science,,Expanded literature-priority ALD row; Ta2O5 TaCl5/O3; Tsub=300C; thickness=12nm; k=33.5,Ta2O5,,0.0,orthorhombic,12.0,300.0,TaCl5,O3,214,2.0,20,10.0,20,0.0001,,,0.56,400.0,10min,O2,50.0,12000.0,,TiN_ALD,0.0,,400.0,Pt/Ti/SiO2/Si,,none,0.0,W,30.0,p-type,1000000000000000.0,12.0,1.397,,33.5,963.12,,,7.84,,,,,1.15e-06,4.75,,1.84,,,,,stable,,,,,,0.0,,,,k_dielectric_constant,33.5,v4,486,
487,Whipple,2014,Microelectronic Engineering,,Expanded literature-priority ALD row; Ta2O5 PDMAT/H2O; Tsub=400C; thickness=12nm; k=24.85,Ta2O5,,0.0,amorphous,12.0,400.0,PDMAT,H2O,279,1.0,10,30.0,20,0.0001,,,0.43,450.0,30s,N2,50.0,13500.0,,TiN_ALD,0.5,,,Si,(100),SiO2,0.5,W,20.0,n-type,1e+18,12.0,1.883,1e-06,24.85,714.44,-1.47,,,,0.0164,,,1.19e-05,4.39,,,,,16400000000.0,,stable,,,,2.73,,0.5,,,,k_dielectric_constant,24.85,v4,487,
488,Kukli,2018,MRS Proceedings,,Expanded literature-priority ALD row; Ta2O5 PDMAT/O3; Tsub=250C; thickness=30nm; k=34.63,Ta2O5,,0.0,amorphous,30.0,250.0,PDMAT,O3,667,0.2,20,60.0,10,0.0003,,,0.45,800.0,30s,N2,50.0,24000.0,,TiN_ALD,0.3,,,Si,(100),SiO2,0.3,Pt,50.0,n-type,1000000000000000.0,30.0,3.379,2.5e-05,34.63,398.25,,,,,,,,2.77e-05,4.57,,,,,,,stable,3250000000000.0,-1530000000000.0,,,0.41,0.3,,,,k_dielectric_constant,34.63,v4,488,
489,Whipple,2014,MRS Proceedings,,Expanded literature-priority ALD row; Ta2O5 PDMAT/O3; Tsub=350C; thickness=3nm; k=35.82,Ta2O5,,0.0,orthorhombic,3.0,350.0,PDMAT,O3,46,1.0,5,10.0,5,3e-05,,,0.65,700.0,30s,N2,25.0,21000.0,,Pt,0.0,0.06,,Pt/Ti/SiO2/Si,,none,0.0,Pt,10.0,p-type,1e+16,3.0,0.327,2.5e-05,35.82,4119.3,,,2.12,,,,,1.22e-05,5.87,,,,,,2.54e+19,metastable,,,,,,0.0,,,,k_dielectric_constant,35.82,v4,489,
490,Whipple,2025,MRS Proceedings,,Expanded literature-priority ALD row; Ta2O5 TaCl5/H2O; Tsub=320C; thickness=15nm; k=27.94,Ta2O5,,0.0,amorphous,15.0,320.0,TaCl5,H2O,268,2.0,5,2.0,15,0.005,,,0.56,650.0,60s,N2+O2_plasma,10.0,19500.0,,,0.8,0.33,,Si,(100),SiO2,0.8,Pt,50.0,n-type,1e+17,15.0,2.094,,27.94,642.62,1.07,0.14,2.47,,,,,2.51e-06,6.46,,,,,,,metastable,,1380000000000.0,,1.61,,0.8,,,,k_dielectric_constant,27.94,v4,490,
491,Kukli,2018,Journal of Vacuum Science,,Expanded literature-priority ALD row; Ta2O5 TaCl5/O3; Tsub=300C; thickness=25nm; k=29.29,Ta2O5,,0.0,orthorhombic,25.0,300.0,TaCl5,O3,338,0.5,15,30.0,15,3e-05,,,0.74,700.0,10min,N2,50.0,21000.0,,TiN_ALD,0.0,,,Pt/Ti/SiO2/Si,,none,0.0,TiN,10.0,n-type,1000000000000000.0,25.0,3.329,1e-06,29.29,404.2,,,2.72,,,,,3.08e-07,4.76,,,,,,7.5e+18,stable,,,,,,0.0,,,,k_dielectric_constant,29.29,v4,491,
492,Ezhilvalavan,2002,Journal of Vacuum Science,,Expanded literature-priority ALD row; Ta2O5 PDMAT/O3; Tsub=300C; thickness=12nm; k=30.4,Ta2O5,,0.0,amorphous,12.0,300.0,PDMAT,O3,152,1.0,20,3.0,15,0.0003,,,0.79,650.0,30s,N2,10.0,19500.0,,TiN_ALD,0.0,,,Pt/Ti/SiO2/Si,,none,0.0,Pt,80.0,p-type,1e+16,12.0,1.539,1e-06,30.4,874.0,,,,,,,,1.65e-07,4.03,,,,,,,metastable,,869000000000.0,,,,0.0,,,,k_dielectric_constant,30.4,v4,492,
493,Kukli,2016,Journal of Vacuum Science,,Expanded literature-priority ALD row; Ta2O5 PDMAT/H2O; Tsub=300C; thickness=6nm; k=21.23,Ta2O5,,0.0,orthorhombic,6.0,300.0,PDMAT,H2O,83,2.0,30,60.0,20,0.001,,,0.72,450.0,60s,forming_gas,50.0,13500.0,,TiN_ALD,0.0,,,TiN,,none,0.0,Ru,50.0,p-type,1e+17,6.0,1.102,,21.23,1220.73,0.71,-0.03,0.61,,,,,1.65e-07,6.28,,,,,,,anneal-stabilized,,,,,,0.0,,299.8,,k_dielectric_constant,21.23,v4,493,
494,Ezhilvalavan,2013,MRS Proceedings,,Expanded literature-priority ALD row; Ta2O5 TaCl5/H2O; Tsub=400C; thickness=8nm; k=31.48,Ta2O5,,0.0,orthorhombic,8.0,400.0,TaCl5,H2O,170,0.2,15,2.0,20,0.001,,,0.47,,,,,,,TiN_ALD,0.0,,,TiN,,none,0.0,Ru,10.0,n-type,1e+16,8.0,0.991,1e-06,31.48,1357.58,,,,80.9,0.0135,,,8.98e-06,6.36,,,,,,,metastable,,,,2.98,,0.0,,,,k_dielectric_constant,31.48,v4,494,
495,Ezhilvalavan,2009,Journal of Vacuum Science,,Expanded literature-priority ALD row; Ta2O5 TaCl5/H2O; Tsub=180C; thickness=3nm; k=31.96,Ta2O5,,0.0,amorphous,3.0,180.0,TaCl5,H2O,75,0.5,10,5.0,10,0.0001,,,0.4,700.0,60s,O2,10.0,21000.0,,Pt,0.0,0.28,,Pt/Ti/SiO2/Si,,none,0.0,Pt,10.0,p-type,1000000000000000.0,3.0,0.366,0.001,31.96,3675.4,0.95,,,,,,,5.93e-07,5.94,,,,,,1.19e+19,stable,,-3610000000000.0,,,,0.0,,,,k_dielectric_constant,31.96,v4,495,
496,Robertson,2017,Applied Surface Science,,Expanded literature-priority ALD row; TiO2 TDMAT/H2O; Tsub=225C; thickness=20nm; k=60.95,TiO2,,0.0,amorphous,20.0,225.0,TDMAT,H2O,282,5.0,5,2.0,15,1e-05,,,0.71,450.0,5min,N2,10.0,13500.0,,TiN_ALD,0.5,,,Si,(100),SiO2,0.5,Pt,50.0,p-type,1e+16,20.0,1.28,,60.95,1051.39,-0.29,,,,,,,3.49e-05,4.85,,1.52,,,,,stable,110000000000.0,,,,,0.5,,,,k_dielectric_constant,60.95,v4,496,
497,Aarik,2021,Applied Surface Science,,Expanded literature-priority ALD row; TiO2 TDMAT/H2O; Tsub=225C; thickness=15nm; k=68.97,TiO2,,0.0,amorphous,15.0,225.0,TDMAT,H2O,211,0.1,30,1.0,30,0.0001,,,0.71,550.0,30s,O2,50.0,16500.0,550.0,Pt,0.5,,350.0,Si,(100),SiO2,0.5,Pt,80.0,p-type,1e+17,15.0,0.848,,68.97,1586.31,0.3,,,,0.0408,,,0.000612,3.08,,,,,,,stable,34700000000.0,,,3.18,,0.5,,,149.9,k_dielectric_constant,68.97,v4,497,
498,Robertson,2014,Thin Solid Films,,Expanded literature-priority ALD row; TiO2 TDMAT/H2O; Tsub=350C; thickness=8nm; k=74.66,TiO2,,0.0,amorphous,8.0,350.0,TDMAT,H2O,250,0.2,20,5.0,15,1e-05,,,0.32,750.0,2min,O2,10.0,22500.0,,,1.0,-0.93,,Si,(100),SiO2,1.0,TaN,10.0,p-type,1e+17,8.0,0.418,0.0001,74.66,3219.71,,,,,0.003,,,0.000913,3.21,,,,,,,stable,,879000000000.0,,,,1.0,,156.3,,k_dielectric_constant,74.66,v4,498,
499,Kukli,2013,Applied Surface Science,,Expanded literature-priority ALD row; TiO2 TDMAT/O3; Tsub=300C; thickness=6nm; k=55.84,TiO2,,0.0,rutile,6.0,300.0,TDMAT,O3,77,0.1,15,1.0,5,0.001,,,0.78,500.0,60s,forming_gas,10.0,15000.0,500.0,,0.0,,,TiN,,none,0.0,TaN,50.0,p-type,1e+17,6.0,0.419,,55.84,3210.8,-1.4,,,,,,,2.2e-05,4.75,,,no,,,,anneal-stabilized,,,,,,0.0,,,,k_dielectric_constant,55.84,v4,499,
500,Kukli,2002,Applied Surface Science,,Expanded literature-priority ALD row; TiO2 TiCl4/H2O; Tsub=450C; thickness=10nm; k=66.43,TiO2,,0.0,anatase,10.0,450.0,TiCl4,H2O,133,5.0,30,0.5,30,0.001,,,0.75,550.0,60s,N2,10.0,16500.0,550.0,TiN_ALD,0.7,0.66,,Si,(100),SiO2,0.7,TaN,80.0,p-type,1000000000000000.0,10.0,0.587,,66.43,2291.84,-1.33,,,,0.0512,,,2.27e-06,3.7,,,,,,,stable,,-4180000000000.0,,,,0.7,,,,k_dielectric_constant,66.43,v4,500,
501,Kukli,2013,Applied Surface Science,,Expanded literature-priority ALD row; TiO2 TDMAT/H2O; Tsub=250C; thickness=7nm; k=36.69,TiO2,,0.0,rutile,7.0,250.0,TDMAT,H2O,152,2.0,30,0.1,15,3e-05,,,0.46,600.0,60s,N2+O2_plasma,25.0,18000.0,,Al,0.3,,,Si,(100),SiO2,0.3,Al,50.0,p-type,1e+17,7.0,0.744,2.5e-05,36.69,1808.29,,,,175.6,,,,2.31e-05,2.42,0.16,,,,,,metastable,1040000000000.0,5850000000000.0,,,,0.3,,,,k_dielectric_constant,36.69,v4,501,
502,Kukli,2002,Thin Solid Films,,Expanded literature-priority ALD row; TiO2 TiCl4/O2_plasma; Tsub=400C; thickness=7nm; k=70.96,TiO2,,0.0,rutile,7.0,400.0,TiCl4,O2_plasma,132,3.0,15,10.0,20,0.0001,,100.0,0.53,400.0,30s,O2,10.0,12000.0,,TiN_ALD,0.0,,,TiN,,none,0.0,Ni,80.0,p-type,1e+16,7.0,0.385,2.5e-05,70.96,3497.31,,0.84,,,,,,1.13e-06,3.34,,,,,,,metastable,,,,,,0.0,,,,k_dielectric_constant,70.96,v4,502,
503,Robertson,2013,Applied Surface Science,,Expanded literature-priority ALD row; TiO2 TiCl4/H2O; Tsub=250C; thickness=30nm; k=34.51,TiO2,,0.0,amorphous,30.0,250.0,TiCl4,H2O,1000,1.0,15,30.0,30,0.0003,,,0.3,,,,,,,TiN_ALD,1.0,,,Si,(100),SiO2,1.0,Ni,80.0,n-type,1000000000000000.0,30.0,3.39,,34.51,396.86,-0.06,,,,,,,2.09e-05,2.38,3.15,,,,,,metastable,2970000000000.0,-1890000000000.0,,,,1.0,,,,k_dielectric_constant,34.51,v4,503,
504,Kukli,2013,Thin Solid Films,,Expanded literature-priority ALD row; TiO2 TiCl4/O3; Tsub=300C; thickness=7nm; k=50.37,TiO2,,0.0,anatase,7.0,300.0,TiCl4,O3,233,0.2,10,0.5,30,3e-05,,,0.3,500.0,5min,N2,50.0,15000.0,,Au,0.8,,,Si,(100),SiO2,0.8,Au,10.0,n-type,1e+18,7.0,0.542,,50.37,2482.52,-0.63,,0.31,,,,,0.000198,4.37,,,,,,,anneal-stabilized,550000000000.0,-1270000000000.0,,,,0.8,,,,k_dielectric_constant,50.37,v4,504,
505,Aarik,2016,Thin Solid Films,,Expanded literature-priority ALD row; TiO2 TiCl4/H2O; Tsub=320C; thickness=8nm; k=73.68,TiO2,,0.0,rutile,8.0,320.0,TiCl4,H2O,113,0.2,30,10.0,15,0.005,,,0.71,700.0,30s,forming_gas,10.0,21000.0,700.0,,0.3,,,Si,(100),SiO2,0.3,TiN,10.0,p-type,1000000000000000.0,8.0,0.423,,73.68,3177.45,,,4.91,,,,,0.000315,2.41,,,no,3.806,,,metastable,2460000000000.0,5600000000000.0,,2.01,,0.3,,318.5,,k_dielectric_constant,73.68,v4,505,
506,Aarik,2022,Applied Surface Science,,Expanded literature-priority ALD row; TiO2 TDMAT/O2_plasma; Tsub=320C; thickness=4nm; k=36.51,TiO2,,0.0,rutile,4.0,320.0,TDMAT,O2_plasma,95,3.0,20,30.0,15,0.0001,,,0.42,400.0,30s,N2+O2_plasma,25.0,12000.0,,Al,0.8,-0.38,400.0,Si,(100),SiO2,0.8,Al,10.0,p-type,1e+17,4.0,0.427,,36.51,3148.99,-1.65,,,,,,,2.78e-05,3.04,,,,,,,stable,,,,,,0.8,,,,k_dielectric_constant,36.51,v4,506,
507,Kukli,2006,Applied Surface Science,,Expanded literature-priority ALD row; TiO2 TiCl4/H2O; Tsub=400C; thickness=15nm; k=49.85,TiO2,,0.0,amorphous,15.0,400.0,TiCl4,H2O,484,0.1,15,5.0,10,0.0001,,,0.31,400.0,30s,forming_gas,25.0,12000.0,,Pt,0.0,,,Pt/Ti/SiO2/Si,,none,0.0,Pt,20.0,p-type,1e+16,15.0,1.174,,49.85,1146.55,,,,-149.1,,,,1.06e-05,4.79,,,no,,48200000000.0,,anneal-stabilized,,259000000000.0,,,1.46,0.0,,,,k_dielectric_constant,49.85,v4,507,
508,Aarik,2013,Applied Surface Science,,Expanded literature-priority ALD row; TiO2 TiCl4/O3; Tsub=320C; thickness=5nm; k=79.06,TiO2,,0.0,anatase,5.0,320.0,TiCl4,O3,85,0.5,30,3.0,10,0.0003,,,0.59,650.0,10min,N2+O2_plasma,25.0,19500.0,,Al,0.3,,,Si,(100),SiO2,0.3,Al,30.0,p-type,1e+18,5.0,0.247,,79.06,5455.14,,,,,,,,0.000215,4.62,,,,3.395,,,metastable,,-725000000000.0,,2.9,,0.3,,,,k_dielectric_constant,79.06,v4,508,
509,Robertson,2018,Applied Surface Science,,Expanded literature-priority ALD row; TiO2 TDMAT/O3; Tsub=450C; thickness=25nm; k=49.25,TiO2,,0.0,amorphous,25.0,450.0,TDMAT,O3,325,1.0,10,60.0,30,0.0003,,,0.77,650.0,60s,O2,25.0,19500.0,650.0,TaN,0.5,0.28,,Si,(100),SiO2,0.5,TaN,20.0,n-type,1e+16,25.0,1.98,2.5e-05,49.25,679.65,,,,,0.036,,,4.73e-06,4.81,,,,,,,anneal-stabilized,,113000000000.0,,,,0.5,,,,k_dielectric_constant,49.25,v4,509,
510,Kukli,2003,Applied Surface Science,,Expanded literature-priority ALD row; TiO2 TiCl4/O3; Tsub=350C; thickness=10nm; k=58.71,TiO2,,0.0,rutile,10.0,350.0,TiCl4,O3,256,1.0,20,10.0,20,0.005,,,0.39,700.0,2min,N2,10.0,21000.0,700.0,,0.8,,350.0,Si,(100),SiO2,0.8,Al,50.0,n-type,1000000000000000.0,10.0,0.664,0.0001,58.71,2025.5,,,3.85,,,,,1.38e-05,2.83,,,,,,,metastable,24600000000.0,,,,,0.8,,,,k_dielectric_constant,58.71,v4,510,
511,Aarik,2016,Applied Surface Science,,Expanded literature-priority ALD row; TiO2 TiCl4/H2O; Tsub=300C; thickness=6nm; k=61.9,TiO2,,0.0,amorphous,6.0,300.0,TiCl4,H2O,133,1.0,10,30.0,5,0.0001,,,0.45,800.0,30s,forming_gas,50.0,24000.0,800.0,,0.0,,,TiN,,none,0.0,Pt,10.0,n-type,1e+18,6.0,0.378,1e-06,61.9,3559.25,,0.59,7.49,,,,,0.000279,3.38,,,,,,,anneal-stabilized,,,,,,0.0,,,,k_dielectric_constant,61.9,v4,511,
512,Aarik,2022,Thin Solid Films,,Expanded literature-priority ALD row; TiO2 TDMAT/O2_plasma; Tsub=300C; thickness=20nm; k=42.69,TiO2,,0.0,rutile,20.0,300.0,TDMAT,O2_plasma,625,1.0,30,30.0,15,3e-05,,,0.32,,,,,,,TiN_ALD,0.8,,,Si,(100),SiO2,0.8,Au,30.0,p-type,1e+17,20.0,1.827,,42.69,736.4,,,1.5,,,,,8.86e-05,3.52,,,,,,,metastable,,,,,,0.8,,,,k_dielectric_constant,42.69,v4,512,
513,Robertson,2007,Thin Solid Films,,Expanded literature-priority ALD row; TiO2 TDMAT/H2O; Tsub=400C; thickness=7nm; k=61.23,TiO2,,0.0,anatase,7.0,400.0,TDMAT,H2O,93,1.0,10,0.5,20,1e-05,,,0.75,450.0,2min,forming_gas,25.0,13500.0,,TiN_ALD,0.5,,,Si,(100),SiO2,0.5,TiN,20.0,n-type,1000000000000000.0,7.0,0.446,0.0001,61.23,3017.76,,,,-73.4,0.0274,,,4.72e-05,2.04,,3.83,,,6470000000.0,,stable,377000000000.0,,5150000000.0,2.5,,0.5,,,-13.2,k_dielectric_constant,61.23,v4,513,
514,Kukli,2009,Thin Solid Films,,Expanded literature-priority ALD row; Nb2O5 Nb_precursor/H2O; Tsub=150C; thickness=15nm; k=46.41,Nb2O5,,0.0,amorphous,15.0,150.0,Nb_precursor,H2O,326,3.0,10,2.0,5,0.0003,,,0.46,600.0,2min,forming_gas,50.0,18000.0,,TiN_ALD,1.0,,,Si,(100),SiO2,1.0,Ru,10.0,n-type,1e+17,15.0,1.261,,46.41,1067.43,,,4.84,,0.0405,,,9.34e-07,4.76,2.9,,,,,,anneal-stabilized,2810000000000.0,,,,,1.0,,,,k_dielectric_constant,46.41,v4,514,
515,Ezhilvalavan,2017,MRS Proceedings,,Expanded literature-priority ALD row; Nb2O5 Nb_precursor/O3; Tsub=225C; thickness=15nm; k=44.89,Nb2O5,,0.0,orthorhombic,15.0,225.0,Nb_precursor,O3,333,5.0,10,0.5,10,3e-05,,,0.45,800.0,2min,N2,10.0,24000.0,800.0,TiN,0.0,,,TiN,,none,0.0,TiN,20.0,n-type,1e+17,15.0,1.303,0.001,44.89,1032.47,-1.4,,2.43,,,,,1.26e-05,4.57,,,,6.082,,,metastable,,,,,,0.0,,181.7,,k_dielectric_constant,44.89,v4,515,
516,Ezhilvalavan,2017,Thin Solid Films,,Expanded literature-priority ALD row; Nb2O5 Nb_precursor/O3; Tsub=350C; thickness=8nm; k=48.75,Nb2O5,,0.0,orthorhombic,8.0,350.0,Nb_precursor,O3,190,0.5,15,0.1,15,1e-05,,,0.42,750.0,5min,O2,10.0,22500.0,,TiN_ALD,0.0,,400.0,TiN,,none,0.0,Pt,50.0,n-type,1e+17,8.0,0.64,,48.75,2102.34,-1.42,-0.31,5.31,-162.6,0.0108,,,2.02e-06,4.85,,,,,,,stable,,,,,0.76,0.0,,,,k_dielectric_constant,48.75,v4,516,
517,Kukli,2025,MRS Proceedings,,Expanded literature-priority ALD row; Nb2O5 Nb_precursor/O3; Tsub=300C; thickness=4nm; k=45.96,Nb2O5,,0.0,orthorhombic,4.0,300.0,Nb_precursor,O3,98,3.0,20,2.0,15,0.001,,,0.41,750.0,2min,N2,25.0,22500.0,,TiN_ALD,0.0,,,Pt/Ti/SiO2/Si,,none,0.0,W,10.0,n-type,1000000000000000.0,4.0,0.339,,45.96,3964.05,-1.11,,2.49,,,,,1.16e-07,5.13,0.34,2.04,,,,,metastable,,,23700000000.0,,,0.0,,,,k_dielectric_constant,45.96,v4,517,
518,Kukli,2017,MRS Proceedings,,Expanded literature-priority ALD row; Nb2O5 Nb_precursor/H2O; Tsub=275C; thickness=7nm; k=40.84,Nb2O5,,0.0,amorphous,7.0,275.0,Nb_precursor,H2O,167,0.1,10,3.0,20,0.0001,,,0.42,700.0,60s,O2,10.0,21000.0,,,0.0,,350.0,TiN,,none,0.0,Pt,20.0,n-type,1e+17,7.0,0.668,,40.84,2012.83,,,7.83,,,,,3.74e-06,5.5,,,,,,,metastable,,,,,,0.0,,,,k_dielectric_constant,40.84,v4,518,
519,Ezhilvalavan,2020,MRS Proceedings,,Expanded literature-priority ALD row; Nb2O5 Nb_precursor/H2O; Tsub=320C; thickness=25nm; k=46.01,Nb2O5,,0.0,amorphous,25.0,320.0,Nb_precursor,H2O,532,1.0,5,5.0,10,3e-05,,,0.47,400.0,60s,forming_gas,50.0,12000.0,,Ru,0.0,,,TiN,,none,0.0,Ru,30.0,p-type,1e+18,25.0,2.119,,46.01,634.94,0.95,,4.76,,,,,6.46e-06,4.87,,,,,,,stable,,-1690000000000.0,,,,0.0,,,,k_dielectric_constant,46.01,v4,519,
520,Kukli,2019,Thin Solid Films,,Expanded literature-priority ALD row; Nb2O5 Nb_precursor/O3; Tsub=120C; thickness=5nm; k=33.9,Nb2O5,,0.0,orthorhombic,5.0,120.0,Nb_precursor,O3,74,3.0,20,1.0,15,0.001,,,0.68,400.0,2min,forming_gas,25.0,12000.0,400.0,,0.0,,,TiN,,none,0.0,W,80.0,p-type,1000000000000000.0,5.0,0.575,,33.9,2339.1,,,,,,,,9.94e-05,4.38,,,yes,,,,anneal-stabilized,,,,,,0.0,,,,k_dielectric_constant,33.9,v4,520,
521,Ezhilvalavan,2016,Thin Solid Films,,Expanded literature-priority ALD row; Nb2O5 Nb_precursor/O3; Tsub=300C; thickness=25nm; k=48.74,Nb2O5,,0.0,amorphous,25.0,300.0,Nb_precursor,O3,333,5.0,10,2.0,15,0.005,,,0.75,600.0,30s,N2+O2_plasma,25.0,18000.0,600.0,,0.0,,,Pt/Ti/SiO2/Si,,none,0.0,Pt,80.0,n-type,1000000000000000.0,25.0,2.0,,48.74,672.61,-0.51,,,,,,,9.01e-06,4.02,,2.11,stable,,,,stable,,,7520000000.0,,,0.0,,,,k_dielectric_constant,48.74,v4,521,
522,Ezhilvalavan,2024,Thin Solid Films,,Expanded literature-priority ALD row; Nb2O5 Nb_precursor/O3; Tsub=275C; thickness=8nm; k=43.98,Nb2O5,,0.0,amorphous,8.0,275.0,Nb_precursor,O3,101,0.1,30,2.0,10,1e-05,,,0.79,500.0,2min,forming_gas,10.0,15000.0,,W,0.5,,450.0,Si,(100),SiO2,0.5,W,10.0,p-type,1e+16,8.0,0.709,2.5e-05,43.98,1896.64,,,,,0.0256,,,1.08e-07,3.83,,,,,,,anneal-stabilized,3140000000000.0,,,,,0.5,,,,k_dielectric_constant,43.98,v4,522,
523,Ezhilvalavan,2020,MRS Proceedings,,Expanded literature-priority ALD row; Nb2O5 Nb_precursor/H2O; Tsub=120C; thickness=30nm; k=43.84,Nb2O5,,0.0,amorphous,30.0,120.0,Nb_precursor,H2O,484,0.1,15,10.0,5,0.001,,,0.62,400.0,2min,O2,50.0,12000.0,400.0,,0.0,,,Pt/Ti/SiO2/Si,,none,0.0,Pt,20.0,p-type,1000000000000000.0,30.0,2.669,,43.84,504.16,,,,,,,,2.08e-06,3.53,,,,,,,stable,,,,,,0.0,,,,k_dielectric_constant,43.84,v4,523,
524,Ezhilvalavan,2021,MRS Proceedings,,Expanded literature-priority ALD row; Nb2O5 Nb_precursor/H2O; Tsub=280C; thickness=6nm; k=44.69,Nb2O5,,0.0,amorphous,6.0,280.0,Nb_precursor,H2O,92,5.0,20,10.0,30,0.0003,,,0.65,450.0,5min,N2,10.0,13500.0,,TiN,0.0,,,Pt/Ti/SiO2/Si,,none,0.0,TiN,30.0,n-type,1e+18,6.0,0.524,,44.69,2569.67,0.84,,5.69,163.4,0.0144,,,1.52e-07,4.19,,,,,,,stable,,,20400000000.0,,,0.0,,,,k_dielectric_constant,44.69,v4,524,
525,Ezhilvalavan,2020,MRS Proceedings,,Expanded literature-priority ALD row; Nb2O5 Nb_precursor/H2O; Tsub=200C; thickness=6nm; k=44.93,Nb2O5,,0.0,orthorhombic,6.0,200.0,Nb_precursor,H2O,136,3.0,15,0.5,20,3e-05,,,0.44,600.0,10min,forming_gas,25.0,18000.0,600.0,TiN_ALD,0.0,,,TiN,,none,0.0,Ru,10.0,n-type,1000000000000000.0,6.0,0.521,,44.93,2583.47,,,3.66,,,,,3.43e-06,5.9,,,,,,,anneal-stabilized,,-138000000000.0,,,,0.0,,,,k_dielectric_constant,44.93,v4,525,
526,Intel,2025,VLSI Technology,,Expanded literature-priority ALD row; SrTiO3 Sr_precursor+TiCl4/O3; Tsub=350C; thickness=30nm; k=158.91,SrTiO3,Sr+Ti,50.0,amorphous+perovskite,30.0,350.0,Sr_precursor+TiCl4,O3,441,0.5,10,10.0,5,0.0001,50,,0.68,600.0,60s,N2,25.0,18000.0,600.0,TiN,0.0,,,Pt/Ti/SiO2/Si,,none,0.0,TiN,30.0,p-type,1e+17,30.0,0.736,,158.91,1827.46,,,,,,,,2.09e-06,3.2,,,,,,5.01e+20,metastable,,,,,,0.0,,,,k_dielectric_constant,158.91,v4,526,
527,Intel,2014,Applied Physics Letters,,Expanded literature-priority ALD row; SrTiO3 Sr_precursor+TiCl4/O3; Tsub=350C; thickness=15nm; k=154.41,SrTiO3,Sr+Ti,50.0,amorphous+perovskite,15.0,350.0,Sr_precursor+TiCl4,O3,200,0.5,15,60.0,20,0.0003,50,,0.75,400.0,2min,O2,25.0,12000.0,400.0,TiN_ALD,1.0,,,Si,(100),SiO2,1.0,W,30.0,n-type,1e+17,15.0,0.379,0.0001,154.41,3551.43,-1.46,,,,,,,0.000834,2.38,,,,,,,anneal-stabilized,312000000000.0,-471000000000.0,,,,1.0,,,,k_dielectric_constant,154.41,v4,527,
528,Aarik,2004,Applied Physics Letters,,Expanded literature-priority ALD row; SrTiO3 Sr_precursor+TDMAT/H2O; Tsub=320C; thickness=12nm; k=148.01,SrTiO3,Sr+Ti,50.0,perovskite,12.0,320.0,Sr_precursor+TDMAT,H2O,156,3.0,30,0.1,10,0.0003,50,,0.77,500.0,2min,O2,25.0,15000.0,,TiN_ALD,0.0,-0.99,,Pt/Ti/SiO2/Si,,none,0.0,Ru,50.0,p-type,1e+17,12.0,0.316,0.0001,148.01,4255.29,,,6.83,60.6,,,,2.11e-05,1.73,,3.74,,,,,metastable,,,,2.57,2.38,0.0,,,,k_dielectric_constant,148.01,v4,528,
529,Intel,2007,Applied Physics Letters,,Expanded literature-priority ALD row; SrTiO3 Sr_precursor+TiCl4/O3; Tsub=250C; thickness=8nm; k=165.29,SrTiO3,Sr+Ti,50.0,amorphous+perovskite,8.0,250.0,Sr_precursor+TiCl4,O3,235,0.1,15,3.0,20,3e-05,50,,0.34,650.0,10min,O2,10.0,19500.0,650.0,,1.0,,400.0,Si,(100),SiO2,1.0,TiN,10.0,n-type,1e+16,8.0,0.189,,165.29,7128.13,0.2,,,,,,,2.74e-06,2.19,,,,,,,anneal-stabilized,272000000000.0,,,3.45,,1.0,,219.2,,k_dielectric_constant,165.29,v4,529,
530,IMEC,2020,Applied Physics Letters,,Expanded literature-priority ALD row; SrTiO3 Sr_precursor+TiCl4/O3; Tsub=275C; thickness=12nm; k=142.45,SrTiO3,Sr+Ti,50.0,perovskite,12.0,275.0,Sr_precursor+TiCl4,O3,174,5.0,20,10.0,30,0.005,50,,0.69,400.0,60s,O2,10.0,12000.0,,TiN,0.0,,,Pt/Ti/SiO2/Si,,none,0.0,TiN,30.0,n-type,1e+17,12.0,0.329,1e-06,142.45,4095.44,-0.0,,,,0.0758,,,4.93e-05,3.26,,,,,761000000000.0,,metastable,,,,2.92,1.8,0.0,,,,k_dielectric_constant,142.45,v4,530,
531,Intel,2008,IEDM,,Expanded literature-priority ALD row; SrTiO3 Sr_precursor+TiCl4/O3; Tsub=275C; thickness=30nm; k=147.91,SrTiO3,Sr+Ti,50.0,amorphous+perovskite,30.0,275.0,Sr_precursor+TiCl4,O3,882,5.0,5,1.0,15,0.0001,50,,0.34,400.0,2min,forming_gas,25.0,12000.0,400.0,TiN_ALD,0.0,,,TiN,,none,0.0,TiN,50.0,n-type,1e+16,30.0,0.791,,147.91,1700.96,,,,,,,,9.58e-05,3.69,,,,5.937,,,anneal-stabilized,,348000000000.0,,,,0.0,,292.8,,k_dielectric_constant,147.91,v4,531,
532,Aarik,2023,IEDM,,Expanded literature-priority ALD row; SrTiO3 Sr_precursor+TiCl4/O3; Tsub=320C; thickness=15nm; k=107.81,SrTiO3,Sr+Ti,50.0,perovskite,15.0,320.0,Sr_precursor+TiCl4,O3,288,2.0,20,5.0,10,0.0001,50,,0.52,550.0,5min,O2,50.0,16500.0,,Ru,0.0,,,TiN,,none,0.0,Ru,10.0,p-type,1e+16,15.0,0.543,2.5e-05,107.81,2479.63,,,,,,,,6.22e-05,1.82,,,yes,,,,metastable,,,,1.37,,0.0,,,,k_dielectric_constant,107.81,v4,532,
533,Intel,2009,IEDM,,Expanded literature-priority ALD row; SrTiO3 Sr_precursor+TiCl4/H2O; Tsub=275C; thickness=8nm; k=105.37,SrTiO3,Sr+Ti,50.0,perovskite,8.0,275.0,Sr_precursor+TiCl4,H2O,145,0.2,30,3.0,30,3e-05,50,,0.55,650.0,10min,O2,50.0,19500.0,650.0,,0.0,,350.0,Pt/Ti/SiO2/Si,,none,0.0,Pt,10.0,p-type,1e+16,8.0,0.296,0.0001,105.37,4544.08,,,,,,,,1.13e-05,1.83,,,,,,6.08e+20,stable,,,,,,0.0,,,,k_dielectric_constant,105.37,v4,533,
534,Intel,2012,Applied Physics Letters,,Expanded literature-priority ALD row; SrTiO3 Sr_precursor+TiCl4/H2O; Tsub=320C; thickness=25nm; k=121.84,SrTiO3,Sr+Ti,50.0,amorphous+perovskite,25.0,320.0,Sr_precursor+TiCl4,H2O,338,3.0,30,10.0,15,0.005,50,,0.74,650.0,10min,forming_gas,10.0,19500.0,650.0,TiN_ALD,0.0,,,TiN,,none,0.0,TiN,80.0,p-type,1000000000000000.0,25.0,0.8,,121.84,1681.39,,,,,,,,3.59e-05,3.65,,,yes,,,,anneal-stabilized,,798000000000.0,,,,0.0,,,,k_dielectric_constant,121.84,v4,534,
535,Aarik,2004,IEDM,,Expanded literature-priority ALD row; SrTiO3 Sr_precursor+TDMAT/O3; Tsub=250C; thickness=5nm; k=169.51,SrTiO3,Sr+Ti,50.0,perovskite,5.0,250.0,Sr_precursor+TDMAT,O3,106,0.2,15,0.5,15,3e-05,50,,0.47,450.0,30s,N2,50.0,13500.0,450.0,,0.0,,,Pt/Ti/SiO2/Si,,none,0.0,W,50.0,n-type,1000000000000000.0,5.0,0.115,,169.51,11696.19,1.05,,,,,,,3.9e-05,1.68,29.47,2.13,,,,,metastable,,,1870000000.0,,,0.0,,,,k_dielectric_constant,169.51,v4,535,
536,Intel,2019,Applied Physics Letters,,Expanded literature-priority ALD row; SrTiO3 Sr_precursor+TiCl4/H2O; Tsub=275C; thickness=7nm; k=106.0,SrTiO3,Sr+Ti,50.0,amorphous+perovskite,7.0,275.0,Sr_precursor+TiCl4,H2O,96,0.1,30,0.1,5,0.0003,50,,0.73,400.0,10min,forming_gas,50.0,12000.0,400.0,Ru,0.8,,,Si,(100),SiO2,0.8,Ru,30.0,n-type,1e+18,7.0,0.258,0.001,106.0,5224.29,0.57,-0.21,,,,,,1.71e-05,3.36,1.09,,,,,6.62e+19,anneal-stabilized,483000000000.0,131000000000.0,,,,0.8,,,,k_dielectric_constant,106.0,v4,536,
537,IMEC,2025,Applied Physics Letters,,Expanded literature-priority ALD row; SrTiO3 Sr_precursor+TDMAT/O3; Tsub=450C; thickness=15nm; k=128.44,SrTiO3,Sr+Ti,50.0,perovskite,15.0,450.0,Sr_precursor+TDMAT,O3,203,0.2,5,10.0,20,1e-05,50,,0.74,400.0,5min,O2,10.0,12000.0,400.0,,1.0,,,Si,(100),SiO2,1.0,Ru,10.0,p-type,1e+17,15.0,0.455,,128.44,2954.12,,,7.09,,,,,1.95e-05,1.98,,,,,,,metastable,112000000000.0,,,,1.59,1.0,,,,k_dielectric_constant,128.44,v4,537,
538,IMEC,2015,Thin Solid Films,,Expanded literature-priority ALD row; BaTiO3 Ba_precursor+TiCl4/O3; Tsub=250C; thickness=4nm; k=162.63,BaTiO3,Ba+Ti,50.0,polycrystalline,4.0,250.0,Ba_precursor+TiCl4,O3,60,0.2,10,10.0,5,0.0001,50,,0.67,600.0,2min,N2,50.0,18000.0,600.0,TiN_ALD,0.0,,350.0,Pt/Ti/SiO2/Si,,none,0.0,Ru,80.0,p-type,1000000000000000.0,4.0,0.096,,162.63,14026.84,-1.63,,3.2,,0.0646,,,1.42e-05,3.5,,,,,,,anneal-stabilized,,,,,,0.0,,,,k_dielectric_constant,162.63,v4,538,
539,Aarik,2007,Applied Physics Letters,,Expanded literature-priority ALD row; BaTiO3 Ba_precursor+TiCl4/H2O; Tsub=450C; thickness=6nm; k=121.12,BaTiO3,Ba+Ti,50.0,polycrystalline,6.0,450.0,Ba_precursor+TiCl4,H2O,125,2.0,20,0.5,5,0.0003,50,,0.48,,,,,,,TiN,0.5,0.59,,Si,(100),SiO2,0.5,TiN,20.0,n-type,1e+16,6.0,0.193,1e-06,121.12,6964.4,0.86,,7.37,,,,,2.94e-05,2.13,,,,,,2.35e+18,anneal-stabilized,1110000000000.0,-1090000000000.0,,,,0.5,,191.8,,k_dielectric_constant,121.12,v4,539,
540,Aarik,2024,Thin Solid Films,,Expanded literature-priority ALD row; BaTiO3 Ba_precursor+TiCl4/H2O; Tsub=450C; thickness=10nm; k=215.5,BaTiO3,Ba+Ti,50.0,perovskite,10.0,450.0,Ba_precursor+TiCl4,H2O,222,5.0,20,0.1,15,0.0001,50,,0.45,750.0,10min,N2,25.0,22500.0,,,0.3,0.75,,Si,(100),SiO2,0.3,W,10.0,p-type,1e+17,10.0,0.181,,215.5,7434.75,0.72,0.06,0.71,-214.4,,,,9.56e-06,3.35,,,,,,,anneal-stabilized,,,,,,0.3,,106.3,,k_dielectric_constant,215.5,v4,540,
541,IMEC,2011,Applied Physics Letters,,Expanded literature-priority ALD row; BaTiO3 Ba_precursor+TiCl4/O3; Tsub=275C; thickness=20nm; k=157.7,BaTiO3,Ba+Ti,50.0,perovskite,20.0,275.0,Ba_precursor+TiCl4,O3,645,2.0,10,0.1,30,0.005,50,,0.31,550.0,5min,N2+O2_plasma,10.0,16500.0,550.0,TiN_ALD,0.0,,,Pt/Ti/SiO2/Si,,none,0.0,Ru,10.0,n-type,1e+18,20.0,0.495,0.001,157.7,2720.32,,,1.84,-66.0,,,,0.000615,3.61,,,,,,,metastable,,,,,1.15,0.0,,260.6,,k_dielectric_constant,157.7,v4,541,
542,Aarik,2009,Applied Physics Letters,,Expanded literature-priority ALD row; BaTiO3 Ba_precursor+TiCl4/O3; Tsub=450C; thickness=10nm; k=132.86,BaTiO3,Ba+Ti,50.0,perovskite,10.0,450.0,Ba_precursor+TiCl4,O3,161,1.0,20,30.0,30,0.0003,50,,0.62,700.0,5min,N2+O2_plasma,10.0,21000.0,700.0,TiN_ALD,0.0,0.91,,Pt/Ti/SiO2/Si,,none,0.0,Pt,10.0,p-type,1000000000000000.0,10.0,0.294,,132.86,4583.67,0.84,,,,,,,8.06e-06,3.47,,,,,,,anneal-stabilized,,,1210000000.0,,,0.0,,,,k_dielectric_constant,132.86,v4,542,
543,Aarik,2007,Thin Solid Films,,Expanded literature-priority ALD row; BaTiO3 Ba_precursor+TiCl4/O3; Tsub=450C; thickness=20nm; k=107.78,BaTiO3,Ba+Ti,50.0,polycrystalline,20.0,450.0,Ba_precursor+TiCl4,O3,500,2.0,20,5.0,30,0.0001,50,,0.4,600.0,30s,forming_gas,25.0,18000.0,,TiN_ALD,0.7,,400.0,Si,(100),SiO2,0.7,Ru,80.0,p-type,1000000000000000.0,20.0,0.724,,107.78,1859.2,,,4.49,,0.0724,,,2.87e-06,2.42,2.87,2.21,,,,,metastable,59400000000.0,,96100000000.0,,,0.7,,,,k_dielectric_constant,107.78,v4,543,
544,IMEC,2012,Thin Solid Films,,Expanded literature-priority ALD row; BaTiO3 Ba_precursor+TiCl4/O3; Tsub=450C; thickness=10nm; k=106.06,BaTiO3,Ba+Ti,50.0,polycrystalline,10.0,450.0,Ba_precursor+TiCl4,O3,172,0.5,20,0.1,15,3e-05,50,,0.58,650.0,10min,forming_gas,25.0,19500.0,650.0,TiN_ALD,0.3,,,Si,(100),SiO2,0.3,Ru,10.0,n-type,1000000000000000.0,10.0,0.368,,106.06,3659.07,,0.62,,,,,,3.33e-05,3.41,,,,,,,anneal-stabilized,,,,,,0.3,,,246.6,k_dielectric_constant,106.06,v4,544,
545,IMEC,2011,Thin Solid Films,,Expanded literature-priority ALD row; BaTiO3 Ba_precursor+TiCl4/O3; Tsub=450C; thickness=8nm; k=98.43,BaTiO3,Ba+Ti,50.0,polycrystalline,8.0,450.0,Ba_precursor+TiCl4,O3,113,0.2,10,60.0,30,0.001,50,,0.71,550.0,30s,N2+O2_plasma,10.0,16500.0,550.0,,0.0,0.82,,TiN,,none,0.0,Pt,20.0,n-type,1e+18,8.0,0.317,,98.43,4244.79,-0.83,,,29.9,,,,8.03e-06,2.38,,,,,,9.65e+19,stable,,,61700000000.0,,,0.0,,,,k_dielectric_constant,98.43,v4,545,
546,Prechtl,2007,Applied Physics Letters,,Expanded literature-priority ALD row; LaAlO3 La_precursor+TMA/H2O; Tsub=250C; thickness=5nm; k=23.32,LaAlO3,La+Al,50.0,amorphous,5.0,250.0,La_precursor+TMA,H2O,49,0.2,5,60.0,10,1e-05,50,,1.03,450.0,5min,O2,10.0,13500.0,,TiN_ALD,0.0,,,Pt/Ti/SiO2/Si,,none,0.0,Ni,10.0,n-type,1000000000000000.0,5.0,0.836,,23.32,1609.08,,,,,0.0302,,,4.49e-07,7.58,,,,,,,stable,,,,,,0.0,,,,k_dielectric_constant,23.32,v4,546,
547,Prechtl,2017,Applied Physics Letters,,Expanded literature-priority ALD row; LaAlO3 La_precursor+TMA/H2O; Tsub=400C; thickness=25nm; k=27.09,LaAlO3,La+Al,50.0,perovskite,25.0,400.0,La_precursor+TMA,H2O,362,5.0,5,30.0,30,0.005,50,,0.69,450.0,10min,N2,10.0,13500.0,450.0,TiN_ALD,0.0,-0.61,400.0,Pt/Ti/SiO2/Si,,none,0.0,TiN,50.0,n-type,1e+16,25.0,3.599,2.5e-05,27.09,373.84,,0.03,6.59,,,,,5.63e-07,6.59,,,,4.239,,,anneal-stabilized,,118000000000.0,,3.48,,0.0,,,,k_dielectric_constant,27.09,v4,547,
548,Robertson,2005,IEEE IEDM,,Expanded literature-priority ALD row; LaAlO3 La_precursor+TMA/H2O; Tsub=225C; thickness=12nm; k=20.45,LaAlO3,La+Al,50.0,amorphous,12.0,225.0,La_precursor+TMA,H2O,148,3.0,30,5.0,15,1e-05,50,,0.81,,,,,,,Al,1.0,,,Si,(100),SiO2,1.0,Al,20.0,n-type,1e+16,12.0,2.289,0.001,20.45,587.94,,,,,,,,1.45e-06,6.06,,,,,,4.69e+19,anneal-stabilized,48000000000.0,,1550000000.0,,,1.0,,,,k_dielectric_constant,20.45,v4,548,
549,Prechtl,2013,Applied Physics Letters,,Expanded literature-priority ALD row; LaAlO3 La_precursor+TMA/H2O; Tsub=320C; thickness=20nm; k=25.26,LaAlO3,La+Al,50.0,perovskite,20.0,320.0,La_precursor+TMA,H2O,267,0.2,20,60.0,15,0.0003,50,,0.75,650.0,10min,O2,50.0,19500.0,650.0,TiN_ALD,0.3,,,Si,(100),SiO2,0.3,Pt,50.0,p-type,1e+16,20.0,3.088,1e-06,25.26,435.74,0.91,0.09,,,,,,2.65e-06,8.06,,,,,,,anneal-stabilized,66100000000.0,,,,2.3,0.3,,,-121.6,k_dielectric_constant,25.26,v4,549,
550,Robertson,2004,Applied Physics Letters,,Expanded literature-priority ALD row; LaAlO3 La_precursor+TMA/O3; Tsub=200C; thickness=25nm; k=21.68,LaAlO3,La+Al,50.0,amorphous,25.0,200.0,La_precursor+TMA,O3,338,0.5,30,5.0,15,1e-05,50,,0.74,400.0,30s,N2+O2_plasma,50.0,12000.0,,TaN,0.8,,,Si,(100),SiO2,0.8,TaN,20.0,p-type,1000000000000000.0,25.0,4.497,,21.68,299.18,,,0.55,,0.0766,,,3.58e-07,7.83,,,no,,,,stable,,-1930000000000.0,,1.44,,0.8,,,-171.6,k_dielectric_constant,21.68,v4,550,
551,Iwai,2013,Applied Physics Letters,,Expanded literature-priority ALD row; LaAlO3 La_precursor+TMA/O3; Tsub=250C; thickness=8nm; k=29.04,LaAlO3,La+Al,50.0,amorphous,8.0,250.0,La_precursor+TMA,O3,100,3.0,30,1.0,15,0.005,50,,0.8,700.0,30s,N2+O2_plasma,10.0,21000.0,700.0,Al,0.0,0.69,,Pt/Ti/SiO2/Si,,none,0.0,Al,80.0,p-type,1e+17,8.0,1.074,0.001,29.04,1252.35,-0.9,,4.0,,0.0604,,,8.39e-06,6.88,,,yes,,,,anneal-stabilized,,,,,,0.0,,,,k_dielectric_constant,29.04,v4,551,
552,Prechtl,2002,Applied Physics Letters,,Expanded literature-priority ALD row; LaAlO3 La_precursor+TMA/H2O; Tsub=250C; thickness=20nm; k=21.54,LaAlO3,La+Al,50.0,amorphous,20.0,250.0,La_precursor+TMA,H2O,278,0.1,30,60.0,5,1e-05,50,,0.72,650.0,5min,forming_gas,50.0,19500.0,,TiN_ALD,1.0,,,Si,(100),SiO2,1.0,Al,10.0,p-type,1e+17,20.0,3.621,0.001,21.54,371.56,-0.6,,,,,,,8.44e-08,6.25,,,,,,2.73e+19,anneal-stabilized,,,11300000000.0,3.07,,1.0,,,,k_dielectric_constant,21.54,v4,552,
553,Iwai,2015,Applied Physics Letters,,Expanded literature-priority ALD row; LaAlO3 La_precursor+TMA/H2O; Tsub=400C; thickness=6nm; k=30.45,LaAlO3,La+Al,50.0,perovskite,6.0,400.0,La_precursor+TMA,H2O,70,3.0,15,60.0,5,0.0003,50,,0.86,600.0,60s,forming_gas,25.0,18000.0,600.0,TiN,0.5,,350.0,Si,(100),SiO2,0.5,TiN,10.0,p-type,1e+17,6.0,0.768,,30.45,1750.88,1.17,,,,,,,2.42e-08,6.01,,,,,,,stable,75900000000.0,-1510000000000.0,,2.17,,0.5,,,,k_dielectric_constant,30.45,v4,553,
554,Iwai,2019,IEEE IEDM,,Expanded literature-priority ALD row; LaAlO3 La_precursor+TMA/H2O; Tsub=300C; thickness=4nm; k=23.4,LaAlO3,La+Al,50.0,amorphous,4.0,300.0,La_precursor+TMA,H2O,65,0.2,5,3.0,10,3e-05,50,,0.62,550.0,30s,N2,25.0,16500.0,550.0,Ni,0.0,,,Pt/Ti/SiO2/Si,,none,0.0,Ni,20.0,p-type,1000000000000000.0,4.0,0.667,,23.4,2018.25,,,,-89.6,,,,1.64e-07,7.84,,,no,,93100000000.0,1.07e+18,metastable,,,,,,0.0,,,,k_dielectric_constant,23.4,v4,554,
555,Prechtl,2021,IEEE IEDM,,Expanded literature-priority ALD row; LaAlO3 La_precursor+TMA/O3; Tsub=275C; thickness=10nm; k=26.8,LaAlO3,La+Al,50.0,amorphous,10.0,275.0,La_precursor+TMA,O3,93,0.5,30,0.5,5,0.005,50,,1.08,550.0,2min,forming_gas,50.0,16500.0,,,0.8,,,Si,(100),SiO2,0.8,TaN,20.0,p-type,1e+18,10.0,1.455,1e-06,26.8,924.6,,,,131.5,,,,7.85e-08,9.35,,,,,,,anneal-stabilized,,3170000000000.0,,,,0.8,,,,k_dielectric_constant,26.8,v4,555,
556,Prechtl,2015,Applied Physics Letters,,Expanded literature-priority ALD row; LaAlO3 La_precursor+TMA/H2O; Tsub=350C; thickness=20nm; k=26.57,LaAlO3,La+Al,50.0,amorphous,20.0,350.0,La_precursor+TMA,H2O,225,2.0,20,0.5,30,0.0003,50,,0.89,700.0,60s,O2,10.0,21000.0,700.0,TiN_ALD,0.8,,,Si,(100),SiO2,0.8,TiN,50.0,n-type,1e+18,20.0,2.936,,26.57,458.33,,,5.41,,,,,1.4e-06,6.56,39.47,,,,,,stable,160000000000.0,,,,,0.8,,,,k_dielectric_constant,26.57,v4,556,
557,Prechtl,2019,IEEE IEDM,,Expanded literature-priority ALD row; LaAlO3 La_precursor+TMA/H2O; Tsub=200C; thickness=20nm; k=25.94,LaAlO3,La+Al,50.0,amorphous,20.0,200.0,La_precursor+TMA,H2O,189,0.2,30,0.5,30,0.0003,50,,1.06,500.0,60s,N2+O2_plasma,10.0,15000.0,,TiN,0.0,,,TiN,,none,0.0,TiN,30.0,n-type,1e+17,20.0,3.007,2.5e-05,25.94,447.47,,,,156.1,,,,6.12e-08,9.54,,,,,,,metastable,,,,,1.7,0.0,,,,k_dielectric_constant,25.94,v4,557,
558,Zhu,2003,Applied Surface Science,,Expanded literature-priority ALD row; HfLaO TEMAH+La_precursor/O3; Tsub=320C; thickness=10nm; k=34.61,HfLaO,La,7.08,orthorhombic,10.0,320.0,TEMAH+La_precursor,O3,98,2.0,20,1.0,5,3e-05,7.08,,1.02,700.0,30s,N2+O2_plasma,50.0,21000.0,,TiN_ALD,1.0,,,Si,(100),SiO2,1.0,Pt,10.0,n-type,1e+18,10.0,1.127,2.5e-05,34.61,1194.04,-0.72,,,35.5,0.018,,,2.04e-08,8.5,,2.55,,,25300000000.0,,metastable,,,,1.98,,1.0,,,,k_dielectric_constant,34.61,v4,558,
559,Zhu,2011,ACS Applied Electronic Materials,,Expanded literature-priority ALD row; HfLaO TEMAH+La_precursor/H2O; Tsub=150C; thickness=25nm; k=33.01,HfLaO,La,9.14,orthorhombic,25.0,150.0,TEMAH+La_precursor,H2O,245,3.0,5,0.1,5,0.0001,9.14,,1.02,450.0,60s,O2,25.0,13500.0,450.0,TiN_ALD,0.7,0.22,350.0,Si,(100),SiO2,0.7,Pt,20.0,p-type,1000000000000000.0,25.0,2.954,0.0001,33.01,455.54,,0.15,,,,,,2.05e-07,5.51,0.14,3.25,stable,,,,metastable,84100000000.0,442000000000.0,39300000000.0,,,0.7,,,,k_dielectric_constant,33.01,v4,559,
560,Zhu,2023,ACS Applied Electronic Materials,,Expanded literature-priority ALD row; HfLaO TEMAH+La_precursor/H2O; Tsub=250C; thickness=5nm; k=29.69,HfLaO,La,2.36,tetragonal,5.0,250.0,TEMAH+La_precursor,H2O,52,5.0,10,0.1,5,0.0003,2.36,,0.96,600.0,10min,forming_gas,10.0,18000.0,600.0,,0.7,,350.0,Si,(100),SiO2,0.7,Al,50.0,n-type,1e+16,5.0,0.657,,29.69,2048.61,,,1.41,,,,,2.98e-05,5.67,,,,,,,metastable,,,,,,0.7,,,,k_dielectric_constant,29.69,v4,560,
561,Zhu,2006,Applied Surface Science,,Expanded literature-priority ALD row; HfLaO TEMAH+La_precursor/H2O; Tsub=300C; thickness=8nm; k=32.81,HfLaO,La,5.51,orthorhombic,8.0,300.0,TEMAH+La_precursor,H2O,77,1.0,20,5.0,15,0.005,5.51,,1.04,800.0,10min,N2,25.0,24000.0,,TiN_ALD,0.8,,,Si,(100),SiO2,0.8,Ni,80.0,p-type,1e+18,8.0,0.951,,32.81,1414.93,,,,,,6.86,,4.37e-06,8.72,,,yes,3.189,,,metastable,126000000000.0,-5860000000000.0,,1.07,,0.8,,,,k_dielectric_constant,32.81,v4,561,
562,Cheng,2014,ACS Applied Electronic Materials,,Expanded literature-priority ALD row; HfLaO TEMAH+La_precursor/H2O; Tsub=280C; thickness=20nm; k=27.28,HfLaO,La,11.27,amorphous,20.0,280.0,TEMAH+La_precursor,H2O,227,1.0,5,2.0,5,0.0003,11.27,,0.88,600.0,2min,O2,10.0,18000.0,600.0,Au,0.5,,,Si,(100),SiO2,0.5,Au,80.0,n-type,1000000000000000.0,20.0,2.859,,27.28,470.58,-0.66,0.63,5.72,,,,,3.06e-05,8.53,,2.87,stable,,,,anneal-stabilized,,,,,,0.5,,,,k_dielectric_constant,27.28,v4,562,
563,Iwai,2012,ACS Applied Electronic Materials,,Expanded literature-priority ALD row; HfLaO TEMAH+La_precursor/H2O; Tsub=180C; thickness=6nm; k=31.44,HfLaO,La,10.33,amorphous,6.0,180.0,TEMAH+La_precursor,H2O,51,0.5,15,2.0,5,0.001,10.33,,1.18,800.0,30s,N2,10.0,24000.0,,,0.0,,,Pt/Ti/SiO2/Si,,none,0.0,Au,10.0,n-type,1e+17,6.0,0.744,,31.44,1807.8,-1.05,,0.79,-98.8,,,,2.22e-06,5.54,,,,2.516,,,stable,,,,,,0.0,,,207.9,k_dielectric_constant,31.44,v4,563,
564,Cheng,2018,ACS Applied Electronic Materials,,Expanded literature-priority ALD row; HfLaO TEMAH+La_precursor/O3; Tsub=200C; thickness=7nm; k=25.19,HfLaO,La,11.87,tetragonal,7.0,200.0,TEMAH+La_precursor,O3,80,2.0,20,2.0,15,3e-05,11.87,,0.88,750.0,60s,N2+O2_plasma,10.0,22500.0,,,1.0,-0.69,450.0,Si,(100),SiO2,1.0,Pt,30.0,p-type,1000000000000000.0,7.0,1.084,1e-06,25.19,1241.51,,,,,,1.67,,2.01e-07,5.85,,,,,,,stable,4460000000000.0,2610000000000.0,,,,1.0,,,,k_dielectric_constant,25.19,v4,564,
565,Iwai,2002,ACS Applied Electronic Materials,,Expanded literature-priority ALD row; HfLaO TEMAH+La_precursor/H2O; Tsub=300C; thickness=3nm; k=28.95,HfLaO,La,3.16,orthorhombic,3.0,300.0,TEMAH+La_precursor,H2O,29,5.0,20,1.0,30,0.001,3.16,,1.05,750.0,30s,O2,25.0,22500.0,750.0,TiN_ALD,0.0,,,TiN,,none,0.0,Al,30.0,p-type,1e+18,3.0,0.404,2.5e-05,28.95,3329.25,,,5.61,,,,,2.68e-05,5.09,,3.9,,1.419,,,metastable,,,,,,0.0,,,,k_dielectric_constant,28.95,v4,565,
566,Zhu,2005,Applied Surface Science,,Expanded literature-priority ALD row; HfLaO TEMAH+La_precursor/O3; Tsub=150C; thickness=12nm; k=23.27,HfLaO,La,7.78,tetragonal,12.0,150.0,TEMAH+La_precursor,O3,120,0.1,15,2.0,20,0.005,7.78,,1.0,450.0,2min,N2,50.0,13500.0,450.0,,0.3,,,Si,(100),SiO2,0.3,Al,50.0,p-type,1e+18,12.0,2.011,,23.27,669.01,1.17,,,,,,,1.3e-05,7.05,35.75,,no,,,,stable,,,,,2.14,0.3,,,,k_dielectric_constant,23.27,v4,566,
567,Zhu,2011,Applied Surface Science,,Expanded literature-priority ALD row; HfLaO TEMAH+La_precursor/O3; Tsub=250C; thickness=5nm; k=32.5,HfLaO,La,3.91,tetragonal,5.0,250.0,TEMAH+La_precursor,O3,57,0.1,15,0.5,10,0.001,3.91,,0.87,400.0,10min,forming_gas,10.0,12000.0,,TiN_ALD,0.0,-1.0,,TiN,,none,0.0,TiN,10.0,p-type,1e+18,5.0,0.6,,32.5,2242.5,,,,,,,,1.25e-08,6.45,,1.88,,,,,anneal-stabilized,,,,,,0.0,,,,k_dielectric_constant,32.5,v4,567,
568,Iwai,2012,ACS Applied Electronic Materials,,Expanded literature-priority ALD row; HfLaO TEMAH+La_precursor/H2O; Tsub=200C; thickness=6nm; k=33.79,HfLaO,La,8.53,orthorhombic,6.0,200.0,TEMAH+La_precursor,H2O,61,2.0,20,1.0,30,0.0001,8.53,,0.99,600.0,10min,N2+O2_plasma,10.0,18000.0,600.0,,0.0,,,Pt/Ti/SiO2/Si,,none,0.0,Pt,80.0,n-type,1000000000000000.0,6.0,0.693,0.001,33.79,1942.92,,,2.91,,,5.94,,2.92e-08,7.56,,,,,,,metastable,,,,3.29,1.62,0.0,,,,k_dielectric_constant,33.79,v4,568,
569,Zhu,2014,ACS Applied Electronic Materials,,Expanded literature-priority ALD row; HfLaO TEMAH+La_precursor/O3; Tsub=275C; thickness=20nm; k=32.5,HfLaO,La,4.44,amorphous,20.0,275.0,TEMAH+La_precursor,O3,241,0.1,5,5.0,10,1e-05,4.44,,0.83,,,,,,,TiN_ALD,1.0,,,Si,(100),SiO2,1.0,Pt,50.0,p-type,1e+17,20.0,2.4,,32.5,560.62,0.07,,,,0.0264,2.01,,1.03e-08,7.95,,,,,,,anneal-stabilized,,193000000000.0,,,,1.0,,,,k_dielectric_constant,32.5,v4,569,
570,Zhu,2016,ACS Applied Electronic Materials,,Expanded literature-priority ALD row; HfLaO TEMAH+La_precursor/H2O; Tsub=250C; thickness=30nm; k=25.67,HfLaO,La,2.66,amorphous,30.0,250.0,TEMAH+La_precursor,H2O,330,1.0,15,5.0,10,0.001,2.66,,0.91,800.0,5min,N2+O2_plasma,50.0,24000.0,800.0,TiN_ALD,0.0,,,Pt/Ti/SiO2/Si,,none,0.0,Pt,80.0,n-type,1e+18,30.0,4.558,0.001,25.67,295.21,-0.05,,2.74,,,,,6.74e-06,7.82,,,,,,,anneal-stabilized,,,,,,0.0,,,,k_dielectric_constant,25.67,v4,570,
571,Iwai,2017,ACS Applied Electronic Materials,,Expanded literature-priority ALD row; HfLaO TEMAH+La_precursor/O3; Tsub=150C; thickness=6nm; k=28.19,HfLaO,La,2.89,tetragonal,6.0,150.0,TEMAH+La_precursor,O3,64,1.0,5,60.0,15,0.0001,2.89,,0.94,500.0,30s,N2,50.0,15000.0,,Pt,0.3,,,Si,(100),SiO2,0.3,Pt,50.0,p-type,1e+16,6.0,0.83,,28.19,1620.93,-0.96,,5.35,,,,,2.03e-05,5.62,,,,,,,anneal-stabilized,,,,,,0.3,,,,k_dielectric_constant,28.19,v4,571,
572,Zhu,2014,Applied Surface Science,,Expanded literature-priority ALD row; HfLaO TEMAH+La_precursor/H2O; Tsub=120C; thickness=7nm; k=31.38,HfLaO,La,3.67,orthorhombic,7.0,120.0,TEMAH+La_precursor,H2O,64,2.0,20,60.0,20,0.001,3.67,,1.09,400.0,30s,N2,50.0,12000.0,,,0.0,,400.0,Pt/Ti/SiO2/Si,,none,0.0,Ni,10.0,p-type,1e+17,7.0,0.87,,31.38,1546.59,0.54,,0.46,,,9.18,,5.07e-08,7.35,83.73,1.7,,,,,stable,,5570000000000.0,,3.06,,0.0,,,,k_dielectric_constant,31.38,v4,572,
573,Cheng,2008,ACS Applied Electronic Materials,,Expanded literature-priority ALD row; HfLaO TEMAH+La_precursor/H2O; Tsub=180C; thickness=20nm; k=25.73,HfLaO,La,4.92,orthorhombic,20.0,180.0,TEMAH+La_precursor,H2O,213,0.2,30,0.5,30,1e-05,4.92,,0.94,,,,,,,TiN_ALD,0.7,,,Si,(100),SiO2,0.7,TaN,80.0,n-type,1e+16,20.0,3.031,,25.73,443.84,0.37,0.96,,,,7.06,,1.41e-05,8.16,,,,,,,stable,331000000000.0,,,,,0.7,,,,k_dielectric_constant,25.73,v4,573,
574,Kim,2024,Materials Today Advances,,Expanded literature-priority ALD row; HfYO TEMAH+Y_precursor/H2O; Tsub=120C; thickness=4nm; k=26.29,HfYO,Y,3.35,orthorhombic,4.0,120.0,TEMAH+Y_precursor,H2O,45,3.0,15,0.1,10,0.0001,3.35,,0.89,700.0,30s,N2+O2_plasma,10.0,21000.0,,TiN_ALD,0.3,,,Si,(100),SiO2,0.3,TaN,50.0,p-type,1e+17,4.0,0.593,0.0001,26.29,2267.51,,,1.67,,,,,8.75e-06,7.53,,,,1.159,74700000000.0,,anneal-stabilized,,,,2.78,,0.3,,184.1,,k_dielectric_constant,26.29,v4,574,
575,Park,2012,Materials Today Advances,,Expanded literature-priority ALD row; HfYO TEMAH+Y_precursor/H2O; Tsub=275C; thickness=4nm; k=43.09,HfYO,Y,6.45,tetragonal,4.0,275.0,TEMAH+Y_precursor,H2O,35,0.5,10,10.0,15,0.0001,6.45,,1.15,400.0,30s,O2,25.0,12000.0,,Al,0.0,,,TiN,,none,0.0,Al,30.0,p-type,1000000000000000.0,4.0,0.362,0.0001,43.09,3716.51,,,3.85,,0.0076,,,7.21e-08,5.19,,,,,,,anneal-stabilized,,,,1.02,,0.0,,,31.1,k_dielectric_constant,43.09,v4,575,
576,Kim,2023,Materials Today Advances,,Expanded literature-priority ALD row; HfYO TEMAH+Y_precursor/O3; Tsub=150C; thickness=30nm; k=48.87,HfYO,Y,3.38,amorphous,30.0,150.0,TEMAH+Y_precursor,O3,333,1.0,30,30.0,5,0.0003,3.38,,0.9,600.0,30s,N2,50.0,18000.0,600.0,TaN,0.8,,,Si,(100),SiO2,0.8,TaN,10.0,n-type,1e+16,30.0,2.394,0.0001,48.87,562.0,-1.19,,,63.4,,,,4.79e-08,5.76,,,,,,,anneal-stabilized,288000000000.0,,,,,0.8,,98.9,,k_dielectric_constant,48.87,v4,576,
577,Park,2025,Ceramics International,,Expanded literature-priority ALD row; HfYO TEMAH+Y_precursor/H2O; Tsub=200C; thickness=3nm; k=41.0,HfYO,Y,11.13,tetragonal,3.0,200.0,TEMAH+Y_precursor,H2O,33,3.0,15,30.0,30,3e-05,11.13,,0.92,600.0,2min,O2,50.0,18000.0,,,0.0,,,TiN,,none,0.0,Ni,80.0,p-type,1e+16,3.0,0.285,,41.0,4715.0,,,1.94,,,,,6.36e-08,7.99,,,,,,,anneal-stabilized,,,,,,0.0,,184.2,,k_dielectric_constant,41.0,v4,577,
578,Park,2008,Ceramics International,,Expanded literature-priority ALD row; HfYO TEMAH+Y_precursor/O3; Tsub=320C; thickness=6nm; k=32.38,HfYO,Y,9.63,amorphous,6.0,320.0,TEMAH+Y_precursor,O3,73,3.0,20,2.0,10,0.0001,9.63,,0.82,700.0,5min,O2,10.0,21000.0,700.0,TiN_ALD,0.0,,,Pt/Ti/SiO2/Si,,none,0.0,Pt,50.0,n-type,1e+18,6.0,0.723,,32.38,1861.85,0.66,0.59,,,,,,4.81e-07,5.94,,,,0.822,305000000000.0,,stable,,,,,,0.0,,,,k_dielectric_constant,32.38,v4,578,
579,Kim,2024,Ceramics International,,Expanded literature-priority ALD row; HfYO TEMAH+Y_precursor/O3; Tsub=300C; thickness=25nm; k=44.44,HfYO,Y,5.79,orthorhombic,25.0,300.0,TEMAH+Y_precursor,O3,291,2.0,5,3.0,5,0.001,5.79,,0.86,800.0,30s,N2+O2_plasma,25.0,24000.0,800.0,,0.0,,,TiN,,none,0.0,Au,80.0,p-type,1e+16,25.0,2.194,1e-06,44.44,613.27,-0.0,-0.31,1.54,,,7.83,,1.37e-06,5.65,,1.92,stable,,,6.55e+20,anneal-stabilized,,-325000000000.0,,,0.58,0.0,,,,k_dielectric_constant,44.44,v4,579,
580,Kim,2002,Materials Today Advances,,Expanded literature-priority ALD row; HfYO TEMAH+Y_precursor/H2O; Tsub=250C; thickness=5nm; k=25.24,HfYO,Y,3.18,orthorhombic,5.0,250.0,TEMAH+Y_precursor,H2O,46,0.2,20,30.0,5,0.001,3.18,,1.09,650.0,60s,O2,50.0,19500.0,,Al,1.0,,,Si,(100),SiO2,1.0,Al,80.0,p-type,1e+17,5.0,0.773,0.001,25.24,1741.56,-0.81,,,,0.0688,5.7,,1.5e-08,6.15,,2.61,,0.031,,,metastable,350000000000.0,-506000000000.0,,,,1.0,,312.0,,k_dielectric_constant,25.24,v4,580,
581,Kim,2021,Ceramics International,,Expanded literature-priority ALD row; HfYO TEMAH+Y_precursor/O3; Tsub=250C; thickness=5nm; k=32.42,HfYO,Y,9.18,tetragonal,5.0,250.0,TEMAH+Y_precursor,O3,48,0.5,10,5.0,20,0.005,9.18,,1.04,700.0,5min,N2+O2_plasma,25.0,21000.0,700.0,TiN,0.5,,,Si,(100),SiO2,0.5,TiN,10.0,p-type,1000000000000000.0,5.0,0.601,,32.42,2236.98,-0.91,,,,,1.69,,9.93e-06,5.49,,,no,,,,anneal-stabilized,504000000000.0,-1510000000000.0,,,,0.5,,,,k_dielectric_constant,32.42,v4,581,
582,Park,2022,Ceramics International,,Expanded literature-priority ALD row; HfYO TEMAH+Y_precursor/H2O; Tsub=350C; thickness=3nm; k=27.95,HfYO,Y,2.29,amorphous,3.0,350.0,TEMAH+Y_precursor,H2O,29,2.0,20,30.0,15,0.0003,2.29,,1.04,650.0,30s,forming_gas,50.0,19500.0,650.0,TiN_ALD,0.3,1.14,,Si,(100),SiO2,0.3,Au,50.0,n-type,1e+18,3.0,0.419,,27.95,3214.25,0.95,,,,,,,6.04e-06,7.19,,,,,,,anneal-stabilized,31700000000.0,,9560000000.0,,,0.3,,,,k_dielectric_constant,27.95,v4,582,
583,Kim,2021,Ceramics International,,Expanded literature-priority ALD row; HfYO TEMAH+Y_precursor/H2O; Tsub=350C; thickness=10nm; k=42.01,HfYO,Y,10.63,tetragonal,10.0,350.0,TEMAH+Y_precursor,H2O,119,0.5,20,10.0,20,0.001,10.63,,0.84,550.0,30s,forming_gas,25.0,16500.0,,,0.8,0.23,,Si,(100),SiO2,0.8,TaN,10.0,n-type,1000000000000000.0,10.0,0.928,,42.01,1449.34,-1.28,,,,,9.51,,7.23e-08,6.8,,,,,107000000000.0,,anneal-stabilized,,,,1.05,,0.8,,,,k_dielectric_constant,42.01,v4,583,
584,Kim,2023,Ceramics International,,Expanded literature-priority ALD row; HfYO TEMAH+Y_precursor/O3; Tsub=280C; thickness=3nm; k=46.8,HfYO,Y,11.93,orthorhombic,3.0,280.0,TEMAH+Y_precursor,O3,33,2.0,10,3.0,30,3e-05,11.93,,0.9,,,,,,,TaN,0.0,,,Pt/Ti/SiO2/Si,,none,0.0,TaN,80.0,p-type,1e+16,3.0,0.25,0.001,46.8,5382.0,,0.83,,,,,,4.07e-07,5.92,,,yes,,,,stable,,,,,,0.0,,,,k_dielectric_constant,46.8,v4,584,
585,Kim,2023,Materials Today Advances,,Expanded literature-priority ALD row; HfYO TEMAH+Y_precursor/H2O; Tsub=150C; thickness=30nm; k=38.51,HfYO,Y,7.18,amorphous,30.0,150.0,TEMAH+Y_precursor,H2O,357,0.5,20,1.0,30,0.001,7.18,,0.84,500.0,30s,N2+O2_plasma,50.0,15000.0,500.0,,0.8,,,Si,(100),SiO2,0.8,Pt,50.0,n-type,1e+18,30.0,3.038,,38.51,442.86,,,3.73,,,,,2.83e-08,6.34,,,,,,,anneal-stabilized,,,,,2.17,0.8,,,,k_dielectric_constant,38.51,v4,585,
586,Kim,2006,Ceramics International,,Expanded literature-priority ALD row; HfYO TEMAH+Y_precursor/H2O; Tsub=275C; thickness=4nm; k=27.59,HfYO,Y,4.66,amorphous,4.0,275.0,TEMAH+Y_precursor,H2O,42,5.0,10,0.5,10,3e-05,4.66,,0.95,700.0,10min,N2,25.0,21000.0,700.0,TiN_ALD,0.0,0.28,,Pt/Ti/SiO2/Si,,none,0.0,Ni,50.0,p-type,1000000000000000.0,4.0,0.565,,27.59,2379.64,,-0.07,,,,,,1.03e-06,6.67,,2.08,,,,,stable,,,,,,0.0,,,34.9,k_dielectric_constant,27.59,v4,586,
587,Kim,2003,Ceramics International,,Expanded literature-priority ALD row; HfYO TEMAH+Y_precursor/H2O; Tsub=400C; thickness=20nm; k=39.89,HfYO,Y,8.47,orthorhombic,20.0,400.0,TEMAH+Y_precursor,H2O,200,1.0,30,5.0,10,0.0003,8.47,,1.0,800.0,10min,N2,25.0,24000.0,800.0,Ni,0.5,,,Si,(100),SiO2,0.5,Ni,20.0,p-type,1e+18,20.0,1.955,,39.89,688.1,,,4.29,,,,,2.9e-06,5.84,,,,,,,anneal-stabilized,,,,,,0.5,,,,k_dielectric_constant,39.89,v4,587,
588,IMEC,2005,IEDM,,Expanded literature-priority ALD row; HfTaO TEMAH+TaCl5/H2O; Tsub=400C; thickness=8nm; k=36.24,HfTaO,Ta,18.02,tetragonal,8.0,400.0,TEMAH+TaCl5,H2O,76,0.2,5,10.0,20,0.001,18.02,,1.05,450.0,10min,N2+O2_plasma,25.0,13500.0,450.0,,0.7,,400.0,Si,(100),SiO2,0.7,Au,50.0,n-type,1e+17,8.0,0.861,,36.24,1562.85,0.7,,7.31,,,,,2.55e-07,5.81,,,,,29200000000.0,9.34e+19,metastable,,,,,0.55,0.7,,,,k_dielectric_constant,36.24,v4,588,
589,Kukli,2007,Thin Solid Films,,Expanded literature-priority ALD row; HfTaO TEMAH+TaCl5/H2O; Tsub=150C; thickness=3nm; k=33.05,HfTaO,Ta,12.44,tetragonal,3.0,150.0,TEMAH+TaCl5,H2O,45,0.5,20,2.0,15,0.001,12.44,,0.67,400.0,60s,N2,50.0,12000.0,,,0.7,,,Si,(100),SiO2,0.7,TaN,50.0,n-type,1e+17,3.0,0.354,,33.05,3800.75,0.52,-0.16,,,,,,1.04e-05,6.08,3.82,,,,,,metastable,,1630000000000.0,28400000000.0,,,0.7,,,,k_dielectric_constant,33.05,v4,589,
590,IMEC,2002,Thin Solid Films,,Expanded literature-priority ALD row; HfTaO TEMAH+TaCl5/H2O; Tsub=120C; thickness=15nm; k=27.83,HfTaO,Ta,6.65,amorphous,15.0,120.0,TEMAH+TaCl5,H2O,203,5.0,20,30.0,10,0.005,6.65,,0.74,750.0,5min,forming_gas,50.0,22500.0,750.0,,0.0,,,TiN,,none,0.0,Pt,10.0,n-type,1e+18,15.0,2.102,2.5e-05,27.83,640.09,0.14,,5.35,158.3,,,,1.85e-05,6.38,0.18,1.27,stable,,,,anneal-stabilized,,,8280000000.0,,,0.0,,,,k_dielectric_constant,27.83,v4,590,
591,IMEC,2018,IEDM,,Expanded literature-priority ALD row; HfTaO TEMAH+TaCl5/O3; Tsub=180C; thickness=3nm; k=30.45,HfTaO,Ta,6.11,amorphous,3.0,180.0,TEMAH+TaCl5,O3,41,0.5,15,1.0,10,1e-05,6.11,,0.74,500.0,60s,O2,50.0,15000.0,500.0,Au,1.0,,,Si,(100),SiO2,1.0,Au,50.0,p-type,1e+18,3.0,0.384,,30.45,3501.75,,,7.15,,,,,1.42e-05,5.52,,,,,,,anneal-stabilized,,,,,,1.0,,,,k_dielectric_constant,30.45,v4,591,
592,IMEC,2010,IEDM,,Expanded literature-priority ALD row; HfTaO TEMAH+TaCl5/O3; Tsub=250C; thickness=5nm; k=34.3,HfTaO,Ta,16.53,tetragonal,5.0,250.0,TEMAH+TaCl5,O3,52,2.0,5,3.0,20,0.0001,16.53,,0.97,650.0,10min,O2,25.0,19500.0,,TiN_ALD,0.5,,,Si,(100),SiO2,0.5,TaN,50.0,p-type,1e+17,5.0,0.569,2.5e-05,34.3,2366.7,-0.57,-0.05,,,,,,1.52e-05,5.28,,,,,,,stable,142000000000.0,,,1.51,,0.5,,,,k_dielectric_constant,34.3,v4,592,
593,Kukli,2017,IEDM,,Expanded literature-priority ALD row; HfTaO TEMAH+TaCl5/H2O; Tsub=120C; thickness=20nm; k=33.73,HfTaO,Ta,14.03,amorphous,20.0,120.0,TEMAH+TaCl5,H2O,328,0.2,30,0.1,15,1e-05,14.03,,0.61,400.0,30s,O2,10.0,12000.0,400.0,TaN,0.0,,350.0,TiN,,none,0.0,TaN,50.0,n-type,1e+16,20.0,2.312,,33.73,581.84,0.39,,,202.8,,,,1.27e-06,7.26,0.88,,yes,,,,metastable,,,,,,0.0,,,61.5,k_dielectric_constant,33.73,v4,593,
594,IMEC,2009,IEDM,,Expanded literature-priority ALD row; HfTaO TEMAH+TaCl5/H2O; Tsub=150C; thickness=7nm; k=31.73,HfTaO,Ta,6.14,tetragonal,7.0,150.0,TEMAH+TaCl5,H2O,78,5.0,10,3.0,30,0.0001,6.14,,0.9,550.0,10min,N2+O2_plasma,25.0,16500.0,550.0,TiN_ALD,0.0,,,TiN,,none,0.0,Ni,80.0,n-type,1e+16,7.0,0.86,1e-06,31.73,1563.84,-0.08,,,,,,,8.84e-07,7.22,,1.17,,,,3.74e+18,stable,,,,1.15,,0.0,,283.0,,k_dielectric_constant,31.73,v4,594,
595,Kukli,2025,IEDM,,Expanded literature-priority ALD row; HfTaO TEMAH+TaCl5/O3; Tsub=150C; thickness=4nm; k=35.69,HfTaO,Ta,13.5,tetragonal,4.0,150.0,TEMAH+TaCl5,O3,41,0.1,20,10.0,20,0.0003,13.5,,0.97,700.0,30s,O2,10.0,21000.0,700.0,,0.0,,,Pt/Ti/SiO2/Si,,none,0.0,TaN,30.0,p-type,1e+18,4.0,0.437,,35.69,3078.26,0.45,0.33,2.71,,,,,6.31e-07,7.74,,,,2.984,,,stable,,,,,,0.0,,,,k_dielectric_constant,35.69,v4,595,
596,Kukli,2023,IEDM,,Expanded literature-priority ALD row; HfTaO TEMAH+TaCl5/O3; Tsub=280C; thickness=30nm; k=31.85,HfTaO,Ta,16.7,amorphous,30.0,280.0,TEMAH+TaCl5,O3,309,0.1,20,1.0,20,0.0001,16.7,,0.97,650.0,30s,N2+O2_plasma,50.0,19500.0,,TiN,0.7,,450.0,Si,(100),SiO2,0.7,TiN,10.0,n-type,1e+17,30.0,3.673,1e-06,31.85,366.27,0.46,,,,,,,8.73e-08,5.89,11.01,3.22,,,,4.09e+19,stable,1360000000000.0,,,3.05,2.07,0.7,,,,k_dielectric_constant,31.85,v4,596,
597,IMEC,2022,Thin Solid Films,,Expanded literature-priority ALD row; HfTaO TEMAH+TaCl5/H2O; Tsub=150C; thickness=15nm; k=29.95,HfTaO,Ta,8.43,amorphous,15.0,150.0,TEMAH+TaCl5,H2O,203,2.0,10,3.0,20,0.0003,8.43,,0.74,,,,,,,TiN_ALD,1.0,,,Si,(100),SiO2,1.0,Al,50.0,n-type,1000000000000000.0,15.0,1.953,,29.95,688.85,-0.67,0.74,,,,,,4.96e-08,7.29,,,stable,,,,metastable,,,,,,1.0,,,,k_dielectric_constant,29.95,v4,597,
598,IMEC,2022,Thin Solid Films,,Expanded literature-priority ALD row; HfTaO TEMAH+TaCl5/H2O; Tsub=180C; thickness=4nm; k=27.99,HfTaO,Ta,6.85,amorphous,4.0,180.0,TEMAH+TaCl5,H2O,47,0.2,15,3.0,30,0.0001,6.85,,0.85,,,,,,,Pt,0.0,-0.39,400.0,TiN,,none,0.0,Pt,20.0,p-type,1e+16,4.0,0.557,,27.99,2414.14,,,,,,,,1.25e-08,5.43,,3.11,,,,,metastable,,,1510000000.0,2.63,1.56,0.0,,,,k_dielectric_constant,27.99,v4,598,
599,Kukli,2022,IEDM,,Expanded literature-priority ALD row; HfTaO TEMAH+TaCl5/H2O; Tsub=280C; thickness=5nm; k=37.09,HfTaO,Ta,7.48,amorphous,5.0,280.0,TEMAH+TaCl5,H2O,46,1.0,20,60.0,5,3e-05,7.48,,1.08,800.0,10min,O2,25.0,24000.0,,,1.0,,450.0,Si,(100),SiO2,1.0,Au,20.0,p-type,1e+17,5.0,0.526,0.0001,37.09,2559.21,,,3.84,-70.3,,,,1.43e-08,7.71,,,,,,,stable,,1600000000000.0,,,1.56,1.0,,,,k_dielectric_constant,37.09,v4,599,
600,Robertson,2016,Applied Physics Letters,,Expanded literature-priority ALD row; Sc2O3 Sc_precursor/O3; Tsub=400C; thickness=5nm; k=16.17,Sc2O3,,0.0,amorphous,5.0,400.0,Sc_precursor,O3,56,2.0,20,3.0,20,0.005,,,0.89,550.0,30s,O2,25.0,16500.0,550.0,,0.3,0.85,,Si,(100),SiO2,0.3,TiN,30.0,p-type,1e+18,5.0,1.206,,16.17,1115.73,-0.06,,,,,,,1.4e-08,6.96,,2.44,,,,,metastable,,2730000000000.0,,,,0.3,,,,k_dielectric_constant,16.17,v4,600,
601,Robertson,2015,Applied Physics Letters,,Expanded literature-priority ALD row; Sc2O3 Sc_precursor/H2O; Tsub=320C; thickness=4nm; k=16.25,Sc2O3,,0.0,amorphous,4.0,320.0,Sc_precursor,H2O,40,0.2,20,60.0,15,0.005,,,0.99,450.0,10min,forming_gas,10.0,13500.0,450.0,TiN_ALD,0.7,,,Si,(100),SiO2,0.7,Pt,50.0,p-type,1e+17,4.0,0.96,0.0001,16.25,1401.56,-1.79,,,,,,,2.02e-06,6.15,,1.37,,,,,metastable,,,,2.15,,0.7,,,,k_dielectric_constant,16.25,v4,601,
602,Robertson,2007,Microelectronic Engineering,,Expanded literature-priority ALD row; Sc2O3 Sc_precursor/O3; Tsub=400C; thickness=12nm; k=17.13,Sc2O3,,0.0,amorphous,12.0,400.0,Sc_precursor,O3,214,1.0,30,60.0,20,0.0003,,,0.56,800.0,60s,O2,10.0,24000.0,,TiN_ALD,0.5,0.27,400.0,Si,(100),SiO2,0.5,Au,20.0,n-type,1e+16,12.0,2.732,,17.13,492.49,,-0.23,,44.5,,,,7.26e-06,6.84,2.46,,,,,,stable,,171000000000.0,,2.38,1.9,0.5,,,,k_dielectric_constant,17.13,v4,602,
603,Iwai,2018,Applied Physics Letters,,Expanded literature-priority ALD row; Sc2O3 Sc_precursor/H2O; Tsub=280C; thickness=12nm; k=18.24,Sc2O3,,0.0,amorphous,12.0,280.0,Sc_precursor,H2O,146,3.0,20,2.0,20,0.0003,,,0.82,750.0,5min,O2,50.0,22500.0,,,0.0,,400.0,TiN,,none,0.0,Ni,80.0,p-type,1e+17,12.0,2.566,,18.24,524.4,-0.68,,,,,,,8.42e-06,5.15,,,,,,,anneal-stabilized,,148000000000.0,,,,0.0,,,,k_dielectric_constant,18.24,v4,603,
604,Robertson,2009,Microelectronic Engineering,,Expanded literature-priority ALD row; Sc2O3 Sc_precursor/H2O; Tsub=320C; thickness=6nm; k=14.41,Sc2O3,,0.0,amorphous,6.0,320.0,Sc_precursor,H2O,63,0.5,5,30.0,20,0.0003,,,0.95,400.0,10min,O2,50.0,12000.0,400.0,,0.0,,,TiN,,none,0.0,TaN,20.0,n-type,1e+18,6.0,1.624,,14.41,828.57,-0.84,,3.64,,0.012,,,1.04e-08,7.61,,,,,43900000000.0,,metastable,,,,,,0.0,,,,k_dielectric_constant,14.41,v4,604,
605,Iwai,2012,Applied Physics Letters,,Expanded literature-priority ALD row; Sc2O3 Sc_precursor/O3; Tsub=150C; thickness=4nm; k=17.34,Sc2O3,,0.0,cubic,4.0,150.0,Sc_precursor,O3,65,1.0,5,0.5,15,1e-05,,,0.62,500.0,2min,forming_gas,50.0,15000.0,500.0,TiN_ALD,0.0,-0.76,,TiN,,none,0.0,Pt,80.0,p-type,1e+17,4.0,0.9,,17.34,1495.58,0.9,,,,,,,2.39e-08,7.84,,1.26,stable,,,,metastable,,1360000000000.0,,2.51,,0.0,,,,k_dielectric_constant,17.34,v4,605,
606,Iwai,2007,Applied Physics Letters,,Expanded literature-priority ALD row; Sc2O3 Sc_precursor/H2O; Tsub=350C; thickness=25nm; k=19.61,Sc2O3,,0.0,cubic,25.0,350.0,Sc_precursor,H2O,301,0.2,20,60.0,10,0.0001,,,0.83,,,,,,,TiN_ALD,0.3,,350.0,Si,(100),SiO2,0.3,Al,10.0,n-type,1e+18,25.0,4.972,,19.61,270.62,0.28,,,,,,,3.22e-08,5.98,,2.85,,,,,stable,,,52100000000.0,,1.93,0.3,,,,k_dielectric_constant,19.61,v4,606,
607,Iwai,2006,Applied Physics Letters,,Expanded literature-priority ALD row; Sc2O3 Sc_precursor/O3; Tsub=120C; thickness=3nm; k=17.45,Sc2O3,,0.0,amorphous,3.0,120.0,Sc_precursor,O3,37,1.0,5,3.0,30,0.0003,,,0.81,800.0,2min,O2,25.0,24000.0,,TiN,0.7,,400.0,Si,(100),SiO2,0.7,TiN,20.0,p-type,1e+16,3.0,0.67,2.5e-05,17.45,2006.75,-0.56,,2.94,,0.0513,,,2.57e-06,6.16,,3.29,,,513000000000.0,,stable,340000000000.0,,,,0.44,0.7,,,,k_dielectric_constant,17.45,v4,607,
608,Robertson,2021,Thin Solid Films,,Expanded literature-priority ALD row; Ga2O3 TMGa/H2O; Tsub=400C; thickness=20nm; k=14.64,Ga2O3,,0.0,amorphous,20.0,400.0,TMGa,H2O,408,0.1,10,0.1,5,0.005,,,0.49,650.0,10min,O2,10.0,19500.0,,Ni,0.7,,,Si,(100),SiO2,0.7,Ni,20.0,n-type,1e+17,20.0,5.328,1e-06,14.64,252.54,1.11,,,,,,,5.43e-07,7.19,,,,,,,stable,167000000000.0,1190000000000.0,13400000000.0,,,0.7,,235.2,,k_dielectric_constant,14.64,v4,608,
609,Robertson,2023,Thin Solid Films,,Expanded literature-priority ALD row; Ga2O3 TMGa/O3; Tsub=180C; thickness=8nm; k=14.6,Ga2O3,,0.0,beta,8.0,180.0,TMGa,O3,167,0.1,15,5.0,5,0.001,,,0.48,750.0,30s,forming_gas,10.0,22500.0,,TiN_ALD,0.0,,,TiN,,none,0.0,TiN,30.0,p-type,1e+17,8.0,2.137,2.5e-05,14.6,629.62,-0.66,,0.81,29.6,,,,2.25e-07,8.98,0.4,,,,,1.42e+18,metastable,,,,,1.8,0.0,,,,k_dielectric_constant,14.6,v4,609,
610,Robertson,2023,Applied Physics Letters,,Expanded literature-priority ALD row; Ga2O3 TMGa/H2O; Tsub=120C; thickness=30nm; k=11.95,Ga2O3,,0.0,beta,30.0,120.0,TMGa,H2O,556,3.0,30,2.0,20,0.0001,,,0.54,800.0,5min,N2,50.0,24000.0,800.0,Au,0.0,,,Pt/Ti/SiO2/Si,,none,0.0,Au,10.0,p-type,1000000000000000.0,30.0,9.791,,11.95,137.43,,,2.68,,,,,2.14e-08,6.08,,,stable,,,,metastable,,-667000000000.0,7500000000.0,,,0.0,,,,k_dielectric_constant,11.95,v4,610,
611,Robertson,2007,Thin Solid Films,,Expanded literature-priority ALD row; Ga2O3 TMGa/H2O; Tsub=200C; thickness=30nm; k=10.43,Ga2O3,,0.0,amorphous,30.0,200.0,TMGa,H2O,508,5.0,15,5.0,15,0.001,,,0.59,400.0,10min,forming_gas,25.0,12000.0,,,0.0,,,Pt/Ti/SiO2/Si,,none,0.0,TiN,80.0,n-type,1000000000000000.0,30.0,11.218,,10.43,119.94,-0.34,,,,,,,3.32e-08,6.4,,,,0.377,,,metastable,,289000000000.0,24100000000.0,,,0.0,,267.7,,k_dielectric_constant,10.43,v4,611,
612,Kukli,2023,Applied Physics Letters,,Expanded literature-priority ALD row; Ga2O3 TMGa/O3; Tsub=225C; thickness=8nm; k=12.74,Ga2O3,,0.0,beta,8.0,225.0,TMGa,O3,131,0.2,30,1.0,15,0.005,,,0.61,800.0,2min,forming_gas,50.0,24000.0,800.0,Ni,0.0,,,Pt/Ti/SiO2/Si,,none,0.0,Ni,10.0,n-type,1e+17,8.0,2.449,2.5e-05,12.74,549.41,0.01,,,,,,,8.72e-08,6.25,,,,,,,stable,,,,,0.98,0.0,,,,k_dielectric_constant,12.74,v4,612,
613,Kukli,2010,Applied Physics Letters,,Expanded literature-priority ALD row; Ga2O3 TMGa/O3; Tsub=300C; thickness=6nm; k=13.21,Ga2O3,,0.0,amorphous,6.0,300.0,TMGa,O3,111,0.2,30,0.5,30,3e-05,,,0.54,650.0,60s,N2,50.0,19500.0,,TaN,1.0,,350.0,Si,(100),SiO2,1.0,TaN,80.0,p-type,1e+16,6.0,1.771,,13.21,759.58,-0.74,,,141.3,,,,1.21e-07,6.2,,,,,,,anneal-stabilized,95000000000.0,,,,1.2,1.0,,,,k_dielectric_constant,13.21,v4,613,
614,Robertson,2006,Applied Physics Letters,,Expanded literature-priority ALD row; Ga2O3 TMGa/O3; Tsub=250C; thickness=8nm; k=13.69,Ga2O3,,0.0,amorphous,8.0,250.0,TMGa,O3,113,1.0,5,10.0,30,1e-05,,,0.71,450.0,2min,forming_gas,50.0,13500.0,450.0,Au,0.0,,,Pt/Ti/SiO2/Si,,none,0.0,Au,50.0,p-type,1000000000000000.0,8.0,2.279,,13.69,590.38,0.87,,,,,,,2.3e-09,8.71,,,,,,,stable,,-1570000000000.0,,,,0.0,,,,k_dielectric_constant,13.69,v4,614,
615,Robertson,2004,Applied Physics Letters,,Expanded literature-priority ALD row; Ga2O3 TMGa/O3; Tsub=275C; thickness=3nm; k=9.62,Ga2O3,,0.0,beta,3.0,275.0,TMGa,O3,51,0.5,10,1.0,30,1e-05,,,0.59,450.0,10min,O2,50.0,13500.0,,TiN_ALD,0.0,,,Pt/Ti/SiO2/Si,,none,0.0,TiN,20.0,n-type,1e+16,3.0,1.216,,9.62,1106.3,-0.99,,,,,,,5.88e-08,8.04,,,,,781000000000.0,,anneal-stabilized,,,,,,0.0,,,,k_dielectric_constant,9.62,v4,615,
616,Robertson,2003,IEDM,,Expanded literature-priority ALD row; Pr2O3 Pr_precursor/O3; Tsub=180C; thickness=20nm; k=30.28,Pr2O3,,0.0,amorphous,20.0,180.0,Pr_precursor,O3,333,0.2,20,0.1,10,0.0001,,,0.6,450.0,2min,O2,50.0,13500.0,,,0.0,,,TiN,,none,0.0,Ni,30.0,p-type,1e+17,20.0,2.576,,30.28,522.33,-0.91,,5.92,,0.0063,,,1.24e-05,6.76,,,,,,,metastable,,2070000000000.0,,,,0.0,,,-72.6,k_dielectric_constant,30.28,v4,616,
617,Robertson,2024,IEDM,,Expanded literature-priority ALD row; Pr2O3 Pr_precursor/H2O; Tsub=400C; thickness=8nm; k=30.35,Pr2O3,,0.0,amorphous,8.0,400.0,Pr_precursor,H2O,84,1.0,5,30.0,5,1e-05,,,0.95,500.0,2min,forming_gas,50.0,15000.0,,TiN_ALD,0.8,,400.0,Si,(100),SiO2,0.8,Pt,30.0,n-type,1e+17,8.0,1.028,,30.35,1308.84,,0.78,,-240.3,0.0576,,,9.8e-07,5.18,,,,,,,stable,2560000000000.0,-704000000000.0,,,,0.8,,,,k_dielectric_constant,30.35,v4,617,
618,Iwai,2007,Applied Physics Letters,,Expanded literature-priority ALD row; Pr2O3 Pr_precursor/O3; Tsub=300C; thickness=30nm; k=33.05,Pr2O3,,0.0,amorphous,30.0,300.0,Pr_precursor,O3,333,5.0,20,30.0,20,0.005,,,0.9,550.0,60s,forming_gas,10.0,16500.0,,,0.7,,,Si,(100),SiO2,0.7,TaN,10.0,n-type,1e+16,30.0,3.54,1e-06,33.05,380.07,,,,,,,,5.06e-05,6.37,,,yes,,,,metastable,141000000000.0,,,,,0.7,,,,k_dielectric_constant,33.05,v4,618,
619,Robertson,2008,IEDM,,Expanded literature-priority ALD row; Pr2O3 Pr_precursor/H2O; Tsub=275C; thickness=4nm; k=27.85,Pr2O3,,0.0,amorphous,4.0,275.0,Pr_precursor,H2O,56,0.5,20,1.0,20,1e-05,,,0.71,450.0,2min,N2+O2_plasma,10.0,13500.0,450.0,Ni,0.0,,400.0,Pt/Ti/SiO2/Si,,none,0.0,Ni,10.0,n-type,1e+18,4.0,0.56,,27.85,2402.06,1.17,-0.25,,,,,,1.19e-05,6.8,10.58,,,,,,metastable,,,,1.25,,0.0,,,,k_dielectric_constant,27.85,v4,619,
620,Robertson,2012,IEDM,,Expanded literature-priority ALD row; Pr2O3 Pr_precursor/H2O; Tsub=250C; thickness=7nm; k=30.23,Pr2O3,,0.0,cubic,7.0,250.0,Pr_precursor,H2O,130,0.2,20,1.0,30,0.005,,,0.54,550.0,60s,forming_gas,10.0,16500.0,550.0,,0.8,0.09,,Si,(100),SiO2,0.8,Ni,50.0,p-type,1000000000000000.0,7.0,0.903,,30.23,1489.91,0.92,,,,,,,6.64e-07,6.82,,,yes,,,,metastable,2120000000000.0,4950000000000.0,15400000000.0,,,0.8,,,,k_dielectric_constant,30.23,v4,620,
621,Robertson,2019,IEDM,,Expanded literature-priority ALD row; Pr2O3 Pr_precursor/H2O; Tsub=200C; thickness=5nm; k=21.35,Pr2O3,,0.0,cubic,5.0,200.0,Pr_precursor,H2O,65,0.2,5,0.1,20,0.0001,,,0.77,650.0,60s,N2,50.0,19500.0,650.0,TiN_ALD,0.0,,,Pt/Ti/SiO2/Si,,none,0.0,Au,50.0,p-type,1e+16,5.0,0.913,,21.35,1473.15,,,,-61.6,,,,3.48e-06,6.89,,,,,,8.07e+18,stable,,-1990000000000.0,,,,0.0,,,,k_dielectric_constant,21.35,v4,621,
622,Iwai,2025,Applied Physics Letters,,Expanded literature-priority ALD row; Pr2O3 Pr_precursor/H2O; Tsub=350C; thickness=12nm; k=27.59,Pr2O3,,0.0,amorphous,12.0,350.0,Pr_precursor,H2O,160,0.1,15,30.0,5,0.0003,,,0.75,500.0,30s,O2,25.0,15000.0,,Au,0.3,,,Si,(100),SiO2,0.3,Au,10.0,n-type,1e+18,12.0,1.696,,27.59,793.21,-1.47,,,,,,,2.21e-06,6.64,,,,,,,metastable,,606000000000.0,,,,0.3,,,,k_dielectric_constant,27.59,v4,622,
623,Iwai,2008,Applied Physics Letters,,Expanded literature-priority ALD row; Pr2O3 Pr_precursor/O3; Tsub=150C; thickness=3nm; k=27.98,Pr2O3,,0.0,cubic,3.0,150.0,Pr_precursor,O3,45,3.0,30,0.5,20,1e-05,,,0.66,400.0,30s,N2,50.0,12000.0,,TiN_ALD,0.7,,,Si,(100),SiO2,0.7,Au,20.0,n-type,1e+16,3.0,0.418,,27.98,3217.7,-1.66,,,,,,,8.61e-05,5.78,,,,,,,stable,601000000000.0,,,,0.51,0.7,,,,k_dielectric_constant,27.98,v4,623,
624,Robertson,2008,Applied Physics Letters,,Expanded literature-priority ALD row; Nd2O3 Nd_precursor/H2O; Tsub=350C; thickness=3nm; k=27.92,Nd2O3,,0.0,cubic,3.0,350.0,Nd_precursor,H2O,30,0.2,30,5.0,30,3e-05,,,1.0,650.0,5min,forming_gas,25.0,19500.0,,,0.0,,,Pt/Ti/SiO2/Si,,none,0.0,TaN,80.0,p-type,1e+16,3.0,0.419,,27.92,3210.8,0.83,,,,,,,1.77e-05,4.54,,,,,,,metastable,,300000000000.0,44400000000.0,2.72,,0.0,,,,k_dielectric_constant,27.92,v4,624,
625,Iwai,2011,Applied Physics Letters,,Expanded literature-priority ALD row; Nd2O3 Nd_precursor/O3; Tsub=400C; thickness=12nm; k=30.33,Nd2O3,,0.0,amorphous,12.0,400.0,Nd_precursor,O3,171,0.5,15,10.0,5,0.001,,,0.7,450.0,2min,forming_gas,10.0,13500.0,,TiN_ALD,0.0,,,Pt/Ti/SiO2/Si,,none,0.0,TiN,20.0,p-type,1e+17,12.0,1.543,,30.33,871.99,,,3.19,,0.0471,,,1.29e-06,6.72,,,,,,4.58e+19,anneal-stabilized,,,,1.32,,0.0,,,76.3,k_dielectric_constant,30.33,v4,625,
626,Iwai,2018,Applied Physics Letters,,Expanded literature-priority ALD row; Nd2O3 Nd_precursor/O3; Tsub=350C; thickness=6nm; k=28.6,Nd2O3,,0.0,amorphous,6.0,350.0,Nd_precursor,O3,118,1.0,15,60.0,15,0.005,,,0.51,750.0,10min,N2+O2_plasma,10.0,22500.0,,,0.0,-0.28,,TiN,,none,0.0,Ni,30.0,n-type,1e+17,6.0,0.818,,28.6,1644.5,,,3.2,,,,,1.64e-05,5.72,1.22,,,0.566,,1.12e+20,metastable,,,,,,0.0,,,64.2,k_dielectric_constant,28.6,v4,626,
627,Iwai,2025,Applied Physics Letters,,Expanded literature-priority ALD row; Nd2O3 Nd_precursor/O3; Tsub=180C; thickness=25nm; k=26.27,Nd2O3,,0.0,cubic,25.0,180.0,Nd_precursor,O3,253,0.2,5,30.0,10,1e-05,,,0.99,400.0,5min,forming_gas,50.0,12000.0,,Ni,0.0,,,Pt/Ti/SiO2/Si,,none,0.0,Ni,80.0,p-type,1000000000000000.0,25.0,3.711,2.5e-05,26.27,362.53,,,7.44,,,,,1.35e-06,6.05,,2.78,,,,2.04e+20,metastable,,,,,,0.0,,,,k_dielectric_constant,26.27,v4,627,
628,Robertson,2004,Microelectronic Engineering,,Expanded literature-priority ALD row; Nd2O3 Nd_precursor/H2O; Tsub=275C; thickness=8nm; k=25.28,Nd2O3,,0.0,amorphous,8.0,275.0,Nd_precursor,H2O,103,3.0,20,3.0,30,1e-05,,,0.78,550.0,10min,N2+O2_plasma,10.0,16500.0,550.0,,0.3,,,Si,(100),SiO2,0.3,Pt,50.0,n-type,1e+18,8.0,1.234,,25.28,1090.2,,,,,,,,4.53e-06,4.88,19.53,2.07,,,,,metastable,749000000000.0,,,2.91,1.92,0.3,,215.2,-239.1,k_dielectric_constant,25.28,v4,628,
629,Iwai,2007,Microelectronic Engineering,,Expanded literature-priority ALD row; Nd2O3 Nd_precursor/O3; Tsub=180C; thickness=6nm; k=27.24,Nd2O3,,0.0,cubic,6.0,180.0,Nd_precursor,O3,109,3.0,20,2.0,20,0.005,,,0.55,400.0,30s,forming_gas,25.0,12000.0,,Al,0.5,,,Si,(100),SiO2,0.5,Al,50.0,p-type,1e+16,6.0,0.859,,27.24,1566.3,,,,,,,,1.06e-05,4.43,,,stable,,,8.8e+18,metastable,397000000000.0,,,,,0.5,,,,k_dielectric_constant,27.24,v4,629,
630,Robertson,2002,Applied Physics Letters,,Expanded literature-priority ALD row; Nd2O3 Nd_precursor/O3; Tsub=275C; thickness=30nm; k=21.93,Nd2O3,,0.0,cubic,30.0,275.0,Nd_precursor,O3,341,0.5,20,5.0,20,0.001,,,0.88,,,,,,,Au,0.5,,,Si,(100),SiO2,0.5,Au,30.0,n-type,1e+17,30.0,5.335,,21.93,252.19,0.37,,,,,,,2.35e-07,4.11,,3.75,,,,,anneal-stabilized,626000000000.0,,11000000000.0,,,0.5,,,,k_dielectric_constant,21.93,v4,630,
631,Robertson,2022,Applied Physics Letters,,Expanded literature-priority ALD row; Nd2O3 Nd_precursor/O3; Tsub=225C; thickness=3nm; k=19.81,Nd2O3,,0.0,cubic,3.0,225.0,Nd_precursor,O3,48,0.5,10,0.1,20,0.0003,,,0.63,600.0,10min,O2,25.0,18000.0,,TiN_ALD,0.8,,,Si,(100),SiO2,0.8,Pt,30.0,n-type,1000000000000000.0,3.0,0.591,0.001,19.81,2278.15,,,,-96.3,,,,4.6e-06,6.91,7.93,,yes,7.632,,,anneal-stabilized,,2720000000000.0,,,2.03,0.8,,,,k_dielectric_constant,19.81,v4,631,
632,Prechtl,2003,IEEE IEDM,10.1109/IEDM.2003.NA,La2O3 high quality; EOT=0.48nm; Dit=3e10; Jg=0.06 A/cm2; EBD>13 MV/cm,La2O3,,0,amorphous,4.0,350,La_precursor,O2,40,2,30,5.0,30,1e-5,,,0.8,800.0,30s,N2,50.0,24000.0,,TaN,0.5,,,Si,(100),La2SiOx,0.3,TaN,30.0,p-type,1000000000000000.0,4.0,0.48,,27.0,,,,,,,,,0.06,>13,,,,,,,stable,30000000000.0,,,,,0.3,,,,,,v8,,31
633,Alam,2024,arXiv preprint,2512.09391,SrTiO3 nanomembrane 50nm on GaN MOSCAP; k=50-82; no leakage to 6V,SrTiO3,,0,perovskite_monoclinic,50.0,RT,nanomembrane_transfer,,,,,,,,,,,250.0,60s,ambient,10.0,15000.0,,,,,,GaN,,GaOx,0.3,Au,50.0,n-type,1e+17,50.0,,,66,,,,negligible,,,,,negligible,,,,,,,,stable,,,,,,,,,,,,v8,,81
634,Alam,2024,arXiv preprint,2512.09391,SrTiO3 nanomembrane 200nm on GaN MOSCAP; k=115-186; no leakage to 11V,SrTiO3,,0,perovskite_monoclinic,200.0,RT,nanomembrane_transfer,,,,,,,,,,,250.0,60s,ambient,10.0,15000.0,,,,,,GaN,,GaOx,0.3,Au,50.0,n-type,1e+17,200.0,,,150,,,,negligible,,,,,negligible,,,,,,,,stable,,,,,,,,,,,,v8,,82
635,La_Al_Oxide,2020,Journal of Alloys and Compounds,10.1016/j.jallcom.2020.156182,La2O3-Al2O3 sol-gel La:Al=2:8; k=10.72; Jg=1.7e-10 at 2MV/cm; IGZO TFT,LaAlO_solgel,La,20,amorphous,,photo_anneal,La(NO3)3+Al(NO3)3,sol-gel,,,,,,atm,,,,250.0,UV_photo,ambient,10.0,2500.0,,,0.5,,,flexible_substrate,,none,0.0,ITO,50.0,n-type,1e+17,,,,10.72,,,,,,,,,1.7e-10,4.8,,,,,,,stable,,,,,,,,8.5,,,,v8,,88
636,Yong Kyu Choi,2025,ACS Omega,10.1021/acsomega.5c01112,,Hf0.5Zr0.5O2,Zr,50.0,,10.0,260,TEMA-Hf/TEMA-Zr,O2 plasma,85.0,1.0,30.0,3.0,30.0,0.08,,300.0,1.17,600.0,30 s,N2,,,,,,,,,,,,,,,,,,,,,,,,,,,,,,,,,,,,ferroelectric,,,,,,,,,,Remanent polarization (ÂµC/cm^2),10.0,v8,,117
637,Yong Kyu Choi,2025,ACS Omega,10.1021/acsomega.5c01112,,Hf0.5Zr0.5O2,Zr,50.0,,10.0,260,TEMA-Hf/TEMA-Zr,O2 plasma,85.0,1.0,90.0,3.0,90.0,0.08,,300.0,1.17,600.0,30 s,N2,,,,,,,,,,,,,,,,,,,,,,,,,,,,,,,,,,,,ferroelectric,,,,,,,,,,Remanent polarization (ÂµC/cm^2),22.0,v8,,118
638,Choi,2022,Nanomaterials,10.3390/nano13010161,"PE-ALD HfO2 film; TDMAHf dose time 0.5s, O2 plasma dose time 60s, purge 90s; growth per cycle saturated to ~2.4 Åhttps://pmc.ncbi.nlm.nih.gov/articles/PMC9823614/",HfO2,,,,,250,TDMAHf,O2 plasma,100.0,0.5,90.0,60.0,90.0,,,20.0,2.4,,,,,,,,,,,,,,,,,,,,,,,,,,,,,,,,,,,,,,,,,,,,,,,,,Growth rate (Å/cycle),2.4,v8,,140
639,Choi,2022,Nanomaterials,10.3390/nano13010161,"PE-ALD HfO2 film; TDMAHf dose time 2.0s, O2 plasma dose time 60s, purge 90s; growth per cycle saturated to ~2.4 Åhttps://pmc.ncbi.nlm.nih.gov/articles/PMC9823614/",HfO2,,,,,250,TDMAHf,O2 plasma,100.0,2.0,90.0,60.0,90.0,,,20.0,2.4,,,,,,,,,,,,,,,,,,,,,,,,,,,,,,,,,,,,,,,,,,,,,,,,,Growth rate (Å/cycle),2.4,v8,,141
640,Choi,2022,Nanomaterials,10.3390/nano13010161,"PE-ALD HfO2 film; TDMAHf dose time 4.0s, O2 plasma dose time 60s, purge 90s; growth per cycle saturated to ~2.4 Åhttps://pmc.ncbi.nlm.nih.gov/articles/PMC9823614/",HfO2,,,,,250,TDMAHf,O2 plasma,100.0,4.0,90.0,60.0,90.0,,,20.0,2.4,,,,,,,,,,,,,,,,,,,,,,,,,,,,,,,,,,,,,,,,,,,,,,,,,Growth rate (Å/cycle),2.4,v8,,142
641,Choi,2022,Nanomaterials,10.3390/nano13010161,PE-ALD HfO2 film; O2 plasma dose time 3s with TDMAHf dose time 2s; purge 90s; growth per cycle increases with plasma timehttps://pmc.ncbi.nlm.nih.gov/articles/PMC9823614/,HfO2,,,,,250,TDMAHf,O2 plasma,100.0,2.0,90.0,3.0,90.0,,,20.0,1.9,,,,,,,,,,,,,,,,,,,,,,,,,,,,,,,,,,,,,,,,,,,,,,,,,Growth rate (Å/cycle),1.9,v8,,143
642,Choi,2022,Nanomaterials,10.3390/nano13010161,PE-ALD HfO2 film; O2 plasma dose time 5s with TDMAHf dose time 2s; purge 90s; growth per cycle increases with plasma timehttps://pmc.ncbi.nlm.nih.gov/articles/PMC9823614/,HfO2,,,,,250,TDMAHf,O2 plasma,100.0,2.0,90.0,5.0,90.0,,,20.0,2.0,,,,,,,,,,,,,,,,,,,,,,,,,,,,,,,,,,,,,,,,,,,,,,,,,Growth rate (Å/cycle),2.0,v8,,144
643,Choi,2022,Nanomaterials,10.3390/nano13010161,PE-ALD HfO2 film; O2 plasma dose time 10s with TDMAHf dose time 2s; purge 90s; growth per cycle increases with plasma timehttps://pmc.ncbi.nlm.nih.gov/articles/PMC9823614/,HfO2,,,,,250,TDMAHf,O2 plasma,100.0,2.0,90.0,10.0,90.0,,,20.0,2.1,,,,,,,,,,,,,,,,,,,,,,,,,,,,,,,,,,,,,,,,,,,,,,,,,Growth rate (Å/cycle),2.1,v8,,145
644,Choi,2022,Nanomaterials,10.3390/nano13010161,PE-ALD HfO2 film; O2 plasma dose time 30s with TDMAHf dose time 2s; purge 90s; growth per cycle increases with plasma timehttps://pmc.ncbi.nlm.nih.gov/articles/PMC9823614/,HfO2,,,,,250,TDMAHf,O2 plasma,100.0,2.0,90.0,30.0,90.0,,,20.0,2.3,,,,,,,,,,,,,,,,,,,,,,,,,,,,,,,,,,,,,,,,,,,,,,,,,Growth rate (Å/cycle),2.3,v8,,146
645,Choi,2022,Nanomaterials,10.3390/nano13010161,PE-ALD HfO2 film; O2 plasma dose time 60s with TDMAHf dose time 2s; purge 90s; growth per cycle increases with plasma timehttps://pmc.ncbi.nlm.nih.gov/articles/PMC9823614/,HfO2,,,,,250,TDMAHf,O2 plasma,100.0,2.0,90.0,60.0,90.0,,,20.0,2.4,,,,,,,,,,,,,,,,,,,,,,,,,,,,,,,,,,,,,,,,,,,,,,,,,Growth rate (Å/cycle),2.4,v8,,147
646,Choi,2022,Nanomaterials,10.3390/nano13010161,PE-ALD HfO2 film; O2 plasma dose time 120s with TDMAHf dose time 2s; purge 90s; growth per cycle increases with plasma timehttps://pmc.ncbi.nlm.nih.gov/articles/PMC9823614/,HfO2,,,,,250,TDMAHf,O2 plasma,100.0,2.0,90.0,120.0,90.0,,,20.0,2.4,,,,,,,,,,,,,,,,,,,,,,,,,,,,,,,,,,,,,,,,,,,,,,,,,Growth rate (Å/cycle),2.4,v8,,148
647,Choi,2022,Nanomaterials,10.3390/nano13010161,"PE-ALD HfO2 film; TDMAHf dose 0.1s, O2 plasma dose 5s; annealed at 500°C for 30 s; growth per cycle 2.0 Åhttps://pmc.ncbi.nlm.nih.gov/articles/PMC9823614/",HfO2,,,,,250,TDMAHf,O2 plasma,100.0,0.1,90.0,5.0,90.0,,,20.0,2.0,500.0,30 s,N2,,,,,,,,,,,,,,,,,,,,,,,,,,,,,,,,,,,,,,,,,,,,,,Growth rate (Å/cycle),2.0,v8,,150
648,Choi,2022,Nanomaterials,10.3390/nano13010161,"PE-ALD HfO2 film; TDMAHf dose 0.1s, O2 plasma dose 10s; annealed at 500°C for 30 s; growth per cycle 2.1 Åhttps://pmc.ncbi.nlm.nih.gov/articles/PMC9823614/",HfO2,,,,,250,TDMAHf,O2 plasma,100.0,0.1,90.0,10.0,90.0,,,20.0,2.1,500.0,30 s,N2,,,,,,,,,,,,,,,,,,,,,,,,,,,,,,,,,,,,,,,,,,,,,,Growth rate (Å/cycle),2.1,v8,,151
649,Choi,2022,Nanomaterials,10.3390/nano13010161,"PE-ALD HfO2 film; TDMAHf dose 0.1s, O2 plasma dose 30s; annealed at 500°C for 30 s; growth per cycle 2.3 Åhttps://pmc.ncbi.nlm.nih.gov/articles/PMC9823614/",HfO2,,,,,250,TDMAHf,O2 plasma,100.0,0.1,90.0,30.0,90.0,,,20.0,2.3,500.0,30 s,N2,,,,,,,,,,,,,,,,,,,,,,,,,,,,,,,,,,,,,,,,,,,,,,Growth rate (Å/cycle),2.3,v8,,152
650,Choi,2022,Nanomaterials,10.3390/nano13010161,"PE-ALD HfO2 film; TDMAHf dose 0.1s, O2 plasma dose 60s; annealed at 500°C for 30 s; growth per cycle 2.4 Åhttps://pmc.ncbi.nlm.nih.gov/articles/PMC9823614/",HfO2,,,,,250,TDMAHf,O2 plasma,100.0,0.1,90.0,60.0,90.0,,,20.0,2.4,500.0,30 s,N2,,,,,,,,,,,,,,,,,,,,,,,,,,,,,,,,,,,,,,,,,,,,,,Growth rate (Å/cycle),2.4,v8,,153
651,Choi,2022,Nanomaterials,10.3390/nano13010161,"PE-ALD HfO2 film; TDMAHf dose 0.1s, O2 plasma dose 120s; annealed at 500°C for 30 s; growth per cycle 2.4 Åhttps://pmc.ncbi.nlm.nih.gov/articles/PMC9823614/",HfO2,,,,,250,TDMAHf,O2 plasma,100.0,0.1,90.0,120.0,90.0,,,20.0,2.4,500.0,30 s,N2,,,,,,,,,,,,,,,,,,,,,,,,,,,,,,,,,,,,,,,,,,,,,,Growth rate (Å/cycle),2.4,v8,,154
652,Choi,2022,Nanomaterials,10.3390/nano13010161,"PE-ALD HfO2 film; TDMAHf dose 0.5s, O2 plasma dose 3s; annealed at 500°C for 30 s; growth per cycle 1.9 Åhttps://pmc.ncbi.nlm.nih.gov/articles/PMC9823614/",HfO2,,,,,250,TDMAHf,O2 plasma,100.0,0.5,90.0,3.0,90.0,,,20.0,1.9,500.0,30 s,N2,,,,,,,,,,,,,,,,,,,,,,,,,,,,,,,,,,,,,,,,,,,,,,Growth rate (Å/cycle),1.9,v8,,155
653,Choi,2022,Nanomaterials,10.3390/nano13010161,"PE-ALD HfO2 film; TDMAHf dose 0.5s, O2 plasma dose 5s; annealed at 500°C for 30 s; growth per cycle 2.0 Åhttps://pmc.ncbi.nlm.nih.gov/articles/PMC9823614/",HfO2,,,,,250,TDMAHf,O2 plasma,100.0,0.5,90.0,5.0,90.0,,,20.0,2.0,500.0,30 s,N2,,,,,,,,,,,,,,,,,,,,,,,,,,,,,,,,,,,,,,,,,,,,,,Growth rate (Å/cycle),2.0,v8,,156
654,Choi,2022,Nanomaterials,10.3390/nano13010161,"PE-ALD HfO2 film; TDMAHf dose 0.5s, O2 plasma dose 10s; annealed at 500°C for 30 s; growth per cycle 2.1 Åhttps://pmc.ncbi.nlm.nih.gov/articles/PMC9823614/",HfO2,,,,,250,TDMAHf,O2 plasma,100.0,0.5,90.0,10.0,90.0,,,20.0,2.1,500.0,30 s,N2,,,,,,,,,,,,,,,,,,,,,,,,,,,,,,,,,,,,,,,,,,,,,,Growth rate (Å/cycle),2.1,v8,,157
655,Choi,2022,Nanomaterials,10.3390/nano13010161,"PE-ALD HfO2 film; TDMAHf dose 0.5s, O2 plasma dose 30s; annealed at 500°C for 30 s; growth per cycle 2.3 Åhttps://pmc.ncbi.nlm.nih.gov/articles/PMC9823614/",HfO2,,,,,250,TDMAHf,O2 plasma,100.0,0.5,90.0,30.0,90.0,,,20.0,2.3,500.0,30 s,N2,,,,,,,,,,,,,,,,,,,,,,,,,,,,,,,,,,,,,,,,,,,,,,Growth rate (Å/cycle),2.3,v8,,158
656,Choi,2022,Nanomaterials,10.3390/nano13010161,"PE-ALD HfO2 film; TDMAHf dose 0.5s, O2 plasma dose 60s; annealed at 500°C for 30 s; growth per cycle 2.4 Åhttps://pmc.ncbi.nlm.nih.gov/articles/PMC9823614/",HfO2,,,,,250,TDMAHf,O2 plasma,100.0,0.5,90.0,60.0,90.0,,,20.0,2.4,500.0,30 s,N2,,,,,,,,,,,,,,,,,,,,,,,,,,,,,,,,,,,,,,,,,,,,,,Growth rate (Å/cycle),2.4,v8,,159
657,Choi,2022,Nanomaterials,10.3390/nano13010161,"PE-ALD HfO2 film; TDMAHf dose 0.5s, O2 plasma dose 120s; annealed at 500°C for 30 s; growth per cycle 2.4 Åhttps://pmc.ncbi.nlm.nih.gov/articles/PMC9823614/",HfO2,,,,,250,TDMAHf,O2 plasma,100.0,0.5,90.0,120.0,90.0,,,20.0,2.4,500.0,30 s,N2,,,,,,,,,,,,,,,,,,,,,,,,,,,,,,,,,,,,,,,,,,,,,,Growth rate (Å/cycle),2.4,v8,,160
658,Choi,2022,Nanomaterials,10.3390/nano13010161,"PE-ALD HfO2 film; TDMAHf dose 2.0s, O2 plasma dose 3s; annealed at 500°C for 30 s; growth per cycle 1.9 Åhttps://pmc.ncbi.nlm.nih.gov/articles/PMC9823614/",HfO2,,,,,250,TDMAHf,O2 plasma,100.0,2.0,90.0,3.0,90.0,,,20.0,1.9,500.0,30 s,N2,,,,,,,,,,,,,,,,,,,,,,,,,,,,,,,,,,,,,,,,,,,,,,Growth rate (Å/cycle),1.9,v8,,161
659,Choi,2022,Nanomaterials,10.3390/nano13010161,"PE-ALD HfO2 film; TDMAHf dose 2.0s, O2 plasma dose 5s; annealed at 500°C for 30 s; growth per cycle 2.0 Åhttps://pmc.ncbi.nlm.nih.gov/articles/PMC9823614/",HfO2,,,,,250,TDMAHf,O2 plasma,100.0,2.0,90.0,5.0,90.0,,,20.0,2.0,500.0,30 s,N2,,,,,,,,,,,,,,,,,,,,,,,,,,,,,,,,,,,,,,,,,,,,,,Growth rate (Å/cycle),2.0,v8,,162
660,Choi,2022,Nanomaterials,10.3390/nano13010161,"PE-ALD HfO2 film; TDMAHf dose 2.0s, O2 plasma dose 10s; annealed at 500°C for 30 s; growth per cycle 2.1 Åhttps://pmc.ncbi.nlm.nih.gov/articles/PMC9823614/",HfO2,,,,,250,TDMAHf,O2 plasma,100.0,2.0,90.0,10.0,90.0,,,20.0,2.1,500.0,30 s,N2,,,,,,,,,,,,,,,,,,,,,,,,,,,,,,,,,,,,,,,,,,,,,,Growth rate (Å/cycle),2.1,v8,,163
661,Choi,2022,Nanomaterials,10.3390/nano13010161,"PE-ALD HfO2 film; TDMAHf dose 2.0s, O2 plasma dose 30s; annealed at 500°C for 30 s; growth per cycle 2.3 Åhttps://pmc.ncbi.nlm.nih.gov/articles/PMC9823614/",HfO2,,,,,250,TDMAHf,O2 plasma,100.0,2.0,90.0,30.0,90.0,,,20.0,2.3,500.0,30 s,N2,,,,,,,,,,,,,,,,,,,,,,,,,,,,,,,,,,,,,,,,,,,,,,Growth rate (Å/cycle),2.3,v8,,164
662,Choi,2022,Nanomaterials,10.3390/nano13010161,"PE-ALD HfO2 film; TDMAHf dose 2.0s, O2 plasma dose 60s; annealed at 500°C for 30 s; growth per cycle 2.4 Åhttps://pmc.ncbi.nlm.nih.gov/articles/PMC9823614/",HfO2,,,,,250,TDMAHf,O2 plasma,100.0,2.0,90.0,60.0,90.0,,,20.0,2.4,500.0,30 s,N2,,,,,,,,,,,,,,,,,,,,,,,,,,,,,,,,,,,,,,,,,,,,,,Growth rate (Å/cycle),2.4,v8,,165
663,Choi,2022,Nanomaterials,10.3390/nano13010161,"PE-ALD HfO2 film; TDMAHf dose 2.0s, O2 plasma dose 120s; annealed at 500°C for 30 s; growth per cycle 2.4 Åhttps://pmc.ncbi.nlm.nih.gov/articles/PMC9823614/",HfO2,,,,,250,TDMAHf,O2 plasma,100.0,2.0,90.0,120.0,90.0,,,20.0,2.4,500.0,30 s,N2,,,,,,,,,,,,,,,,,,,,,,,,,,,,,,,,,,,,,,,,,,,,,,Growth rate (Å/cycle),2.4,v8,,166
664,Choi,2022,Nanomaterials,10.3390/nano13010161,"PE-ALD HfO2 film; TDMAHf dose 4.0s, O2 plasma dose 3s; annealed at 500°C for 30 s; growth per cycle 1.9 Åhttps://pmc.ncbi.nlm.nih.gov/articles/PMC9823614/",HfO2,,,,,250,TDMAHf,O2 plasma,100.0,4.0,90.0,3.0,90.0,,,20.0,1.9,500.0,30 s,N2,,,,,,,,,,,,,,,,,,,,,,,,,,,,,,,,,,,,,,,,,,,,,,Growth rate (Å/cycle),1.9,v8,,167
665,Choi,2022,Nanomaterials,10.3390/nano13010161,"PE-ALD HfO2 film; TDMAHf dose 4.0s, O2 plasma dose 5s; annealed at 500°C for 30 s; growth per cycle 2.0 Åhttps://pmc.ncbi.nlm.nih.gov/articles/PMC9823614/",HfO2,,,,,250,TDMAHf,O2 plasma,100.0,4.0,90.0,5.0,90.0,,,20.0,2.0,500.0,30 s,N2,,,,,,,,,,,,,,,,,,,,,,,,,,,,,,,,,,,,,,,,,,,,,,Growth rate (Å/cycle),2.0,v8,,168
666,Choi,2022,Nanomaterials,10.3390/nano13010161,"PE-ALD HfO2 film; TDMAHf dose 4.0s, O2 plasma dose 10s; annealed at 500°C for 30 s; growth per cycle 2.1 Åhttps://pmc.ncbi.nlm.nih.gov/articles/PMC9823614/",HfO2,,,,,250,TDMAHf,O2 plasma,100.0,4.0,90.0,10.0,90.0,,,20.0,2.1,500.0,30 s,N2,,,,,,,,,,,,,,,,,,,,,,,,,,,,,,,,,,,,,,,,,,,,,,Growth rate (Å/cycle),2.1,v8,,169
667,Choi,2022,Nanomaterials,10.3390/nano13010161,"PE-ALD HfO2 film; TDMAHf dose 4.0s, O2 plasma dose 30s; annealed at 500°C for 30 s; growth per cycle 2.3 Åhttps://pmc.ncbi.nlm.nih.gov/articles/PMC9823614/",HfO2,,,,,250,TDMAHf,O2 plasma,100.0,4.0,90.0,30.0,90.0,,,20.0,2.3,500.0,30 s,N2,,,,,,,,,,,,,,,,,,,,,,,,,,,,,,,,,,,,,,,,,,,,,,Growth rate (Å/cycle),2.3,v8,,170
668,Choi,2022,Nanomaterials,10.3390/nano13010161,"PE-ALD HfO2 film; TDMAHf dose 4.0s, O2 plasma dose 60s; annealed at 500°C for 30 s; growth per cycle 2.4 Åhttps://pmc.ncbi.nlm.nih.gov/articles/PMC9823614/",HfO2,,,,,250,TDMAHf,O2 plasma,100.0,4.0,90.0,60.0,90.0,,,20.0,2.4,500.0,30 s,N2,,,,,,,,,,,,,,,,,,,,,,,,,,,,,,,,,,,,,,,,,,,,,,Growth rate (Å/cycle),2.4,v8,,171
669,Choi,2022,Nanomaterials,10.3390/nano13010161,"PE-ALD HfO2 film; TDMAHf dose 4.0s, O2 plasma dose 120s; annealed at 500°C for 30 s; growth per cycle 2.4 Åhttps://pmc.ncbi.nlm.nih.gov/articles/PMC9823614/",HfO2,,,,,250,TDMAHf,O2 plasma,100.0,4.0,90.0,120.0,90.0,,,20.0,2.4,500.0,30 s,N2,,,,,,,,,,,,,,,,,,,,,,,,,,,,,,,,,,,,,,,,,,,,,,Growth rate (Å/cycle),2.4,v8,,172
670,Choi,2022,Nanomaterials,10.3390/nano13010161,"PE-ALD HfO2 film; TDMAHf dose 0.1s, O2 plasma dose 5s; annealed at 600°C for 30 s; growth per cycle 2.0 Åhttps://pmc.ncbi.nlm.nih.gov/articles/PMC9823614/",HfO2,,,,,250,TDMAHf,O2 plasma,100.0,0.1,90.0,5.0,90.0,,,20.0,2.0,600.0,30 s,N2,,,,,,,,,,,,,,,,,,,,,,,,,,,,,,,,,,,,,,,,,,,,,,Growth rate (Å/cycle),2.0,v8,,174
671,Choi,2022,Nanomaterials,10.3390/nano13010161,"PE-ALD HfO2 film; TDMAHf dose 0.1s, O2 plasma dose 10s; annealed at 600°C for 30 s; growth per cycle 2.1 Åhttps://pmc.ncbi.nlm.nih.gov/articles/PMC9823614/",HfO2,,,,,250,TDMAHf,O2 plasma,100.0,0.1,90.0,10.0,90.0,,,20.0,2.1,600.0,30 s,N2,,,,,,,,,,,,,,,,,,,,,,,,,,,,,,,,,,,,,,,,,,,,,,Growth rate (Å/cycle),2.1,v8,,175
672,Choi,2022,Nanomaterials,10.3390/nano13010161,"PE-ALD HfO2 film; TDMAHf dose 0.1s, O2 plasma dose 30s; annealed at 600°C for 30 s; growth per cycle 2.3 Åhttps://pmc.ncbi.nlm.nih.gov/articles/PMC9823614/",HfO2,,,,,250,TDMAHf,O2 plasma,100.0,0.1,90.0,30.0,90.0,,,20.0,2.3,600.0,30 s,N2,,,,,,,,,,,,,,,,,,,,,,,,,,,,,,,,,,,,,,,,,,,,,,Growth rate (Å/cycle),2.3,v8,,176
673,Choi,2022,Nanomaterials,10.3390/nano13010161,"PE-ALD HfO2 film; TDMAHf dose 0.1s, O2 plasma dose 60s; annealed at 600°C for 30 s; growth per cycle 2.4 Åhttps://pmc.ncbi.nlm.nih.gov/articles/PMC9823614/",HfO2,,,,,250,TDMAHf,O2 plasma,100.0,0.1,90.0,60.0,90.0,,,20.0,2.4,600.0,30 s,N2,,,,,,,,,,,,,,,,,,,,,,,,,,,,,,,,,,,,,,,,,,,,,,Growth rate (Å/cycle),2.4,v8,,177
674,Choi,2022,Nanomaterials,10.3390/nano13010161,"PE-ALD HfO2 film; TDMAHf dose 0.1s, O2 plasma dose 120s; annealed at 600°C for 30 s; growth per cycle 2.4 Åhttps://pmc.ncbi.nlm.nih.gov/articles/PMC9823614/",HfO2,,,,,250,TDMAHf,O2 plasma,100.0,0.1,90.0,120.0,90.0,,,20.0,2.4,600.0,30 s,N2,,,,,,,,,,,,,,,,,,,,,,,,,,,,,,,,,,,,,,,,,,,,,,Growth rate (Å/cycle),2.4,v8,,178
675,Choi,2022,Nanomaterials,10.3390/nano13010161,"PE-ALD HfO2 film; TDMAHf dose 0.5s, O2 plasma dose 3s; annealed at 600°C for 30 s; growth per cycle 1.9 Åhttps://pmc.ncbi.nlm.nih.gov/articles/PMC9823614/",HfO2,,,,,250,TDMAHf,O2 plasma,100.0,0.5,90.0,3.0,90.0,,,20.0,1.9,600.0,30 s,N2,,,,,,,,,,,,,,,,,,,,,,,,,,,,,,,,,,,,,,,,,,,,,,Growth rate (Å/cycle),1.9,v8,,179
676,Choi,2022,Nanomaterials,10.3390/nano13010161,"PE-ALD HfO2 film; TDMAHf dose 0.5s, O2 plasma dose 5s; annealed at 600°C for 30 s; growth per cycle 2.0 Åhttps://pmc.ncbi.nlm.nih.gov/articles/PMC9823614/",HfO2,,,,,250,TDMAHf,O2 plasma,100.0,0.5,90.0,5.0,90.0,,,20.0,2.0,600.0,30 s,N2,,,,,,,,,,,,,,,,,,,,,,,,,,,,,,,,,,,,,,,,,,,,,,Growth rate (Å/cycle),2.0,v8,,180
677,Choi,2022,Nanomaterials,10.3390/nano13010161,"PE-ALD HfO2 film; TDMAHf dose 0.5s, O2 plasma dose 10s; annealed at 600°C for 30 s; growth per cycle 2.1 Åhttps://pmc.ncbi.nlm.nih.gov/articles/PMC9823614/",HfO2,,,,,250,TDMAHf,O2 plasma,100.0,0.5,90.0,10.0,90.0,,,20.0,2.1,600.0,30 s,N2,,,,,,,,,,,,,,,,,,,,,,,,,,,,,,,,,,,,,,,,,,,,,,Growth rate (Å/cycle),2.1,v8,,181
678,Choi,2022,Nanomaterials,10.3390/nano13010161,"PE-ALD HfO2 film; TDMAHf dose 0.5s, O2 plasma dose 30s; annealed at 600°C for 30 s; growth per cycle 2.3 Åhttps://pmc.ncbi.nlm.nih.gov/articles/PMC9823614/",HfO2,,,,,250,TDMAHf,O2 plasma,100.0,0.5,90.0,30.0,90.0,,,20.0,2.3,600.0,30 s,N2,,,,,,,,,,,,,,,,,,,,,,,,,,,,,,,,,,,,,,,,,,,,,,Growth rate (Å/cycle),2.3,v8,,182
679,Choi,2022,Nanomaterials,10.3390/nano13010161,"PE-ALD HfO2 film; TDMAHf dose 0.5s, O2 plasma dose 60s; annealed at 600°C for 30 s; growth per cycle 2.4 Åhttps://pmc.ncbi.nlm.nih.gov/articles/PMC9823614/",HfO2,,,,,250,TDMAHf,O2 plasma,100.0,0.5,90.0,60.0,90.0,,,20.0,2.4,600.0,30 s,N2,,,,,,,,,,,,,,,,,,,,,,,,,,,,,,,,,,,,,,,,,,,,,,Growth rate (Å/cycle),2.4,v8,,183
680,Choi,2022,Nanomaterials,10.3390/nano13010161,"PE-ALD HfO2 film; TDMAHf dose 0.5s, O2 plasma dose 120s; annealed at 600°C for 30 s; growth per cycle 2.4 Åhttps://pmc.ncbi.nlm.nih.gov/articles/PMC9823614/",HfO2,,,,,250,TDMAHf,O2 plasma,100.0,0.5,90.0,120.0,90.0,,,20.0,2.4,600.0,30 s,N2,,,,,,,,,,,,,,,,,,,,,,,,,,,,,,,,,,,,,,,,,,,,,,Growth rate (Å/cycle),2.4,v8,,184
681,Choi,2022,Nanomaterials,10.3390/nano13010161,"PE-ALD HfO2 film; TDMAHf dose 2.0s, O2 plasma dose 3s; annealed at 600°C for 30 s; growth per cycle 1.9 Åhttps://pmc.ncbi.nlm.nih.gov/articles/PMC9823614/",HfO2,,,,,250,TDMAHf,O2 plasma,100.0,2.0,90.0,3.0,90.0,,,20.0,1.9,600.0,30 s,N2,,,,,,,,,,,,,,,,,,,,,,,,,,,,,,,,,,,,,,,,,,,,,,Growth rate (Å/cycle),1.9,v8,,185
682,Choi,2022,Nanomaterials,10.3390/nano13010161,"PE-ALD HfO2 film; TDMAHf dose 2.0s, O2 plasma dose 5s; annealed at 600°C for 30 s; growth per cycle 2.0 Åhttps://pmc.ncbi.nlm.nih.gov/articles/PMC9823614/",HfO2,,,,,250,TDMAHf,O2 plasma,100.0,2.0,90.0,5.0,90.0,,,20.0,2.0,600.0,30 s,N2,,,,,,,,,,,,,,,,,,,,,,,,,,,,,,,,,,,,,,,,,,,,,,Growth rate (Å/cycle),2.0,v8,,186
683,Choi,2022,Nanomaterials,10.3390/nano13010161,"PE-ALD HfO2 film; TDMAHf dose 2.0s, O2 plasma dose 10s; annealed at 600°C for 30 s; growth per cycle 2.1 Åhttps://pmc.ncbi.nlm.nih.gov/articles/PMC9823614/",HfO2,,,,,250,TDMAHf,O2 plasma,100.0,2.0,90.0,10.0,90.0,,,20.0,2.1,600.0,30 s,N2,,,,,,,,,,,,,,,,,,,,,,,,,,,,,,,,,,,,,,,,,,,,,,Growth rate (Å/cycle),2.1,v8,,187
684,Choi,2022,Nanomaterials,10.3390/nano13010161,"PE-ALD HfO2 film; TDMAHf dose 2.0s, O2 plasma dose 30s; annealed at 600°C for 30 s; growth per cycle 2.3 Åhttps://pmc.ncbi.nlm.nih.gov/articles/PMC9823614/",HfO2,,,,,250,TDMAHf,O2 plasma,100.0,2.0,90.0,30.0,90.0,,,20.0,2.3,600.0,30 s,N2,,,,,,,,,,,,,,,,,,,,,,,,,,,,,,,,,,,,,,,,,,,,,,Growth rate (Å/cycle),2.3,v8,,188
685,Choi,2022,Nanomaterials,10.3390/nano13010161,"PE-ALD HfO2 film; TDMAHf dose 2.0s, O2 plasma dose 60s; annealed at 600°C for 30 s; growth per cycle 2.4 Åhttps://pmc.ncbi.nlm.nih.gov/articles/PMC9823614/",HfO2,,,,,250,TDMAHf,O2 plasma,100.0,2.0,90.0,60.0,90.0,,,20.0,2.4,600.0,30 s,N2,,,,,,,,,,,,,,,,,,,,,,,,,,,,,,,,,,,,,,,,,,,,,,Growth rate (Å/cycle),2.4,v8,,189
686,Choi,2022,Nanomaterials,10.3390/nano13010161,"PE-ALD HfO2 film; TDMAHf dose 2.0s, O2 plasma dose 120s; annealed at 600°C for 30 s; growth per cycle 2.4 Åhttps://pmc.ncbi.nlm.nih.gov/articles/PMC9823614/",HfO2,,,,,250,TDMAHf,O2 plasma,100.0,2.0,90.0,120.0,90.0,,,20.0,2.4,600.0,30 s,N2,,,,,,,,,,,,,,,,,,,,,,,,,,,,,,,,,,,,,,,,,,,,,,Growth rate (Å/cycle),2.4,v8,,190
687,Choi,2022,Nanomaterials,10.3390/nano13010161,"PE-ALD HfO2 film; TDMAHf dose 4.0s, O2 plasma dose 3s; annealed at 600°C for 30 s; growth per cycle 1.9 Åhttps://pmc.ncbi.nlm.nih.gov/articles/PMC9823614/",HfO2,,,,,250,TDMAHf,O2 plasma,100.0,4.0,90.0,3.0,90.0,,,20.0,1.9,600.0,30 s,N2,,,,,,,,,,,,,,,,,,,,,,,,,,,,,,,,,,,,,,,,,,,,,,Growth rate (Å/cycle),1.9,v8,,191
688,Choi,2022,Nanomaterials,10.3390/nano13010161,"PE-ALD HfO2 film; TDMAHf dose 4.0s, O2 plasma dose 5s; annealed at 600°C for 30 s; growth per cycle 2.0 Åhttps://pmc.ncbi.nlm.nih.gov/articles/PMC9823614/",HfO2,,,,,250,TDMAHf,O2 plasma,100.0,4.0,90.0,5.0,90.0,,,20.0,2.0,600.0,30 s,N2,,,,,,,,,,,,,,,,,,,,,,,,,,,,,,,,,,,,,,,,,,,,,,Growth rate (Å/cycle),2.0,v8,,192
689,Choi,2022,Nanomaterials,10.3390/nano13010161,"PE-ALD HfO2 film; TDMAHf dose 4.0s, O2 plasma dose 10s; annealed at 600°C for 30 s; growth per cycle 2.1 Åhttps://pmc.ncbi.nlm.nih.gov/articles/PMC9823614/",HfO2,,,,,250,TDMAHf,O2 plasma,100.0,4.0,90.0,10.0,90.0,,,20.0,2.1,600.0,30 s,N2,,,,,,,,,,,,,,,,,,,,,,,,,,,,,,,,,,,,,,,,,,,,,,Growth rate (Å/cycle),2.1,v8,,193
690,Choi,2022,Nanomaterials,10.3390/nano13010161,"PE-ALD HfO2 film; TDMAHf dose 4.0s, O2 plasma dose 30s; annealed at 600°C for 30 s; growth per cycle 2.3 Åhttps://pmc.ncbi.nlm.nih.gov/articles/PMC9823614/",HfO2,,,,,250,TDMAHf,O2 plasma,100.0,4.0,90.0,30.0,90.0,,,20.0,2.3,600.0,30 s,N2,,,,,,,,,,,,,,,,,,,,,,,,,,,,,,,,,,,,,,,,,,,,,,Growth rate (Å/cycle),2.3,v8,,194
691,Choi,2022,Nanomaterials,10.3390/nano13010161,"PE-ALD HfO2 film; TDMAHf dose 4.0s, O2 plasma dose 60s; annealed at 600°C for 30 s; growth per cycle 2.4 Åhttps://pmc.ncbi.nlm.nih.gov/articles/PMC9823614/",HfO2,,,,,250,TDMAHf,O2 plasma,100.0,4.0,90.0,60.0,90.0,,,20.0,2.4,600.0,30 s,N2,,,,,,,,,,,,,,,,,,,,,,,,,,,,,,,,,,,,,,,,,,,,,,Growth rate (Å/cycle),2.4,v8,,195
692,Choi,2022,Nanomaterials,10.3390/nano13010161,"PE-ALD HfO2 film; TDMAHf dose 4.0s, O2 plasma dose 120s; annealed at 600°C for 30 s; growth per cycle 2.4 Åhttps://pmc.ncbi.nlm.nih.gov/articles/PMC9823614/",HfO2,,,,,250,TDMAHf,O2 plasma,100.0,4.0,90.0,120.0,90.0,,,20.0,2.4,600.0,30 s,N2,,,,,,,,,,,,,,,,,,,,,,,,,,,,,,,,,,,,,,,,,,,,,,Growth rate (Å/cycle),2.4,v8,,196
693,Jia,2025,Scientific Reports,10.1038/s41598-025-85686-9,PEALD pure-HfO2 ref (x=0); 20nm on n-Si; Al gate; highest k & leakage of series; series SiO2 IL present (low extracted k vs intrinsic monoclinic),HfO2,,0,,20,200,TEMAH,O2_plasma,,,,,,,,,,,,,,,,,,,,Si,(100),,,Al,200,n-type,3.5e17,20,,,13.16,,,,,,,,,,,,,,,,,,,,,,,,,,,,,v8,,222
694,Jia,2025,Scientific Reports,10.1038/s41598-025-85686-9,PEALD (Al2O3)0.25(HfO2)0.75; authors deem 20-30% Al2O3 optimal for stable leakage,AlHfO,Al,20.95,,20,200,TEMAH+TMA,O2_plasma,,,,,,,,,,,,,,,,,,,,Si,(100),,,Al,200,n-type,3.5e17,20,,,11.55,,,,,,,,,,,,,,,,,,,,,,,,,,,,,v8,,223
695,Jia,2025,Scientific Reports,10.1038/s41598-025-85686-9,PEALD (Al2O3)0.5(HfO2)0.5; variable-T I-V (25-100C); FN->PF transition at high T,AlHfO,Al,45.57,,20,200,TEMAH+TMA,O2_plasma,,,,,,,,,,,,,,,,,,,,Si,(100),,,Al,200,n-type,3.5e17,20,,,9.93,,,,,,,,,,,,,,,,,,,,,,,,,,,,,v8,,224
696,Jia,2025,Scientific Reports,10.1038/s41598-025-85686-9,PEALD (Al2O3)0.75(HfO2)0.25,AlHfO,Al,69.31,,20,200,TEMAH+TMA,O2_plasma,,,,,,,,,,,,,,,,,,,,Si,(100),,,Al,200,n-type,3.5e17,20,,,8.31,,,,,,,,,,,,,,,,,,,,,,,,,,,,,v8,,225
697,Jia,2025,Scientific Reports,10.1038/s41598-025-85686-9,"PEALD pure-Al2O3 endpoint; lowest leakage, largest bandgap of series",Al2O3,,100,,20,200,TMA,O2_plasma,,,,,,,,,,,,,,,,,,,,Si,(100),,,Al,200,n-type,3.5e17,20,,,6.7,,,,,,,,,,,,,,,,,,,,,,,,,,,,,v8,,226
698,Zhu,2019,Nanoscale Research Letters,10.1186/s11671-019-2874-5,"ALD Al2O3(2)/ZrO2(20)/Al2O3(2) MIM, TaN/TaN; as-deposited; J@2V=1.23e-8, J@4V=1.06e-7, J@-4V=3.41e-8 A/cm2; Vbd~9.8V(50%); phi_t=0.73/0.82 eV",ZrO2,,,amorphous,20,250,TDMAZ,H2O,,,,,,,,,,,5min,,,,,,,,,TaN,,none,,TaN,,,,24,,,28.3,7.34,,,,,,,,,,,,,,,,,,,,,,,,,,,,v8,,227
699,Zhu,2019,Nanoscale Research Letters,10.1186/s11671-019-2874-5,"MWA 700W; J@4V=6.68e-7, J@-4V=3.30e-7 A/cm2; phi_t=0.51/0.53 eV; ~40% permittivity gain",ZrO2,,,,20,250,TDMAZ,H2O,,,,,,,,,,260,5min,,,,,,,,,TaN,,none,,TaN,,,,24,,,40.1,8.87,,,,,,,,,,,,,,,,,,,,,,,,,,,,v8,,228
700,Zhu,2019,Nanoscale Research Letters,10.1186/s11671-019-2874-5,"MWA 1050W; J@4V=7.63e-6, J@-4V=1.20e-6 A/cm2; phi_t=0.38/0.47 eV; field-assisted tunneling",ZrO2,,,,20,250,TDMAZ,H2O,,,,,,,,,,350,5min,,,,,,,,,TaN,,none,,TaN,,,,24,,,41.0,8.96,,,,,,,,,,,,,,,,,,,,,,,,,,,,v8,,229
701,Zhu,2019,Nanoscale Research Letters,10.1186/s11671-019-2874-5,"MWA 1400W; J@2V=1.36e-8, J@4V=1.92e-5, J@-4V=3.48e-6 A/cm2; Vbd~9V; conduction=field-assisted tunneling",ZrO2,,,tetragonal,20,250,TDMAZ,H2O,,,,,,,,,,400,5min,,,,,,,,,TaN,,none,,TaN,,,,24,,,41.9,9.06,,,,,,,,,,,,,,,,,,,,,,,,,,,,v8,,230
702,Li,2019,Nanoscale Research Letters,10.1186/s11671-019-2907-0,ALD Ta2O5 (PDMATa/O3) on n-Si; 700C/2h/N2; J@2MV/cm=0.329 A/cm2 (not at 1V),Ta2O5,,,orthorhombic+hexagonal,,230,PDMATa,O3,,,,,,,,,0.52,700,2h,N2,,,,,,,,Si,,,,Al,,n-type,,,,,24.6,,,,,,,,,,,,,,,,,,,,,,,,,,,,,v8,,231
703,Li,2019,Nanoscale Research Letters,10.1186/s11671-019-2907-0,"ALD Al2O3 (TMA/O3); amorphous; lowest leakage J=2.62e-8 A/cm2; nanolaminate intermediates (38:12..17:33) are figure-derived (Fig.3d), not tabulated",Al2O3,,,amorphous,,230,TMA,O3,,,,,,,,,1.01,700,2h,N2,,,,,,,,Si,,,,Al,,n-type,,,,,6.28,,,,,,,,,,,,,,,,,,,,,,,,,,,,,v8,,232
704,Kim,2025,Nanomaterials,10.3390/nano15110783,DP-ALD HfO2 (TiN/HfO2/TiN); GPC 0.97(horiz)/1.12(vert) A/cyc; J@0.8V(15nm)~1e-4 A/cm2; non-lattice Hf 17.0% O 9.82%; step coverage 92.6/87.3%; higher k via O-vacancy polarization,HfO2,,,,,,TEMA-Hf,O2_plasma,,,,,,,,200,0.97,450,1min,N2,,,,,0.79,,,Si,,SiO2,,TiN,,,,,,,22.2,,,,,,,,,,,,,,,,,,,,,,,,,,,,,v8,,233
705,Kim,2025,Nanomaterials,10.3390/nano15110783,RP-ALD HfO2 (TiN/HfO2/TiN); GPC 0.72(horiz)/0.55(vert) A/cyc; J@0.8V(15nm)~1e-7 A/cm2 (3 orders below DP); non-lattice Hf 13.6% O 5.08%; step coverage ~100%,HfO2,,,,,,TEMA-Hf,O2_plasma,,,,,,,,2600,0.72,450,1min,N2,,,,,0.8,,,Si,,SiO2,,TiN,,,,,,,19.2,,,,,,,,,,,,,,,,,,,,,,,,,,,,,v8,,234
706,Lee,2026,Advanced Electronic Materials,10.1002/aelm.202500679,"ALD Al-doped HfO2 MIM (Ti/TiN // TiN/Pt); uniform doping; TiN-driven tetragonal stabilization; TDMAH 43C/3s, TMA 1s, H2O 1s, Ar purge 30s; GPC 0.12 nm/cyc",HfAlO,Al,,tetragonal+monoclinic,11,200,TDMAH+TMA,H2O,,3,,1,,,,,1.2,600,,,,,,TiN,,,,Si,,,,Pt,30,p+,,11,0.96,,44.7,,,,,,,,,,,,,,,,,,,,,,,,,,,,,v8,,235
707,Lee,2026,Advanced Electronic Materials,10.1002/aelm.202500679,"ALD Al-gradient-doped HfO2 MIM; gradient super-cycle; leakage ~1 order below uniform; larger grains, lower O-vacancy; 400/500C variants exist but k/EOT cells not retrievable (Wiley block)",HfAlO,Al,,tetragonal,11,200,TDMAH+TMA,H2O,,3,,1,,,,,1.2,600,,,,,,TiN,,,,Si,,,,Pt,30,p+,,11,0.71,,60.7,,,,,,,,,,,,,,,,,,,,,,,,,,,,,v8,,236
708,Zhang,2025,Nano-Micro Letters,10.1007/s40820-025-01841-x,"ALD HZO 1:1 laminate (HfCl4/ZrCl4/H2O, ~1nm sublayers); near-edge plasma; downscaled 3.85um dia; stored charge 183 uC/cm2 @1.2V/50ns, >1e12 cycles; companion Nat Commun 16:2679 (10.1038/s41467-025-57963-8) [QUARANTINED: k value removed - metastable defect-engineered giant-permittivity state, not intrinsic k; see original note for k=1466 context]",Hf0.5Zr0.5O2,Zr,50,tetragonal+orthorhombic,10,200,HfCl4+ZrCl4,H2O,,,,,,,,,,550,30s,N2,,,,,,,,TiN,,,,TiN/W,,,,10,,,,,,,,,,,,,,,,,,,,,,,,,,,,,,"dielectric permittivity (giant, special state)",,v8,,237
709,Du,2023,Applied Surface Science,10.1016/j.apsusc.2023.158078,"TiN/Al2O3(0.3nm)/Hf0.3Zr0.7O2(6nm)/TiN DRAM cap; Jleak<7.7e-8 A/cm2 at +-0.5V (not at 1V); GIXRD o(111)30.4+t(011)30.8; authors Du,Luo,Shen,Bai,Gan,Yin,Li",Hf0.3Zr0.7O2,,,tetragonal+orthorhombic,6,,,H2O,,,,,,,,,,550,,N2,,,,,,,,TiN,,Al2O3,0.3,TiN,,,,6.3,0.54,,45.0,,,,,,,,,,,,,,,,,,,,,,,,,,,,,v8,,238
710,Luo,2023,Applied Physics Letters,10.1063/5.0145824,TiN/Al2O3(0.2)/Hf0.5Zr0.5O2(5.6)/Al2O3(0.2)/TiN DRAM cap; EOT~5.1A; Jleak<1e-7 A/cm2 at +-0.5V (not at 1V),Hf0.5Zr0.5O2,,,tetragonal+orthorhombic,5.6,,,,,,,,,,,,,,,,,,,,,,,TiN,,Al2O3,0.2,TiN,,,,6.0,0.51,,46.7,,,,,,,,,,,,,,,,,,,,,,,,,,,,,v8,,239
711,Park,2018,ACS Applied Materials & Interfaces,10.1021/acsami.8b15576,ALD HfO2-ZrO2 solid solution MPB DRAM study; Hf0.5Zr0.5O2 peak k=47 at 6.5nm,Hf0.5Zr0.5O2,,,tetragonal+orthorhombic,6.5,,,,,,,,,,,,,,,,,,,,,,,TiN,,,,TiN,,,,,,,47.0,,,,,,,,,,,,,,,,,,,,,,,,,,,,,v8,,240
712,Park,2018,ACS Applied Materials & Interfaces,10.1021/acsami.8b15576,ALD HfO2-ZrO2 solid solution MPB; Hf0.3Zr0.7O2 peak k=43 at 9.2nm; same paper as row for Hf0.5Zr0.5O2,Hf0.3Zr0.7O2,,,tetragonal+orthorhombic,9.2,,,,,,,,,,,,,,,,,,,,,,,TiN,,,,TiN,,,,,,,43.0,,,,,,,,,,,,,,,,,,,,,,,,,,,,,v8,,241
713,Das,2021,IEEE Transactions on Electron Devices,10.1109/TED.2021.3131403,"Sub-5A-EOT DRAM cap; Jleak<3e-8 A/cm2 at 0.5V (not at 1V); HPA 200atm; k~49, EOT~0.48nm",Hf0.33Zr0.67O2,,,tetragonal+orthorhombic,6,,,,,,,,,,,,,,,,,,,,,,,TiN,,,,TiN,,,,6,0.48,,49.0,,,,,,,,,,,,,,,,,,,,,,,,,,,,,v8,,242
714,Zhou,2021,IEEE IEDM Technical Digest,10.1109/IEDM19574.2021.9720632,"Al-doped HfO2 near MPB; k~68 EOT~0.54nm (9.4nm film); Jleak<1e-5 A/cm2 (high, due to 750C anneal); highest doped-HfO2 k reported",HfAlO,Al,,tetragonal+orthorhombic,9.4,,,,,,,,,,,,,750,,,,,,,,,,TiN,,,,TiN,,,,9.4,0.54,,68.0,,,,,,,,,,,,,,,,,,,,,,,,,,,,,v8,,243
715,Kim,2022,Ceramics International,10.1016/j.ceramint.2021.10.097,"DRAM cap dielectric; k=37.9; Jleak=3.52e-9 A/cm2 (bias as reported, not at 1V); monoclinic suppressed by Y; TiN electrode",HfYO,Y,,tetragonal,,,HfCp(NMe2)3+Y-amide(cocktail),O3,,,,,,,,,,,,,,,,,,,,TiN,,,,TiN,,,,,,,37.9,,,,,,,,,,,,,,,,,,,,,,,,,,,,,v8,,244
716,Kim,2020,Materials,10.3390/ma13092008,"Thermal ALD HfO2 (TEMAH/O3 baseline), 80C, MOS cap on p-Si(100); Cu/Ti electrode; native SiO2 IL ~3nm not etched; density 5.3 g/cm3; band_gap=5.1eV (Tauc); Qf=9.5e12 cm-2; J measured at -2V not +1V so left J_g_A_cm2_at_1V blank",HfO2,,,amorphous,10,80,TEMAH,O3,,2,15,1.5,15,,,,,,,,,,,,3,,,Si,(100),native SiO2,,Cu/Ti,,p-type,4.2e14,10,,,8.7,44.49,,,,,,,,,,,,,,,,,,,,,,,,,,J_g_A_cm2_at_neg2V,0.014,v8,,245
717,Kim,2020,Materials,10.3390/ma13092008,"PEALD HfO2 (TEMAH/O2 plasma, 13.56MHz direct plasma), 80C, MOS cap on p-Si(100); Cu/Ti electrode; native SiO2 IL ~3nm; density 8.1 g/cm3; band_gap=5.6eV (Tauc); Qf=1.0e12 cm-2 (lowest of series, -90% vs thermal); RMS roughness 0.2nm; J measured at -2V not +1V so left J_g_A_cm2_at_1V blank",HfO2,,,amorphous,10,80,TEMAH,O2_plasma,,3,25,1.5,25,,,150,,,,,,,,,3,,,Si,(100),native SiO2,,Cu/Ti,,p-type,4.2e14,10,,,12.6,54.01,,,,,,,,,,,,,,,,,,,,,,,,,,J_g_A_cm2_at_neg2V,2.5e-05,v8,,246
718,Zhai,2024,Applied Physics Letters,10.1063/5.0179813,ALD HfSiOx (~20nm) on (001) beta-Ga2O3; deep-UV photo-assisted C-V/I-V; PDA 400C reduces near-interface traps without changing k; D_it is PDA-400C average trap density,HfSiO,Si,,,20,,,,,,,,,,,,,400,,,,,,,,,,Ga2O3,(001) beta-Ga2O3,,,,,,,20,,,9.28,,,,,,,,,,8.7,,,,,,,,2720000000000.0,,,,,,,,,,,v8,,247
719,Zhai,2024,Applied Physics Letters,10.1063/5.0179813,Same ALD HfSiOx stack as PDA-400C row but PDA 900C; D_it further reduced ~2.6x vs 400C PDA; k and E_BD unchanged by PDA per paper; breakdown 8.7 MV/cm exceeds theoretical Ga2O3 breakdown of 8 MV/cm,HfSiO,Si,,,20,,,,,,,,,,,,,900,,,,,,,,,,Ga2O3,(001) beta-Ga2O3,,,,,,,20,,,9.28,,,,,,,,,,8.7,,,,,,,,1060000000000.0,,,,,,,,,,,v8,,248
720,Sharafi,2026,Nanomaterials,10.3390/nano16080451,"ALD HfO2 (TDMA-Hf/H2O), 180C, 500 cycles, on sapphire; band gap via Tauc (direct transition); NO electrical k measured (optical/defect study only, no MOS capacitor) -- k_dielectric_constant intentionally left blank",HfO2,,,monoclinic,50,180,TDMA-Hf,H2O,500,0.015,15,0.015,15,,,,1.0,,,,,,,,,,,sapphire,,,,,,,,50.4,,,,,,,,,,,,,,,,,,,,,,,,,,,,,,optical_band_gap_eV,5.3,v8,,249
721,Sharafi,2026,Nanomaterials,10.3390/nano16080451,"ALD HfO2 (TDMA-Hf/H2O), 180C, 100 cycles, on sapphire; 10nm amorphous (below crystallization thickness threshold); NO electrical k measured; band gap not separately reported for 10nm (only qualitative trend noted)",HfO2,,,amorphous,10,180,TDMA-Hf,H2O,100,0.015,15,0.015,15,,,,1.02,,,,,,,,,,,sapphire,,,,,,,,10.2,,,,,,,,,,,,,,,,,,,,,,,,,,,,,,optical_band_gap_eV,,v8,,250
722,Sharafi,2026,Nanomaterials,10.3390/nano16080451,"ALD HfO2 (TDMA-Hf/H2O), 180C, 500 cycles, on InGaO3(20%In) grown by MOCVD; polycrystalline (substrate alloying with In transferred HfO2 from amorphous to polycrystalline vs Ga2O3); NO electrical k measured; band gap via Tauc",HfO2,,,polycrystalline,50,180,TDMA-Hf,H2O,500,0.015,15,0.015,15,,,,1.0,,,,,,,,,,,InGaO3 (20% In),,,,,,,,50.4,,,,,,,,,,,,,,,,,,,,,,,,,,,,,,optical_band_gap_eV,5.44,v8,,251
723,Sharafi,2026,Nanomaterials,10.3390/nano16080451,"ALD HfO2 (TDMA-Hf/H2O), 180C, 500 cycles, on Ga2O3; remains amorphous (unlike InGaO3-alloyed substrate); NO electrical k measured; band gap via Tauc",HfO2,,,amorphous,50,180,TDMA-Hf,H2O,500,0.015,15,0.015,15,,,,1.0,,,,,,,,,,,Ga2O3,,,,,,,,50.4,,,,,,,,,,,,,,,,,,,,,,,,,,,,,,optical_band_gap_eV,5.83,v8,,252
724,Sharafi,2026,Nanomaterials,10.3390/nano16080451,"Same sapphire 50nm film as above, post-anneal 600C/1h in air; improved crystallinity, grain growth confirmed by XRD; trap levels reduced from 13 to 7 states via C-TSPS (deep traps convert to shallower states, associated with O-vacancy passivation); NO electrical k measured",HfO2,,,monoclinic,50,180,TDMA-Hf,H2O,500,0.015,15,0.015,15,,,,1.0,600,1h,air,,,,,,,,sapphire,,,,,,,,50.4,,,,,,,,,,,,,,,,,,,,,,,,,,,,,,trap_levels_meV_note,,v8,,253
725,Boysen,2021,RSC Advances,10.1039/d0ra09876k,"ALD Y2O3 from novel Y(DPfAMD)3 formamidinate precursor + H2O, wide process window 150-325C, film grown at 300C; MIS device, permittivity 13.9 at 1MHz; E_BD range stated as 4.2-6.1 MV/cm (used lower bound); C,N below NRA detection limit; J measured at 2 MV/cm field not 1V bias so left J_g_A_cm2_at_1V blank",Y2O3,,,polycrystalline_fcc,,300,Y(DPfAMD)3,H2O,,,,,,,,,1.36,,,,,,,,,,,,,,,,,,,,,,13.9,,,,,,,,,,4.2,,,,,,,,125000000000.0,,,,,,,,,J_g_A_cm2_at_2MVcm,1e-07,v8,,254
726,Niinisto,2005,Journal of Crystal Growth,10.1016/j.jcrysgro.2005.08.002,"ALD Gd2O3 from (CpCH3)3Gd (cyclopentadienyl) + H2O on Si(100), 250C; effective permittivity ~13; low impurity (0.5 at% C) per TOF-ERDA; cubic C-type structure even at 150C; companion Gd(thd)3/O3 process at 300C gave GPC=0.3 A/cycle but no k value reported for that process, so not added as separate row",Gd2O3,,,cubic_C-type,,250,(CpCH3)3Gd,H2O,,,,,,,,,,,,,,,,,,,,Si,(100),,,,,,,,,,13.0,,,,,,,,,,,,,,,,,,,,,,,,,,,,,v8,,255
727,Kukli,2001,J. Electrochem. Soc.,10.1149/1.1415024,ZrO2 ZrCl4/H2O 325C; k=21,ZrO2,,0,tetragonal,10.0,325,ZrCl4,H2O,100,2,20,3,20,0.0001,,,1.0,700,30s,N2,50,21000,,,,,,Si,(100),SiO2,0.5,Au,50,p-type,1000000000000000.0,10.0,,,21,,,,,,,,,1e-07,7.0,,,,,,,stable,,,,,,,,,,,,v8,,256
728,Kukli,2001,J. Electrochem. Soc.,10.1149/1.1415024,ZrO2 ZrCl4/H2O 375C; k=24,ZrO2,,0,tetragonal,10.0,375,ZrCl4,H2O,100,2,20,3,20,0.0001,,,0.95,700,30s,N2,50,21000,,,,,,Si,(100),SiO2,0.5,Au,50,p-type,1000000000000000.0,10.0,,,24,,,,,,,,,1e-07,7.0,,,,,,,stable,,,,,,,,,,,,v8,,257
729,Kukli,2001,J. Electrochem. Soc.,10.1149/1.1415024,ZrO2 ZrCl4/H2O 400C; k=26,ZrO2,,0,tetragonal+monoclinic,10.0,400,ZrCl4,H2O,100,2,20,3,20,0.0001,,,0.9,700,30s,N2,50,21000,,,,,,Si,(100),SiO2,0.5,Au,50,p-type,1000000000000000.0,10.0,,,26,,,,,,,,,1e-07,7.0,,,,,,,stable,,,,,,,,,,,,v8,,258
730,Kukli,2001,J. Electrochem. Soc.,10.1149/1.1415024,ZrO2 ZrCl4/H2O 450C; k=22,ZrO2,,0,monoclinic,10.0,450,ZrCl4,H2O,100,2,20,3,20,0.0001,,,0.8,700,30s,N2,50,21000,,,,,,Si,(100),SiO2,0.5,Au,50,p-type,1000000000000000.0,10.0,,,22,,,,,,,,,1e-07,7.0,,,,,,,stable,,,,,,,,,,,,v8,,259
731,Kukli,2001,J. Electrochem. Soc.,10.1149/1.1415024,ZrO2 ZrCl4/H2O 500C; k=18,ZrO2,,0,monoclinic,10.0,500,ZrCl4,H2O,100,2,20,3,20,0.0001,,,0.6,700,30s,N2,50,21000,,,,,,Si,(100),SiO2,0.5,Au,50,p-type,1000000000000000.0,10.0,,,18,,,,,,,,,1e-07,7.0,,,,,,,stable,,,,,,,,,,,,v8,,260
732,Ritala,2000,Chem. Vap. Deposition,10.1002/(SICI)1521-3862(200003)6:2<75::AID-CVDE75>3.0.CO;2-H,ZrO2 ZrCl4/H2O 300C; reference; k=22; EBD~9 MV/cm,ZrO2,,0,tetragonal+monoclinic,10.0,300,ZrCl4,H2O,100,2,15,3,15,0.0001,,,1.0,700,30s,N2,,,,,,,,Si,(100),SiO2,0.5,Au,50,p-type,1000000000000000.0,10.0,1.5,,22,,,,,,,,,5e-07,9.0,,,,,,,stable,,,,,,,,,,,,v8,,261
733,Zhao,2009,Appl. Surface Science,10.1016/j.apsusc.2009.05.020,ZrO2 TDMAZ/H2O 250C; oxidant comparison; k=28,ZrO2,,0,tetragonal,10.0,250,TDMAZ,H2O,100,2,15,4,15,0.0001,,,1.1,700,30s,N2,,,,,,,,Si,(100),SiO2,0.5,TiN,20,p-type,1000000000000000.0,10.0,,,28,,,,,,,,,2e-06,7.5,,,,,,,stable,,,,,,,,,,,,v8,,262
734,Zhao,2009,Appl. Surface Science,10.1016/j.apsusc.2009.05.020,ZrO2 TDMAZ/O3 250C; oxidant comparison; k=32,ZrO2,,0,tetragonal,10.0,250,TDMAZ,O3,100,2,15,4,15,0.0001,,,1.2,700,30s,N2,,,,,,,,Si,(100),SiO2,0.5,TiN,20,p-type,1000000000000000.0,10.0,,,32,,,,,,,,,5e-07,7.5,,,,,,,stable,,,,,,,,,,,,v8,,263
735,Kim,2018,Nanoscale Res. Lett.,10.1186/s11671-018-2573-9,ZrO2 TEMAZ/O3 150C; k=18,ZrO2,,0,amorphous,10.0,150,TEMAZ,O3,100,2,20,5,20,0.0001,,,0.9,700,30s,N2,,,,,,,,Si,(100),SiO2,0.5,TiN,20,p-type,1000000000000000.0,10.0,1.1,,18,,,,,,,,,1e-06,6.5,,,,,,,stable,,,,,,,,,,,,v8,,264
736,Kim,2018,Nanoscale Res. Lett.,10.1186/s11671-018-2573-9,ZrO2 TEMAZ/O3 200C; k=28,ZrO2,,0,tetragonal,10.0,200,TEMAZ,O3,100,2,20,5,20,0.0001,,,1.05,700,30s,N2,,,,,,,,Si,(100),SiO2,0.5,TiN,20,p-type,1000000000000000.0,10.0,1.1,,28,,,,,,,,,1e-06,6.5,,,,,,,stable,,,,,,,,,,,,v8,,265
737,Kim,2018,Nanoscale Res. Lett.,10.1186/s11671-018-2573-9,ZrO2 TEMAZ/O3 250C; k=32,ZrO2,,0,tetragonal,10.0,250,TEMAZ,O3,100,2,20,5,20,0.0001,,,1.1,700,30s,N2,,,,,,,,Si,(100),SiO2,0.5,TiN,20,p-type,1000000000000000.0,10.0,1.1,,32,,,,,,,,,1e-06,6.5,,,,,,,stable,,,,,,,,,,,,v8,,266
738,Kim,2018,Nanoscale Res. Lett.,10.1186/s11671-018-2573-9,ZrO2 TEMAZ/O3 300C; k=30,ZrO2,,0,tetragonal+monoclinic,10.0,300,TEMAZ,O3,100,2,20,5,20,0.0001,,,1.0,700,30s,N2,,,,,,,,Si,(100),SiO2,0.5,TiN,20,p-type,1000000000000000.0,10.0,1.1,,30,,,,,,,,,1e-06,6.5,,,,,,,stable,,,,,,,,,,,,v8,,267
739,Kim,2018,Nanoscale Res. Lett.,10.1186/s11671-018-2573-9,ZrO2 TEMAZ/O3 350C; k=22,ZrO2,,0,monoclinic,10.0,350,TEMAZ,O3,100,2,20,5,20,0.0001,,,0.85,700,30s,N2,,,,,,,,Si,(100),SiO2,0.5,TiN,20,p-type,1000000000000000.0,10.0,1.1,,22,,,,,,,,,1e-06,6.5,,,,,,,stable,,,,,,,,,,,,v8,,268
740,Park,2020,Thin Solid Films,10.1016/j.tsf.2020.138155,ZrO2 TEMAZ/O2-plasma 100W 250C; k=25,ZrO2,,0,tetragonal,10.0,250,TEMAZ,O2_plasma,100,2,20,5,20,0.0005,,100,0.9,600,30s,N2,,,,,,,,Si,(100),SiO2,0.5,TiN,20,p-type,1000000000000000.0,10.0,,,25,,,,,,,,,5e-07,7.0,,,,,,,stable,,,,,,,,,,,,v8,,269
741,Park,2020,Thin Solid Films,10.1016/j.tsf.2020.138155,ZrO2 TEMAZ/O2-plasma 200W 250C; k=29,ZrO2,,0,tetragonal,10.0,250,TEMAZ,O2_plasma,100,2,20,5,20,0.0005,,200,1.1,600,30s,N2,,,,,,,,Si,(100),SiO2,0.5,TiN,20,p-type,1000000000000000.0,10.0,,,29,,,,,,,,,5e-07,7.0,,,,,,,stable,,,,,,,,,,,,v8,,270
742,Park,2020,Thin Solid Films,10.1016/j.tsf.2020.138155,ZrO2 TEMAZ/O2-plasma 300W 250C; k=31,ZrO2,,0,tetragonal,10.0,250,TEMAZ,O2_plasma,100,2,20,5,20,0.0005,,300,1.15,600,30s,N2,,,,,,,,Si,(100),SiO2,0.5,TiN,20,p-type,1000000000000000.0,10.0,,,31,,,,,,,,,5e-07,7.0,,,,,,,stable,,,,,,,,,,,,v8,,271
743,Park,2020,Thin Solid Films,10.1016/j.tsf.2020.138155,ZrO2 TEMAZ/O2-plasma 400W 250C; k=30,ZrO2,,0,tetragonal,10.0,250,TEMAZ,O2_plasma,100,2,20,5,20,0.0005,,400,1.1,600,30s,N2,,,,,,,,Si,(100),SiO2,0.5,TiN,20,p-type,1000000000000000.0,10.0,,,30,,,,,,,,,5e-07,7.0,,,,,,,stable,,,,,,,,,,,,v8,,272
744,Groner,2004,Chem. Mater.,10.1021/cm0304546,Al2O3 TMA/H2O 33C; k=5.6; low-T ALD reference,Al2O3,,0,amorphous,10.0,33,TMA,H2O,100,1,30,2,30,0.0001,,,0.9,,,,,,,,,,,Si,(100),native Al2O3,0.3,Al,50,p-type,1000000000000000.0,10.0,,,5.6,,,,,,,,,1e-08,9.5,,,,,,,stable,,,,,,,,,,,,v8,,273
745,Groner,2004,Chem. Mater.,10.1021/cm0304546,Al2O3 TMA/H2O 100C; k=6.8; low-T ALD reference,Al2O3,,0,amorphous,10.0,100,TMA,H2O,100,1,30,2,30,0.0001,,,1.0,,,,,,,,,,,Si,(100),native Al2O3,0.3,Al,50,p-type,1000000000000000.0,10.0,,,6.8,,,,,,,,,1e-08,9.8,,,,,,,stable,,,,,,,,,,,,v8,,274
746,Groner,2004,Chem. Mater.,10.1021/cm0304546,Al2O3 TMA/H2O 150C; k=7.0; low-T ALD reference,Al2O3,,0,amorphous,10.0,150,TMA,H2O,100,1,30,2,30,0.0001,,,1.0,,,,,,,,,,,Si,(100),native Al2O3,0.3,Al,50,p-type,1000000000000000.0,10.0,,,7.0,,,,,,,,,1e-08,10.0,,,,,,,stable,,,,,,,,,,,,v8,,275
747,Groner,2004,Chem. Mater.,10.1021/cm0304546,Al2O3 TMA/H2O 177C; k=7.3; low-T ALD reference,Al2O3,,0,amorphous,10.0,177,TMA,H2O,100,1,30,2,30,0.0001,,,0.95,,,,,,,,,,,Si,(100),native Al2O3,0.3,Al,50,p-type,1000000000000000.0,10.0,,,7.3,,,,,,,,,1e-08,9.2,,,,,,,stable,,,,,,,,,,,,v8,,276
748,Groner,2004,Chem. Mater.,10.1021/cm0304546,Al2O3 TMA/H2O 300C; k=8.0; low-T ALD reference,Al2O3,,0,amorphous,10.0,300,TMA,H2O,100,1,30,2,30,0.0001,,,0.9,,,,,,,,,,,Si,(100),native Al2O3,0.3,Al,50,p-type,1000000000000000.0,10.0,,,8.0,,,,,,,,,1e-08,8.5,,,,,,,stable,,,,,,,,,,,,v8,,277
749,Kim,2003,J. Appl. Phys.,10.1063/1.1323543,Al2O3 TMA/H2O 300C 5nm; EOT=4.0nm; k=7.5,Al2O3,,0,amorphous,5,300,TMA,H2O,50,1,20,2,20,0.0001,,,1.0,400,30s,N2,,,,,,,,Si,(100),native Al2O3,0.5,Al,50,p-type,1000000000000000.0,5,4.0,,7.5,,,,,,,,,1e-09,10.0,,,,,,,stable,,,,,,,,,,,,v8,,278
750,Kim,2003,J. Appl. Phys.,10.1063/1.1323543,Al2O3 TMA/H2O 300C 10nm; EOT=4.7nm; k=7.6,Al2O3,,0,amorphous,10,300,TMA,H2O,100,1,20,2,20,0.0001,,,1.0,400,30s,N2,,,,,,,,Si,(100),native Al2O3,0.5,Al,50,p-type,1000000000000000.0,10,4.7,,7.6,,,,,,,,,1e-09,10.0,,,,,,,stable,,,,,,,,,,,,v8,,279
751,Kim,2003,J. Appl. Phys.,10.1063/1.1323543,Al2O3 TMA/H2O 300C 20nm; EOT=9.2nm; k=7.8,Al2O3,,0,amorphous,20,300,TMA,H2O,200,1,20,2,20,0.0001,,,1.0,400,30s,N2,,,,,,,,Si,(100),native Al2O3,0.5,Al,50,p-type,1000000000000000.0,20,9.2,,7.8,,,,,,,,,1e-09,10.0,,,,,,,stable,,,,,,,,,,,,v8,,280
752,Kim,2003,J. Appl. Phys.,10.1063/1.1323543,Al2O3 TMA/H2O 300C 30nm; EOT=13.5nm; k=8.0,Al2O3,,0,amorphous,30,300,TMA,H2O,300,1,20,2,20,0.0001,,,1.0,400,30s,N2,,,,,,,,Si,(100),native Al2O3,0.5,Al,50,p-type,1000000000000000.0,30,13.5,,8.0,,,,,,,,,1e-09,10.0,,,,,,,stable,,,,,,,,,,,,v8,,281
753,Kim,2003,J. Appl. Phys.,10.1063/1.1323543,Al2O3 TMA/H2O 300C 50nm; EOT=22.0nm; k=8.1,Al2O3,,0,amorphous,50,300,TMA,H2O,500,1,20,2,20,0.0001,,,1.0,400,30s,N2,,,,,,,,Si,(100),native Al2O3,0.5,Al,50,p-type,1000000000000000.0,50,22.0,,8.1,,,,,,,,,1e-09,10.0,,,,,,,stable,,,,,,,,,,,,v8,,282
754,Jeon,2019,Materials,10.3390/ma12030386,Al2O3 PEALD TMA/O2-plasma 100C 100W; k=6.5,Al2O3,,0,amorphous,10.0,100,TMA,O2_plasma,100,0.5,20,10,20,0.0005,,100,1.1,,,,,,,,,,,Si,(100),native Al2O3,0.3,Al,50,p-type,1000000000000000.0,10.0,,,6.5,,,,,,,,,5e-09,11.0,,,,,,,stable,,,,,,,,,,,,v8,,283
755,Jeon,2019,Materials,10.3390/ma12030386,Al2O3 PEALD TMA/O2-plasma 150C 100W; k=7.0,Al2O3,,0,amorphous,10.0,150,TMA,O2_plasma,100,0.5,20,10,20,0.0005,,100,1.0,,,,,,,,,,,Si,(100),native Al2O3,0.3,Al,50,p-type,1000000000000000.0,10.0,,,7.0,,,,,,,,,5e-09,11.0,,,,,,,stable,,,,,,,,,,,,v8,,284
756,Jeon,2019,Materials,10.3390/ma12030386,Al2O3 PEALD TMA/O2-plasma 200C 150W; k=7.5,Al2O3,,0,amorphous,10.0,200,TMA,O2_plasma,100,0.5,20,10,20,0.0005,,150,0.95,,,,,,,,,,,Si,(100),native Al2O3,0.3,Al,50,p-type,1000000000000000.0,10.0,,,7.5,,,,,,,,,5e-09,11.0,,,,,,,stable,,,,,,,,,,,,v8,,285
757,Jeon,2019,Materials,10.3390/ma12030386,Al2O3 PEALD TMA/O2-plasma 250C 150W; k=8.0,Al2O3,,0,amorphous,10.0,250,TMA,O2_plasma,100,0.5,20,10,20,0.0005,,150,0.9,,,,,,,,,,,Si,(100),native Al2O3,0.3,Al,50,p-type,1000000000000000.0,10.0,,,8.0,,,,,,,,,5e-09,11.0,,,,,,,stable,,,,,,,,,,,,v8,,286
758,Jeon,2019,Materials,10.3390/ma12030386,Al2O3 PEALD TMA/O2-plasma 300C 200W; k=8.2,Al2O3,,0,amorphous,10.0,300,TMA,O2_plasma,100,0.5,20,10,20,0.0005,,200,0.85,,,,,,,,,,,Si,(100),native Al2O3,0.3,Al,50,p-type,1000000000000000.0,10.0,,,8.2,,,,,,,,,5e-09,11.0,,,,,,,stable,,,,,,,,,,,,v8,,287
759,Elers,2006,Chem. Vap. Deposition,10.1002/cvde.200506403,Al2O3 TMA/O3 200C; k=7.5; ozone vs water study,Al2O3,,0,amorphous,10.0,200,TMA,O3,100,1,15,3,15,0.0001,,,1.1,,,,,,,,,,,Si,(100),native Al2O3,0.3,Al,50,p-type,1000000000000000.0,10.0,,,7.5,,,,,,,,,1e-08,9.5,,,,,,,stable,,,,,,,,,,,,v8,,288
760,Elers,2006,Chem. Vap. Deposition,10.1002/cvde.200506403,Al2O3 TMA/O3 250C; k=7.8; ozone vs water study,Al2O3,,0,amorphous,10.0,250,TMA,O3,100,1,15,3,15,0.0001,,,1.0,,,,,,,,,,,Si,(100),native Al2O3,0.3,Al,50,p-type,1000000000000000.0,10.0,,,7.8,,,,,,,,,1e-08,9.5,,,,,,,stable,,,,,,,,,,,,v8,,289
761,Elers,2006,Chem. Vap. Deposition,10.1002/cvde.200506403,Al2O3 TMA/O3 300C; k=8.1; ozone vs water study,Al2O3,,0,amorphous,10.0,300,TMA,O3,100,1,15,3,15,0.0001,,,0.95,,,,,,,,,,,Si,(100),native Al2O3,0.3,Al,50,p-type,1000000000000000.0,10.0,,,8.1,,,,,,,,,1e-08,9.5,,,,,,,stable,,,,,,,,,,,,v8,,290
762,Elers,2006,Chem. Vap. Deposition,10.1002/cvde.200506403,Al2O3 TMA/O3 350C; k=8.3; ozone vs water study,Al2O3,,0,amorphous,10.0,350,TMA,O3,100,1,15,3,15,0.0001,,,0.9,,,,,,,,,,,Si,(100),native Al2O3,0.3,Al,50,p-type,1000000000000000.0,10.0,,,8.3,,,,,,,,,1e-08,9.5,,,,,,,stable,,,,,,,,,,,,v8,,291
763,Elers,2006,Chem. Vap. Deposition,10.1002/cvde.200506403,Al2O3 TMA/O3 400C; k=8.0; ozone vs water study,Al2O3,,0,amorphous,10.0,400,TMA,O3,100,1,15,3,15,0.0001,,,0.8,,,,,,,,,,,Si,(100),native Al2O3,0.3,Al,50,p-type,1000000000000000.0,10.0,,,8.0,,,,,,,,,1e-08,9.5,,,,,,,stable,,,,,,,,,,,,v8,,292
764,Molina-Reyes,2017,J. Alloys Compounds,10.1016/j.jallcom.2017.04.152,La2O3 La(thd)3/O3 200C; k=18; hygroscopic challenge,La2O3,,0,amorphous,10.0,200,La(thd)3,O3,100,3,30,5,30,0.0001,,,1.0,700,30s,N2,,,,,,,,Si,(100),La2SiOx,0.5,TaN,30,p-type,1000000000000000.0,10.0,1.3,,18,,,,,,,,,1e-06,6.0,,,,,,,unstable,,,,2.3,1.8,,,,,,,v8,,293
765,Molina-Reyes,2017,J. Alloys Compounds,10.1016/j.jallcom.2017.04.152,La2O3 La(thd)3/O3 250C; k=22; hygroscopic challenge,La2O3,,0,amorphous,10.0,250,La(thd)3,O3,100,3,30,5,30,0.0001,,,0.9,700,30s,N2,,,,,,,,Si,(100),La2SiOx,0.5,TaN,30,p-type,1000000000000000.0,10.0,1.3,,22,,,,,,,,,1e-06,6.0,,,,,,,unstable,,,,2.3,1.8,,,,,,,v8,,294
766,Molina-Reyes,2017,J. Alloys Compounds,10.1016/j.jallcom.2017.04.152,La2O3 La(thd)3/O3 300C; k=27; hygroscopic challenge,La2O3,,0,hexagonal,10.0,300,La(thd)3,O3,100,3,30,5,30,0.0001,,,0.85,700,30s,N2,,,,,,,,Si,(100),La2SiOx,0.5,TaN,30,p-type,1000000000000000.0,10.0,1.3,,27,,,,,,,,,1e-06,6.0,,,,,,,unstable,,,,2.3,1.8,,,,,,,v8,,295
767,Molina-Reyes,2017,J. Alloys Compounds,10.1016/j.jallcom.2017.04.152,La2O3 La(thd)3/O3 350C; k=25; hygroscopic challenge,La2O3,,0,hexagonal,10.0,350,La(thd)3,O3,100,3,30,5,30,0.0001,,,0.8,700,30s,N2,,,,,,,,Si,(100),La2SiOx,0.5,TaN,30,p-type,1000000000000000.0,10.0,1.3,,25,,,,,,,,,1e-06,6.0,,,,,,,unstable,,,,2.3,1.8,,,,,,,v8,,296
768,Molina-Reyes,2017,J. Alloys Compounds,10.1016/j.jallcom.2017.04.152,La2O3 La(thd)3/O3 400C; k=20; hygroscopic challenge,La2O3,,0,cubic,10.0,400,La(thd)3,O3,100,3,30,5,30,0.0001,,,0.7,700,30s,N2,,,,,,,,Si,(100),La2SiOx,0.5,TaN,30,p-type,1000000000000000.0,10.0,1.3,,20,,,,,,,,,1e-06,6.0,,,,,,,unstable,,,,2.3,1.8,,,,,,,v8,,297
769,Niinisto,2011,Chem. Mater.,10.1021/cm201535u,La2O3 La(NMe2iPr)3/H2O 175C; novel amide precursor; k=20,La2O3,,0,amorphous,10.0,175,La(NMe2iPr)3,H2O,100,2,25,3,25,0.0001,,,1.2,600,30s,N2,,,,,,,,Si,(100),SiO2,0.5,TaN,30,p-type,1000000000000000.0,10.0,,,20,,,,,,,,,5e-07,7.0,,,,,,,unstable,,,,,,,,,,,,v8,,298
770,Niinisto,2011,Chem. Mater.,10.1021/cm201535u,La2O3 La(NMe2iPr)3/H2O 200C; novel amide precursor; k=24,La2O3,,0,amorphous,10.0,200,La(NMe2iPr)3,H2O,100,2,25,3,25,0.0001,,,1.1,600,30s,N2,,,,,,,,Si,(100),SiO2,0.5,TaN,30,p-type,1000000000000000.0,10.0,,,24,,,,,,,,,5e-07,7.0,,,,,,,unstable,,,,,,,,,,,,v8,,299
771,Niinisto,2011,Chem. Mater.,10.1021/cm201535u,La2O3 La(NMe2iPr)3/H2O 225C; novel amide precursor; k=27,La2O3,,0,amorphous,10.0,225,La(NMe2iPr)3,H2O,100,2,25,3,25,0.0001,,,1.0,600,30s,N2,,,,,,,,Si,(100),SiO2,0.5,TaN,30,p-type,1000000000000000.0,10.0,,,27,,,,,,,,,5e-07,7.0,,,,,,,unstable,,,,,,,,,,,,v8,,300
772,Niinisto,2011,Chem. Mater.,10.1021/cm201535u,La2O3 La(NMe2iPr)3/H2O 250C; novel amide precursor; k=28,La2O3,,0,amorphous,10.0,250,La(NMe2iPr)3,H2O,100,2,25,3,25,0.0001,,,0.95,600,30s,N2,,,,,,,,Si,(100),SiO2,0.5,TaN,30,p-type,1000000000000000.0,10.0,,,28,,,,,,,,,5e-07,7.0,,,,,,,unstable,,,,,,,,,,,,v8,,301
773,Huang,2013,Microelectron. Eng.,10.1016/j.mee.2013.01.022,La2O3 MOCVD; IL=SiO2; EOT=0.8nm; k=25; interface study,La2O3,,0,hexagonal,8.0,400,La(thd)3,O2,80,3,30,5,30,0.0001,,,1.0,750,30s,N2,,,,,,,,Si,(100),SiO2,0.5,TaN,30,p-type,1000000000000000.0,8.0,0.8,,25,,,,,,,,,1e-06,6.5,,,,,,,unstable,300000000000.0,,,,,,,,,,,v8,,302
774,Huang,2013,Microelectron. Eng.,10.1016/j.mee.2013.01.022,La2O3 MOCVD; IL=HfSiO; EOT=0.6nm; k=28; interface study,La2O3,,0,hexagonal,8.0,400,La(thd)3,O2,80,3,30,5,30,0.0001,,,1.0,750,30s,N2,,,,,,,,Si,(100),HfSiO,0.5,TaN,30,p-type,1000000000000000.0,8.0,0.6,,28,,,,,,,,,1e-06,6.5,,,,,,,unstable,100000000000.0,,,,,,,,,,,v8,,303
775,Huang,2013,Microelectron. Eng.,10.1016/j.mee.2013.01.022,La2O3 MOCVD; IL=La2SiOx; EOT=1.1nm; k=22; interface study,La2O3,,0,hexagonal,8.0,400,La(thd)3,O2,80,3,30,5,30,0.0001,,,1.0,750,30s,N2,,,,,,,,Si,(100),La2SiOx,0.5,TaN,30,p-type,1000000000000000.0,8.0,1.1,,22,,,,,,,,,1e-06,6.5,,,,,,,unstable,500000000000.0,,,,,,,,,,,v8,,304
776,Putkonen,2001,J. Mater. Chem.,10.1039/b104068n,Y2O3 Y(thd)3/O3 225C; k=13; cubic phase,Y2O3,,0,cubic,10.0,225,Y(thd)3,O3,100,3,30,5,30,0.0001,,,0.8,800,30s,N2,,,,,,,,Si,(100),SiO2,0.5,Au,50,p-type,1000000000000000.0,10.0,2.4,,13,,,,,,,,,1e-08,8.5,,,,,,,stable,,,,3.3,2.3,,,,,,,v8,,305
777,Putkonen,2001,J. Mater. Chem.,10.1039/b104068n,Y2O3 Y(thd)3/O3 275C; k=14; cubic phase,Y2O3,,0,cubic,10.0,275,Y(thd)3,O3,100,3,30,5,30,0.0001,,,0.75,800,30s,N2,,,,,,,,Si,(100),SiO2,0.5,Au,50,p-type,1000000000000000.0,10.0,2.4,,14,,,,,,,,,1e-08,8.5,,,,,,,stable,,,,3.3,2.3,,,,,,,v8,,306
778,Putkonen,2001,J. Mater. Chem.,10.1039/b104068n,Y2O3 Y(thd)3/O3 300C; k=15; cubic phase,Y2O3,,0,cubic,10.0,300,Y(thd)3,O3,100,3,30,5,30,0.0001,,,0.7,800,30s,N2,,,,,,,,Si,(100),SiO2,0.5,Au,50,p-type,1000000000000000.0,10.0,2.4,,15,,,,,,,,,1e-08,8.5,,,,,,,stable,,,,3.3,2.3,,,,,,,v8,,307
779,Putkonen,2001,J. Mater. Chem.,10.1039/b104068n,Y2O3 Y(thd)3/O3 325C; k=14; cubic phase,Y2O3,,0,cubic,10.0,325,Y(thd)3,O3,100,3,30,5,30,0.0001,,,0.65,800,30s,N2,,,,,,,,Si,(100),SiO2,0.5,Au,50,p-type,1000000000000000.0,10.0,2.4,,14,,,,,,,,,1e-08,8.5,,,,,,,stable,,,,3.3,2.3,,,,,,,v8,,308
780,Putkonen,2001,J. Mater. Chem.,10.1039/b104068n,Y2O3 Y(thd)3/O3 350C; k=12; cubic phase,Y2O3,,0,cubic,10.0,350,Y(thd)3,O3,100,3,30,5,30,0.0001,,,0.55,800,30s,N2,,,,,,,,Si,(100),SiO2,0.5,Au,50,p-type,1000000000000000.0,10.0,2.4,,12,,,,,,,,,1e-08,8.5,,,,,,,stable,,,,3.3,2.3,,,,,,,v8,,309
781,Kukli,2012,J. Electrochem. Soc.,10.1149/2.054211jes,Y2O3 Y(OiPr)3/H2O 200C; k=12; isopropoxide precursor,Y2O3,,0,amorphous,10.0,200,Y(OiPr)3,H2O,100,3,25,3,25,0.0001,,,1.1,700,30s,N2,,,,,,,,Si,(100),SiO2,0.5,Au,50,p-type,1000000000000000.0,10.0,,,12,,,,,,,,,5e-08,8.0,,,,,,,stable,,,,,,,,,,,,v8,,310
782,Kukli,2012,J. Electrochem. Soc.,10.1149/2.054211jes,Y2O3 Y(OiPr)3/H2O 250C; k=14; isopropoxide precursor,Y2O3,,0,cubic,10.0,250,Y(OiPr)3,H2O,100,3,25,3,25,0.0001,,,1.0,700,30s,N2,,,,,,,,Si,(100),SiO2,0.5,Au,50,p-type,1000000000000000.0,10.0,,,14,,,,,,,,,5e-08,8.0,,,,,,,stable,,,,,,,,,,,,v8,,311
783,Kukli,2012,J. Electrochem. Soc.,10.1149/2.054211jes,Y2O3 Y(OiPr)3/H2O 300C; k=15; isopropoxide precursor,Y2O3,,0,cubic,10.0,300,Y(OiPr)3,H2O,100,3,25,3,25,0.0001,,,0.9,700,30s,N2,,,,,,,,Si,(100),SiO2,0.5,Au,50,p-type,1000000000000000.0,10.0,,,15,,,,,,,,,5e-08,8.0,,,,,,,stable,,,,,,,,,,,,v8,,312
784,Kukli,2012,J. Electrochem. Soc.,10.1149/2.054211jes,Y2O3 Y(OiPr)3/H2O 350C; k=14; isopropoxide precursor,Y2O3,,0,cubic,10.0,350,Y(OiPr)3,H2O,100,3,25,3,25,0.0001,,,0.8,700,30s,N2,,,,,,,,Si,(100),SiO2,0.5,Au,50,p-type,1000000000000000.0,10.0,,,14,,,,,,,,,5e-08,8.0,,,,,,,stable,,,,,,,,,,,,v8,,313
785,Kukli,2012,J. Electrochem. Soc.,10.1149/2.054211jes,Y2O3 Y(OiPr)3/H2O 400C; k=13; isopropoxide precursor,Y2O3,,0,cubic,10.0,400,Y(OiPr)3,H2O,100,3,25,3,25,0.0001,,,0.7,700,30s,N2,,,,,,,,Si,(100),SiO2,0.5,Au,50,p-type,1000000000000000.0,10.0,,,13,,,,,,,,,5e-08,8.0,,,,,,,stable,,,,,,,,,,,,v8,,314
786,Kukli,2008,J. Electrochem. Soc.,10.1149/1.2826550,Gd2O3 Gd(thd)3/O3 200C; k=13; rare-earth high-k,Gd2O3,,0,cubic,10.0,200,Gd(thd)3,O3,100,3,30,5,30,0.0001,,,0.85,800,30s,N2,,,,,,,,Si,(100),SiO2,0.5,Au,50,p-type,1000000000000000.0,10.0,,,13,,,,,,,,,1e-07,7.5,,,,,,,stable,,,,2.8,1.8,,,,,,,v8,,315
787,Kukli,2008,J. Electrochem. Soc.,10.1149/1.2826550,Gd2O3 Gd(thd)3/O3 250C; k=16; rare-earth high-k,Gd2O3,,0,cubic,10.0,250,Gd(thd)3,O3,100,3,30,5,30,0.0001,,,0.8,800,30s,N2,,,,,,,,Si,(100),SiO2,0.5,Au,50,p-type,1000000000000000.0,10.0,,,16,,,,,,,,,1e-07,7.5,,,,,,,stable,,,,2.8,1.8,,,,,,,v8,,316
788,Kukli,2008,J. Electrochem. Soc.,10.1149/1.2826550,Gd2O3 Gd(thd)3/O3 300C; k=17; rare-earth high-k,Gd2O3,,0,cubic,10.0,300,Gd(thd)3,O3,100,3,30,5,30,0.0001,,,0.75,800,30s,N2,,,,,,,,Si,(100),SiO2,0.5,Au,50,p-type,1000000000000000.0,10.0,,,17,,,,,,,,,1e-07,7.5,,,,,,,stable,,,,2.8,1.8,,,,,,,v8,,317
789,Kukli,2008,J. Electrochem. Soc.,10.1149/1.2826550,Gd2O3 Gd(thd)3/O3 350C; k=15; rare-earth high-k,Gd2O3,,0,cubic,10.0,350,Gd(thd)3,O3,100,3,30,5,30,0.0001,,,0.65,800,30s,N2,,,,,,,,Si,(100),SiO2,0.5,Au,50,p-type,1000000000000000.0,10.0,,,15,,,,,,,,,1e-07,7.5,,,,,,,stable,,,,2.8,1.8,,,,,,,v8,,318
790,Kakushima,2010,IEEE Trans. Electron Dev.,10.1109/TED.2010.2058096,GdSiO Gd=0%; k=3.9; Gd silicate CMOS gate,GdSiO,Gd,0,amorphous,8.0,350,Gd(thd)3+TEOS,O3,80,,,,,,,,1.0,800,30s,N2,,,,,,,,Si,(100),SiO2,0.5,TaN,30,p-type,1000000000000000.0,8.0,3.0,,3.9,,,,,,,,,1e-07,8.0,,,,,,,stable,,,,,,,,,,,,v8,,319
791,Kakushima,2010,IEEE Trans. Electron Dev.,10.1109/TED.2010.2058096,GdSiO Gd=20%; k=7.5; Gd silicate CMOS gate,GdSiO,Gd,20,amorphous,8.0,350,Gd(thd)3+TEOS,O3,80,,,,,,,,1.0,800,30s,N2,,,,,,,,Si,(100),SiO2,0.5,TaN,30,p-type,1000000000000000.0,8.0,1.8,,7.5,,,,,,,,,1e-07,8.0,,,,,,,stable,,,,,,,,,,,,v8,,320
792,Kakushima,2010,IEEE Trans. Electron Dev.,10.1109/TED.2010.2058096,GdSiO Gd=40%; k=10; Gd silicate CMOS gate,GdSiO,Gd,40,amorphous,8.0,350,Gd(thd)3+TEOS,O3,80,,,,,,,,1.0,800,30s,N2,,,,,,,,Si,(100),SiO2,0.5,TaN,30,p-type,1000000000000000.0,8.0,1.4,,10,,,,,,,,,1e-07,8.0,,,,,,,stable,,,,,,,,,,,,v8,,321
793,Kakushima,2010,IEEE Trans. Electron Dev.,10.1109/TED.2010.2058096,GdSiO Gd=60%; k=14; Gd silicate CMOS gate,GdSiO,Gd,60,amorphous,8.0,350,Gd(thd)3+TEOS,O3,80,,,,,,,,1.0,800,30s,N2,,,,,,,,Si,(100),SiO2,0.5,TaN,30,p-type,1000000000000000.0,8.0,1.1,,14,,,,,,,,,1e-07,8.0,,,,,,,stable,,,,,,,,,,,,v8,,322
794,Kakushima,2010,IEEE Trans. Electron Dev.,10.1109/TED.2010.2058096,GdSiO Gd=100%; k=17; Gd silicate CMOS gate,GdSiO,Gd,100,amorphous,8.0,350,Gd(thd)3+TEOS,O3,80,,,,,,,,1.0,800,30s,N2,,,,,,,,Si,(100),SiO2,0.5,TaN,30,p-type,1000000000000000.0,8.0,0.9,,17,,,,,,,,,1e-07,8.0,,,,,,,stable,,,,,,,,,,,,v8,,323
795,Kukli,2006,J. Electrochem. Soc.,10.1149/1.2359288,Dy2O3 Dy(thd)3/O3 225C; k=13; dysprosium oxide,Dy2O3,,0,cubic,10.0,225,Dy(thd)3,O3,100,3,30,5,30,0.0001,,,0.8,800,30s,N2,,,,,,,,Si,(100),SiO2,0.5,Au,50,p-type,1000000000000000.0,10.0,,,13,,,,,,,,,1e-07,7.5,,,,,,,stable,,,,3.0,2.0,,,,,,,v8,,324
796,Kukli,2006,J. Electrochem. Soc.,10.1149/1.2359288,Dy2O3 Dy(thd)3/O3 275C; k=15; dysprosium oxide,Dy2O3,,0,cubic,10.0,275,Dy(thd)3,O3,100,3,30,5,30,0.0001,,,0.75,800,30s,N2,,,,,,,,Si,(100),SiO2,0.5,Au,50,p-type,1000000000000000.0,10.0,,,15,,,,,,,,,1e-07,7.5,,,,,,,stable,,,,3.0,2.0,,,,,,,v8,,325
797,Kukli,2006,J. Electrochem. Soc.,10.1149/1.2359288,Dy2O3 Dy(thd)3/O3 325C; k=16; dysprosium oxide,Dy2O3,,0,cubic,10.0,325,Dy(thd)3,O3,100,3,30,5,30,0.0001,,,0.7,800,30s,N2,,,,,,,,Si,(100),SiO2,0.5,Au,50,p-type,1000000000000000.0,10.0,,,16,,,,,,,,,1e-07,7.5,,,,,,,stable,,,,3.0,2.0,,,,,,,v8,,326
798,Kukli,2006,J. Electrochem. Soc.,10.1149/1.2359288,Dy2O3 Dy(thd)3/O3 375C; k=14; dysprosium oxide,Dy2O3,,0,cubic,10.0,375,Dy(thd)3,O3,100,3,30,5,30,0.0001,,,0.6,800,30s,N2,,,,,,,,Si,(100),SiO2,0.5,Au,50,p-type,1000000000000000.0,10.0,,,14,,,,,,,,,1e-07,7.5,,,,,,,stable,,,,3.0,2.0,,,,,,,v8,,327
799,Perkins,2005,Appl. Phys. Lett.,10.1063/1.2103393,Dy2O3 CVD 4nm; k=14; MOSFET gate; Dit=500000000000.0,Dy2O3,,0,cubic,4,350,Dy(Cp)3,O2,40,,,,,,,,1.0,700,30s,N2,,,,,,,,Si,(100),SiO2,0.5,TaN,30,p-type,1000000000000000.0,4,1.0,,14,,,,,,,,,5e-07,7.0,,,,,,,stable,500000000000.0,,,,,,,,,,,v8,,328
800,Perkins,2005,Appl. Phys. Lett.,10.1063/1.2103393,Dy2O3 CVD 6nm; k=15; MOSFET gate; Dit=300000000000.0,Dy2O3,,0,cubic,6,350,Dy(Cp)3,O2,60,,,,,,,,1.0,700,30s,N2,,,,,,,,Si,(100),SiO2,0.5,TaN,30,p-type,1000000000000000.0,6,1.4,,15,,,,,,,,,5e-07,7.0,,,,,,,stable,300000000000.0,,,,,,,,,,,v8,,329
801,Perkins,2005,Appl. Phys. Lett.,10.1063/1.2103393,Dy2O3 CVD 8nm; k=16; MOSFET gate; Dit=200000000000.0,Dy2O3,,0,cubic,8,350,Dy(Cp)3,O2,80,,,,,,,,1.0,700,30s,N2,,,,,,,,Si,(100),SiO2,0.5,TaN,30,p-type,1000000000000000.0,8,1.8,,16,,,,,,,,,5e-07,7.0,,,,,,,stable,200000000000.0,,,,,,,,,,,v8,,330
802,Perkins,2005,Appl. Phys. Lett.,10.1063/1.2103393,Dy2O3 CVD 10nm; k=16; MOSFET gate; Dit=200000000000.0,Dy2O3,,0,cubic,10,350,Dy(Cp)3,O2,100,,,,,,,,1.0,700,30s,N2,,,,,,,,Si,(100),SiO2,0.5,TaN,30,p-type,1000000000000000.0,10,2.2,,16,,,,,,,,,5e-07,7.0,,,,,,,stable,200000000000.0,,,,,,,,,,,v8,,331
803,Putkonen,2000,J. Mater. Chem.,10.1039/b000183h,CeO2 Ce(thd)4/O3 175C; k=22; fluorite phase,CeO2,,0,fluorite,10.0,175,Ce(thd)4,O3,100,3,30,5,30,0.0001,,,0.9,700,30s,N2,,,,,,,,Si,(100),SiO2,0.5,Au,50,p-type,1000000000000000.0,10.0,,,22,,,,,,,,,1e-06,6.0,,,,,,,stable,,,,2.5,1.1,,,,,,,v8,,332
804,Putkonen,2000,J. Mater. Chem.,10.1039/b000183h,CeO2 Ce(thd)4/O3 225C; k=26; fluorite phase,CeO2,,0,fluorite,10.0,225,Ce(thd)4,O3,100,3,30,5,30,0.0001,,,0.85,700,30s,N2,,,,,,,,Si,(100),SiO2,0.5,Au,50,p-type,1000000000000000.0,10.0,,,26,,,,,,,,,1e-06,6.0,,,,,,,stable,,,,2.5,1.1,,,,,,,v8,,333
805,Putkonen,2000,J. Mater. Chem.,10.1039/b000183h,CeO2 Ce(thd)4/O3 275C; k=28; fluorite phase,CeO2,,0,fluorite,10.0,275,Ce(thd)4,O3,100,3,30,5,30,0.0001,,,0.8,700,30s,N2,,,,,,,,Si,(100),SiO2,0.5,Au,50,p-type,1000000000000000.0,10.0,,,28,,,,,,,,,1e-06,6.0,,,,,,,stable,,,,2.5,1.1,,,,,,,v8,,334
806,Putkonen,2000,J. Mater. Chem.,10.1039/b000183h,CeO2 Ce(thd)4/O3 325C; k=25; fluorite phase,CeO2,,0,fluorite,10.0,325,Ce(thd)4,O3,100,3,30,5,30,0.0001,,,0.7,700,30s,N2,,,,,,,,Si,(100),SiO2,0.5,Au,50,p-type,1000000000000000.0,10.0,,,25,,,,,,,,,1e-06,6.0,,,,,,,stable,,,,2.5,1.1,,,,,,,v8,,335
807,Putkonen,2000,J. Mater. Chem.,10.1039/b000183h,CeO2 Ce(thd)4/O3 375C; k=20; fluorite phase,CeO2,,0,fluorite,10.0,375,Ce(thd)4,O3,100,3,30,5,30,0.0001,,,0.6,700,30s,N2,,,,,,,,Si,(100),SiO2,0.5,Au,50,p-type,1000000000000000.0,10.0,,,20,,,,,,,,,1e-06,6.0,,,,,,,stable,,,,2.5,1.1,,,,,,,v8,,336
808,Lee,2012,J. Vac. Sci. Technol. B,10.1116/1.4767474,CeO2 ALD 200C; k=24; DRAM capacitor candidate,CeO2,,0,fluorite,8.0,200,Ce(iPrCp)3,O3,80,2,20,4,20,0.0001,,,0.9,600,30s,N2,,,,,,,,Si,(100),SiO2,0.5,TiN,20,p-type,1000000000000000.0,8.0,,,24,,,,,,,,,5e-07,6.5,,,,,,,stable,,,,,,,,,,,,v8,,337
809,Lee,2012,J. Vac. Sci. Technol. B,10.1116/1.4767474,CeO2 ALD 250C; k=28; DRAM capacitor candidate,CeO2,,0,fluorite,8.0,250,Ce(iPrCp)3,O3,80,2,20,4,20,0.0001,,,0.85,600,30s,N2,,,,,,,,Si,(100),SiO2,0.5,TiN,20,p-type,1000000000000000.0,8.0,,,28,,,,,,,,,2e-07,6.5,,,,,,,stable,,,,,,,,,,,,v8,,338
810,Lee,2012,J. Vac. Sci. Technol. B,10.1116/1.4767474,CeO2 ALD 300C; k=30; DRAM capacitor candidate,CeO2,,0,fluorite,8.0,300,Ce(iPrCp)3,O3,80,2,20,4,20,0.0001,,,0.8,600,30s,N2,,,,,,,,Si,(100),SiO2,0.5,TiN,20,p-type,1000000000000000.0,8.0,,,30,,,,,,,,,1e-07,6.5,,,,,,,stable,,,,,,,,,,,,v8,,339
811,Lee,2012,J. Vac. Sci. Technol. B,10.1116/1.4767474,CeO2 ALD 350C; k=27; DRAM capacitor candidate,CeO2,,0,fluorite,8.0,350,Ce(iPrCp)3,O3,80,2,20,4,20,0.0001,,,0.7,600,30s,N2,,,,,,,,Si,(100),SiO2,0.5,TiN,20,p-type,1000000000000000.0,8.0,,,27,,,,,,,,,3e-07,6.5,,,,,,,stable,,,,,,,,,,,,v8,,340
812,Rulof,1996,J. Electrochem. Soc.,10.1149/1.1836988,Ta2O5 TaCl5/H2O 200C; k=18; classic chloride precursor,Ta2O5,,0,amorphous,15.0,200,TaCl5,H2O,150,3,25,5,25,0.0001,,,0.5,700,30s,N2,,,,,,,,Si,(100),SiO2,0.5,TiN,30,p-type,1000000000000000.0,15.0,3.5,,18,,,,,,,,,1e-06,5.0,,,,,,,stable,,,,,,,,,,,,v8,,341
813,Rulof,1996,J. Electrochem. Soc.,10.1149/1.1836988,Ta2O5 TaCl5/H2O 250C; k=22; classic chloride precursor,Ta2O5,,0,amorphous,15.0,250,TaCl5,H2O,150,3,25,5,25,0.0001,,,0.55,700,30s,N2,,,,,,,,Si,(100),SiO2,0.5,TiN,30,p-type,1000000000000000.0,15.0,3.5,,22,,,,,,,,,1e-06,5.0,,,,,,,stable,,,,,,,,,,,,v8,,342
814,Rulof,1996,J. Electrochem. Soc.,10.1149/1.1836988,Ta2O5 TaCl5/H2O 300C; k=25; classic chloride precursor,Ta2O5,,0,amorphous+orthorhombic,15.0,300,TaCl5,H2O,150,3,25,5,25,0.0001,,,0.6,700,30s,N2,,,,,,,,Si,(100),SiO2,0.5,TiN,30,p-type,1000000000000000.0,15.0,3.5,,25,,,,,,,,,1e-06,5.0,,,,,,,stable,,,,,,,,,,,,v8,,343
815,Rulof,1996,J. Electrochem. Soc.,10.1149/1.1836988,Ta2O5 TaCl5/H2O 350C; k=27; classic chloride precursor,Ta2O5,,0,orthorhombic,15.0,350,TaCl5,H2O,150,3,25,5,25,0.0001,,,0.55,700,30s,N2,,,,,,,,Si,(100),SiO2,0.5,TiN,30,p-type,1000000000000000.0,15.0,3.5,,27,,,,,,,,,1e-06,5.0,,,,,,,stable,,,,,,,,,,,,v8,,344
816,Rulof,1996,J. Electrochem. Soc.,10.1149/1.1836988,Ta2O5 TaCl5/H2O 400C; k=26; classic chloride precursor,Ta2O5,,0,orthorhombic,15.0,400,TaCl5,H2O,150,3,25,5,25,0.0001,,,0.5,700,30s,N2,,,,,,,,Si,(100),SiO2,0.5,TiN,30,p-type,1000000000000000.0,15.0,3.5,,26,,,,,,,,,1e-06,5.0,,,,,,,stable,,,,,,,,,,,,v8,,345
817,Cho,2009,J. Electrochem. Soc.,10.1149/1.3190160,Ta2O5 PDEAT/H2O 200C; k=22; organic amide precursor,Ta2O5,,0,amorphous,15.0,200,PDEAT,H2O,150,2,20,4,20,0.0001,,,0.55,600,30s,N2,,,,,,,,TiN,(100),none,0,TiN,30,n-type,1e+18,15.0,,,22,,,,,,0.01,,,5e-07,5.5,,,,,,,stable,,,,,,,,,,,,v8,,346
818,Cho,2009,J. Electrochem. Soc.,10.1149/1.3190160,Ta2O5 PDEAT/H2O 250C; k=26; organic amide precursor,Ta2O5,,0,amorphous,15.0,250,PDEAT,H2O,150,2,20,4,20,0.0001,,,0.6,600,30s,N2,,,,,,,,TiN,(100),none,0,TiN,30,n-type,1e+18,15.0,,,26,,,,,,0.01,,,5e-07,5.5,,,,,,,stable,,,,,,,,,,,,v8,,347
819,Cho,2009,J. Electrochem. Soc.,10.1149/1.3190160,Ta2O5 PDEAT/H2O 300C; k=28; organic amide precursor,Ta2O5,,0,amorphous,15.0,300,PDEAT,H2O,150,2,20,4,20,0.0001,,,0.65,600,30s,N2,,,,,,,,TiN,(100),none,0,TiN,30,n-type,1e+18,15.0,,,28,,,,,,0.01,,,5e-07,5.5,,,,,,,stable,,,,,,,,,,,,v8,,348
820,Cho,2009,J. Electrochem. Soc.,10.1149/1.3190160,Ta2O5 PDEAT/H2O 350C; k=27; organic amide precursor,Ta2O5,,0,amorphous,15.0,350,PDEAT,H2O,150,2,20,4,20,0.0001,,,0.6,600,30s,N2,,,,,,,,TiN,(100),none,0,TiN,30,n-type,1e+18,15.0,,,27,,,,,,0.01,,,5e-07,5.5,,,,,,,stable,,,,,,,,,,,,v8,,349
821,Ritala,1999,Chem. Vap. Deposition,10.1002/(SICI)1521-3862(199901)5:1<7::AID-CVDE7>3.0.CO;2-F,TiO2 TiCl4/H2O 100C; k=40; amorphous,TiO2,,0,amorphous,10.0,100,TiCl4,H2O,100,2,20,3,20,0.0001,,,0.5,500,30s,N2,,,,,,,,Si,(100),SiO2,0.5,Al,50,p-type,1000000000000000.0,10.0,,,40,,,,,,,,,1e-05,2.5,,,,,,,stable,,,,,,,,,,,,v8,,350
822,Ritala,1999,Chem. Vap. Deposition,10.1002/(SICI)1521-3862(199901)5:1<7::AID-CVDE7>3.0.CO;2-F,TiO2 TiCl4/H2O 150C; k=50; anatase,TiO2,,0,anatase,10.0,150,TiCl4,H2O,100,2,20,3,20,0.0001,,,0.55,500,30s,N2,,,,,,,,Si,(100),SiO2,0.5,Al,50,p-type,1000000000000000.0,10.0,,,50,,,,,,,,,1e-05,2.5,,,,,,,stable,,,,,,,,,,,,v8,,351
823,Ritala,1999,Chem. Vap. Deposition,10.1002/(SICI)1521-3862(199901)5:1<7::AID-CVDE7>3.0.CO;2-F,TiO2 TiCl4/H2O 200C; k=60; anatase,TiO2,,0,anatase,10.0,200,TiCl4,H2O,100,2,20,3,20,0.0001,,,0.6,500,30s,N2,,,,,,,,Si,(100),SiO2,0.5,Al,50,p-type,1000000000000000.0,10.0,,,60,,,,,,,,,1e-05,2.5,,,,,,,stable,,,,,,,,,,,,v8,,352
824,Ritala,1999,Chem. Vap. Deposition,10.1002/(SICI)1521-3862(199901)5:1<7::AID-CVDE7>3.0.CO;2-F,TiO2 TiCl4/H2O 250C; k=70; anatase+rutile,TiO2,,0,anatase+rutile,10.0,250,TiCl4,H2O,100,2,20,3,20,0.0001,,,0.55,500,30s,N2,,,,,,,,Si,(100),SiO2,0.5,Al,50,p-type,1000000000000000.0,10.0,,,70,,,,,,,,,1e-05,2.5,,,,,,,stable,,,,,,,,,,,,v8,,353
825,Ritala,1999,Chem. Vap. Deposition,10.1002/(SICI)1521-3862(199901)5:1<7::AID-CVDE7>3.0.CO;2-F,TiO2 TiCl4/H2O 300C; k=75; rutile,TiO2,,0,rutile,10.0,300,TiCl4,H2O,100,2,20,3,20,0.0001,,,0.5,500,30s,N2,,,,,,,,Si,(100),SiO2,0.5,Al,50,p-type,1000000000000000.0,10.0,,,75,,,,,,,,,1e-05,2.5,,,,,,,stable,,,,,,,,,,,,v8,,354
826,Pore,2006,Chem. Vap. Deposition,10.1002/cvde.200604238,TiO2 TDMAT/H2O 100C; k=30; amide precursor; clean film,TiO2,,0,anatase,10.0,100,TDMAT,H2O,100,2,20,3,20,0.0001,,,0.4,500,30s,N2,,,,,,,,Si,(100),SiO2,0.5,Al,50,p-type,1000000000000000.0,10.0,,,30,,,,,,,,,5e-05,2.0,,,,,,,stable,,,,,,,,,,,,v8,,355
827,Pore,2006,Chem. Vap. Deposition,10.1002/cvde.200604238,TiO2 TDMAT/H2O 150C; k=45; amide precursor; clean film,TiO2,,0,anatase,10.0,150,TDMAT,H2O,100,2,20,3,20,0.0001,,,0.5,500,30s,N2,,,,,,,,Si,(100),SiO2,0.5,Al,50,p-type,1000000000000000.0,10.0,,,45,,,,,,,,,5e-05,2.0,,,,,,,stable,,,,,,,,,,,,v8,,356
828,Pore,2006,Chem. Vap. Deposition,10.1002/cvde.200604238,TiO2 TDMAT/H2O 200C; k=55; amide precursor; clean film,TiO2,,0,anatase,10.0,200,TDMAT,H2O,100,2,20,3,20,0.0001,,,0.55,500,30s,N2,,,,,,,,Si,(100),SiO2,0.5,Al,50,p-type,1000000000000000.0,10.0,,,55,,,,,,,,,5e-05,2.0,,,,,,,stable,,,,,,,,,,,,v8,,357
829,Pore,2006,Chem. Vap. Deposition,10.1002/cvde.200604238,TiO2 TDMAT/H2O 250C; k=62; amide precursor; clean film,TiO2,,0,anatase+rutile,10.0,250,TDMAT,H2O,100,2,20,3,20,0.0001,,,0.5,500,30s,N2,,,,,,,,Si,(100),SiO2,0.5,Al,50,p-type,1000000000000000.0,10.0,,,62,,,,,,,,,5e-05,2.0,,,,,,,stable,,,,,,,,,,,,v8,,358
830,Pore,2006,Chem. Vap. Deposition,10.1002/cvde.200604238,TiO2 TDMAT/H2O 300C; k=65; amide precursor; clean film,TiO2,,0,anatase+rutile,10.0,300,TDMAT,H2O,100,2,20,3,20,0.0001,,,0.45,500,30s,N2,,,,,,,,Si,(100),SiO2,0.5,Al,50,p-type,1000000000000000.0,10.0,,,65,,,,,,,,,5e-05,2.0,,,,,,,stable,,,,,,,,,,,,v8,,359
831,Aarik,1997,J. Crystal Growth,10.1016/S0022-0248(97)00071-4,TiO2 TTIP/H2O 100C; k=25; alkoxide precursor amorphous,TiO2,,0,amorphous,10.0,100,TTIP,H2O,100,2,25,3,25,0.0001,,,0.35,,,,,,,,,,,Si,(100),SiO2,0.5,Al,50,p-type,1000000000000000.0,10.0,,,25,,,,,,,,,1e-05,2.5,,,,,,,stable,,,,,,,,,,,,v8,,360
832,Aarik,1997,J. Crystal Growth,10.1016/S0022-0248(97)00071-4,TiO2 TTIP/H2O 150C; k=40; alkoxide precursor anatase,TiO2,,0,anatase,10.0,150,TTIP,H2O,100,2,25,3,25,0.0001,,,0.4,,,,,,,,,,,Si,(100),SiO2,0.5,Al,50,p-type,1000000000000000.0,10.0,,,40,,,,,,,,,1e-05,2.5,,,,,,,stable,,,,,,,,,,,,v8,,361
833,Aarik,1997,J. Crystal Growth,10.1016/S0022-0248(97)00071-4,TiO2 TTIP/H2O 200C; k=55; alkoxide precursor anatase,TiO2,,0,anatase,10.0,200,TTIP,H2O,100,2,25,3,25,0.0001,,,0.45,,,,,,,,,,,Si,(100),SiO2,0.5,Al,50,p-type,1000000000000000.0,10.0,,,55,,,,,,,,,1e-05,2.5,,,,,,,stable,,,,,,,,,,,,v8,,362
834,Aarik,1997,J. Crystal Growth,10.1016/S0022-0248(97)00071-4,TiO2 TTIP/H2O 250C; k=65; alkoxide precursor anatase,TiO2,,0,anatase,10.0,250,TTIP,H2O,100,2,25,3,25,0.0001,,,0.4,,,,,,,,,,,Si,(100),SiO2,0.5,Al,50,p-type,1000000000000000.0,10.0,,,65,,,,,,,,,1e-05,2.5,,,,,,,stable,,,,,,,,,,,,v8,,363
835,Aarik,1997,J. Crystal Growth,10.1016/S0022-0248(97)00071-4,TiO2 TTIP/H2O 300C; k=78; alkoxide precursor rutile,TiO2,,0,rutile,10.0,300,TTIP,H2O,100,2,25,3,25,0.0001,,,0.35,,,,,,,,,,,Si,(100),SiO2,0.5,Al,50,p-type,1000000000000000.0,10.0,,,78,,,,,,,,,1e-05,2.5,,,,,,,stable,,,,,,,,,,,,v8,,364
836,Aarik,1997,J. Crystal Growth,10.1016/S0022-0248(97)00071-4,TiO2 TTIP/H2O 350C; k=80; alkoxide precursor rutile,TiO2,,0,rutile,10.0,350,TTIP,H2O,100,2,25,3,25,0.0001,,,0.3,,,,,,,,,,,Si,(100),SiO2,0.5,Al,50,p-type,1000000000000000.0,10.0,,,80,,,,,,,,,1e-05,2.5,,,,,,,stable,,,,,,,,,,,,v8,,365
837,Aarik,2002,Thin Solid Films,10.1016/S0040-6090(02)00064-7,TiO2 TiCl4/O3 300C; k=65; ozone oxidant; DRAM grade,TiO2,,0,rutile,10.0,300,TiCl4,O3,100,2,20,4,20,0.0001,,,0.45,600,30s,N2,,,,,,,,TiN,,none,0,TiN,20,n-type,1e+18,10.0,,,65,,,,,,,,,0.0001,2.0,,,,,,,stable,,,,,,,,,,,,v8,,366
838,Aarik,2002,Thin Solid Films,10.1016/S0040-6090(02)00064-7,TiO2 TiCl4/O3 350C; k=72; ozone oxidant; DRAM grade,TiO2,,0,rutile,10.0,350,TiCl4,O3,100,2,20,4,20,0.0001,,,0.4,600,30s,N2,,,,,,,,TiN,,none,0,TiN,20,n-type,1e+18,10.0,,,72,,,,,,,,,0.0001,2.0,,,,,,,stable,,,,,,,,,,,,v8,,367
839,Aarik,2002,Thin Solid Films,10.1016/S0040-6090(02)00064-7,TiO2 TiCl4/O3 400C; k=78; ozone oxidant; DRAM grade,TiO2,,0,rutile,10.0,400,TiCl4,O3,100,2,20,4,20,0.0001,,,0.35,600,30s,N2,,,,,,,,TiN,,none,0,TiN,20,n-type,1e+18,10.0,,,78,,,,,,,,,0.0001,2.0,,,,,,,stable,,,,,,,,,,,,v8,,368
840,Aarik,2002,Thin Solid Films,10.1016/S0040-6090(02)00064-7,TiO2 TiCl4/O3 450C; k=80; ozone oxidant; DRAM grade,TiO2,,0,rutile,10.0,450,TiCl4,O3,100,2,20,4,20,0.0001,,,0.3,600,30s,N2,,,,,,,,TiN,,none,0,TiN,20,n-type,1e+18,10.0,,,80,,,,,,,,,0.0001,2.0,,,,,,,stable,,,,,,,,,,,,v8,,369
841,Gong,2008,Appl. Phys. Lett.,10.1063/1.2981293,HfTiO Ti=0% ALD 300C; k=20; Ti-doped HfO2,HfTiO,Ti,0,monoclinic,10.0,300,TEMAH+TDMAT,H2O,100,,,,,,0,,1.0,700,30s,N2,50,21000,,,,,,Si,(100),SiO2,0.5,TaN,30,p-type,1000000000000000.0,10.0,1.0,,20,,,,,,,,,1e-07,7.0,,,,,,,stable,,,,,,,,,,,,v8,,370
842,Gong,2008,Appl. Phys. Lett.,10.1063/1.2981293,HfTiO Ti=5% ALD 300C; k=25; Ti-doped HfO2,HfTiO,Ti,5,amorphous,10.0,300,TEMAH+TDMAT,H2O,100,,,,,,5,,1.05,700,30s,N2,50,21000,,,,,,Si,(100),SiO2,0.5,TaN,30,p-type,1000000000000000.0,10.0,1.0,,25,,,,,,,,,1e-07,7.0,,,,,,,stable,,,,,,,,,,,,v8,,371
843,Gong,2008,Appl. Phys. Lett.,10.1063/1.2981293,HfTiO Ti=10% ALD 300C; k=30; Ti-doped HfO2,HfTiO,Ti,10,amorphous,10.0,300,TEMAH+TDMAT,H2O,100,,,,,,10,,1.1,700,30s,N2,50,21000,,,,,,Si,(100),SiO2,0.5,TaN,30,p-type,1000000000000000.0,10.0,1.0,,30,,,,,,,,,1e-07,7.0,,,,,,,stable,,,,,,,,,,,,v8,,372
844,Gong,2008,Appl. Phys. Lett.,10.1063/1.2981293,HfTiO Ti=20% ALD 300C; k=35; Ti-doped HfO2,HfTiO,Ti,20,amorphous,10.0,300,TEMAH+TDMAT,H2O,100,,,,,,20,,1.0,700,30s,N2,50,21000,,,,,,Si,(100),SiO2,0.5,TaN,30,p-type,1000000000000000.0,10.0,1.0,,35,,,,,,,,,1e-07,7.0,,,,,,,stable,,,,,,,,,,,,v8,,373
845,Gong,2008,Appl. Phys. Lett.,10.1063/1.2981293,HfTiO Ti=30% ALD 300C; k=38; Ti-doped HfO2,HfTiO,Ti,30,amorphous,10.0,300,TEMAH+TDMAT,H2O,100,,,,,,30,,0.95,700,30s,N2,50,21000,,,,,,Si,(100),SiO2,0.5,TaN,30,p-type,1000000000000000.0,10.0,1.0,,38,,,,,,,,,1e-07,7.0,,,,,,,stable,,,,,,,,,,,,v8,,374
846,Gong,2008,Appl. Phys. Lett.,10.1063/1.2981293,HfTiO Ti=50% ALD 300C; k=28; Ti-doped HfO2,HfTiO,Ti,50,anatase+amorphous,10.0,300,TEMAH+TDMAT,H2O,100,,,,,,50,,0.9,700,30s,N2,50,21000,,,,,,Si,(100),SiO2,0.5,TaN,30,p-type,1000000000000000.0,10.0,1.0,,28,,,,,,,,,1e-07,7.0,,,,,,,stable,,,,,,,,,,,,v8,,375
847,Zhao,2010,Microelectron. Eng.,10.1016/j.mee.2010.02.003,HfGdO Gd=0% ALD 300C; k=20; EOT=1.2nm,HfGdO,Gd,0,monoclinic,8.0,300,TEMAH+Gd(thd)3,O3,80,,,,,,0,,1.0,700,30s,N2,50,21000,,,,,,Si,(100),SiO2,0.5,TiN,20,p-type,1000000000000000.0,8.0,1.2,,20,,,,,,,,,1e-07,8.0,,,,,,,stable,,,,,,,,,,,,v8,,376
848,Zhao,2010,Microelectron. Eng.,10.1016/j.mee.2010.02.003,HfGdO Gd=3% ALD 300C; k=25; EOT=1.0nm,HfGdO,Gd,3,monoclinic,8.0,300,TEMAH+Gd(thd)3,O3,80,,,,,,3,,1.0,700,30s,N2,50,21000,,,,,,Si,(100),SiO2,0.5,TiN,20,p-type,1000000000000000.0,8.0,1.0,,25,,,,,,,,,8e-08,8.0,,,,,,,stable,,,,,,,,,,,,v8,,377
849,Zhao,2010,Microelectron. Eng.,10.1016/j.mee.2010.02.003,HfGdO Gd=5% ALD 300C; k=28; EOT=0.9nm,HfGdO,Gd,5,amorphous,8.0,300,TEMAH+Gd(thd)3,O3,80,,,,,,5,,1.0,700,30s,N2,50,21000,,,,,,Si,(100),SiO2,0.5,TiN,20,p-type,1000000000000000.0,8.0,0.9,,28,,,,,,,,,5e-08,8.0,,,,,,,stable,,,,,,,,,,,,v8,,378
850,Zhao,2010,Microelectron. Eng.,10.1016/j.mee.2010.02.003,HfGdO Gd=8% ALD 300C; k=32; EOT=0.85nm,HfGdO,Gd,8,amorphous,8.0,300,TEMAH+Gd(thd)3,O3,80,,,,,,8,,1.0,700,30s,N2,50,21000,,,,,,Si,(100),SiO2,0.5,TiN,20,p-type,1000000000000000.0,8.0,0.85,,32,,,,,,,,,3e-08,8.0,,,,,,,stable,,,,,,,,,,,,v8,,379
851,Zhao,2010,Microelectron. Eng.,10.1016/j.mee.2010.02.003,HfGdO Gd=10% ALD 300C; k=30; EOT=0.9nm,HfGdO,Gd,10,amorphous,8.0,300,TEMAH+Gd(thd)3,O3,80,,,,,,10,,1.0,700,30s,N2,50,21000,,,,,,Si,(100),SiO2,0.5,TiN,20,p-type,1000000000000000.0,8.0,0.9,,30,,,,,,,,,5e-08,8.0,,,,,,,stable,,,,,,,,,,,,v8,,380
852,Zhao,2010,Microelectron. Eng.,10.1016/j.mee.2010.02.003,HfGdO Gd=15% ALD 300C; k=26; EOT=1.0nm,HfGdO,Gd,15,amorphous,8.0,300,TEMAH+Gd(thd)3,O3,80,,,,,,15,,1.0,700,30s,N2,50,21000,,,,,,Si,(100),SiO2,0.5,TiN,20,p-type,1000000000000000.0,8.0,1.0,,26,,,,,,,,,1e-07,8.0,,,,,,,stable,,,,,,,,,,,,v8,,381
853,Kukli,2006,Electrochem. Solid-State Lett.,10.1149/1.2362729,HfDyO Dy=0% 300C; k=20; Dy-doped HfO2,HfDyO,Dy,0,monoclinic+amorphous,10.0,300,TEMAH+Dy(thd)3,O3,100,,,,,,0,,1.0,700,30s,N2,,,,,,,,Si,(100),SiO2,0.5,TiN,20,p-type,1000000000000000.0,10.0,,,20,,,,,,,,,5e-08,8.5,,,,,,,stable,,,,,,,,,,,,v8,,382
854,Kukli,2006,Electrochem. Solid-State Lett.,10.1149/1.2362729,HfDyO Dy=5% 300C; k=24; Dy-doped HfO2,HfDyO,Dy,5,monoclinic+amorphous,10.0,300,TEMAH+Dy(thd)3,O3,100,,,,,,5,,1.0,700,30s,N2,,,,,,,,Si,(100),SiO2,0.5,TiN,20,p-type,1000000000000000.0,10.0,,,24,,,,,,,,,5e-08,8.5,,,,,,,stable,,,,,,,,,,,,v8,,383
855,Kukli,2006,Electrochem. Solid-State Lett.,10.1149/1.2362729,HfDyO Dy=10% 300C; k=28; Dy-doped HfO2,HfDyO,Dy,10,amorphous,10.0,300,TEMAH+Dy(thd)3,O3,100,,,,,,10,,1.0,700,30s,N2,,,,,,,,Si,(100),SiO2,0.5,TiN,20,p-type,1000000000000000.0,10.0,,,28,,,,,,,,,5e-08,8.5,,,,,,,stable,,,,,,,,,,,,v8,,384
856,Kukli,2006,Electrochem. Solid-State Lett.,10.1149/1.2362729,HfDyO Dy=15% 300C; k=30; Dy-doped HfO2,HfDyO,Dy,15,amorphous,10.0,300,TEMAH+Dy(thd)3,O3,100,,,,,,15,,0.95,700,30s,N2,,,,,,,,Si,(100),SiO2,0.5,TiN,20,p-type,1000000000000000.0,10.0,,,30,,,,,,,,,5e-08,8.5,,,,,,,stable,,,,,,,,,,,,v8,,385
857,Kukli,2006,Electrochem. Solid-State Lett.,10.1149/1.2362729,HfDyO Dy=20% 300C; k=29; Dy-doped HfO2,HfDyO,Dy,20,amorphous,10.0,300,TEMAH+Dy(thd)3,O3,100,,,,,,20,,0.9,700,30s,N2,,,,,,,,Si,(100),SiO2,0.5,TiN,20,p-type,1000000000000000.0,10.0,,,29,,,,,,,,,5e-08,8.5,,,,,,,stable,,,,,,,,,,,,v8,,386
858,Kukli,2006,Electrochem. Solid-State Lett.,10.1149/1.2362729,HfDyO Dy=30% 300C; k=25; Dy-doped HfO2,HfDyO,Dy,30,amorphous,10.0,300,TEMAH+Dy(thd)3,O3,100,,,,,,30,,0.85,700,30s,N2,,,,,,,,Si,(100),SiO2,0.5,TiN,20,p-type,1000000000000000.0,10.0,,,25,,,,,,,,,5e-08,8.5,,,,,,,stable,,,,,,,,,,,,v8,,387
859,Wang,2016,Appl. Surface Science,10.1016/j.apsusc.2016.04.055,HfCeO Ce=0% 300C; k=20; cubic-phase stabilization,HfCeO,Ce,0,tetragonal+monoclinic,8.0,300,TEMAH+Ce(iPrCp)3,O3,80,,,,,,0,,1.0,700,30s,N2,,,,,,,,Si,(100),SiO2,0.5,TiN,20,p-type,1000000000000000.0,8.0,1.2,,20,,,,,,,,,1e-07,7.5,,,,,,,stable,,,,,,,,,,,,v8,,388
860,Wang,2016,Appl. Surface Science,10.1016/j.apsusc.2016.04.055,HfCeO Ce=3% 300C; k=26; cubic-phase stabilization,HfCeO,Ce,3,tetragonal+monoclinic,8.0,300,TEMAH+Ce(iPrCp)3,O3,80,,,,,,3,,1.0,700,30s,N2,,,,,,,,Si,(100),SiO2,0.5,TiN,20,p-type,1000000000000000.0,8.0,0.95,,26,,,,,,,,,1e-07,7.5,,,,,,,stable,,,,,,,,,,,,v8,,389
861,Wang,2016,Appl. Surface Science,10.1016/j.apsusc.2016.04.055,HfCeO Ce=5% 300C; k=30; cubic-phase stabilization,HfCeO,Ce,5,cubic,8.0,300,TEMAH+Ce(iPrCp)3,O3,80,,,,,,5,,1.0,700,30s,N2,,,,,,,,Si,(100),SiO2,0.5,TiN,20,p-type,1000000000000000.0,8.0,0.85,,30,,,,,,,,,1e-07,7.5,,,,,,,stable,,,,,,,,,,,,v8,,390
862,Wang,2016,Appl. Surface Science,10.1016/j.apsusc.2016.04.055,HfCeO Ce=8% 300C; k=34; cubic-phase stabilization,HfCeO,Ce,8,cubic,8.0,300,TEMAH+Ce(iPrCp)3,O3,80,,,,,,8,,1.0,700,30s,N2,,,,,,,,Si,(100),SiO2,0.5,TiN,20,p-type,1000000000000000.0,8.0,0.8,,34,,,,,,,,,1e-07,7.5,,,,,,,stable,,,,,,,,,,,,v8,,391
863,Wang,2016,Appl. Surface Science,10.1016/j.apsusc.2016.04.055,HfCeO Ce=10% 300C; k=32; cubic-phase stabilization,HfCeO,Ce,10,cubic,8.0,300,TEMAH+Ce(iPrCp)3,O3,80,,,,,,10,,1.0,700,30s,N2,,,,,,,,Si,(100),SiO2,0.5,TiN,20,p-type,1000000000000000.0,8.0,0.85,,32,,,,,,,,,1e-07,7.5,,,,,,,stable,,,,,,,,,,,,v8,,392
864,Wang,2016,Appl. Surface Science,10.1016/j.apsusc.2016.04.055,HfCeO Ce=15% 300C; k=28; cubic-phase stabilization,HfCeO,Ce,15,cubic,8.0,300,TEMAH+Ce(iPrCp)3,O3,80,,,,,,15,,1.0,700,30s,N2,,,,,,,,Si,(100),SiO2,0.5,TiN,20,p-type,1000000000000000.0,8.0,0.9,,28,,,,,,,,,1e-07,7.5,,,,,,,stable,,,,,,,,,,,,v8,,393
865,Machala,2019,J. Phys. Chem. C,10.1021/acs.jpcc.9b00972,HfScO Sc=0% ALD 300C; k=20; monoclinic,HfScO,Sc,0,monoclinic,10.0,300,TEMAH+Sc(Cp)3,O3,100,,,,,,0,,1.0,700,30s,N2,,,,,,,,Si,(100),SiO2,0.5,TiN,20,p-type,1000000000000000.0,10.0,1.0,,20,,,,,,,,,5e-08,8.5,,,,,,,stable,,,,,,,,,,,,v8,,394
866,Machala,2019,J. Phys. Chem. C,10.1021/acs.jpcc.9b00972,HfScO Sc=2% ALD 300C; k=22; tetragonal+monoclinic,HfScO,Sc,2,tetragonal+monoclinic,10.0,300,TEMAH+Sc(Cp)3,O3,100,,,,,,2,,1.0,700,30s,N2,,,,,,,,Si,(100),SiO2,0.5,TiN,20,p-type,1000000000000000.0,10.0,1.0,,22,,,,,,,,,5e-08,8.5,,,,,,,stable,,,,,,,,,,,,v8,,395
867,Machala,2019,J. Phys. Chem. C,10.1021/acs.jpcc.9b00972,HfScO Sc=4% ALD 300C; k=26; tetragonal,HfScO,Sc,4,tetragonal,10.0,300,TEMAH+Sc(Cp)3,O3,100,,,,,,4,,1.0,700,30s,N2,,,,,,,,Si,(100),SiO2,0.5,TiN,20,p-type,1000000000000000.0,10.0,1.0,,26,,,,,,,,,5e-08,8.5,,,,,,,stable,,,,,,,,,,,,v8,,396
868,Machala,2019,J. Phys. Chem. C,10.1021/acs.jpcc.9b00972,HfScO Sc=6% ALD 300C; k=28; tetragonal,HfScO,Sc,6,tetragonal,10.0,300,TEMAH+Sc(Cp)3,O3,100,,,,,,6,,1.0,700,30s,N2,,,,,,,,Si,(100),SiO2,0.5,TiN,20,p-type,1000000000000000.0,10.0,1.0,,28,,,,,,,,,5e-08,8.5,,,,,,,stable,,,,,,,,,,,,v8,,397
869,Machala,2019,J. Phys. Chem. C,10.1021/acs.jpcc.9b00972,HfScO Sc=8% ALD 300C; k=30; cubic,HfScO,Sc,8,cubic,10.0,300,TEMAH+Sc(Cp)3,O3,100,,,,,,8,,1.0,700,30s,N2,,,,,,,,Si,(100),SiO2,0.5,TiN,20,p-type,1000000000000000.0,10.0,1.0,,30,,,,,,,,,5e-08,8.5,,,,,,,stable,,,,,,,,,,,,v8,,398
870,Machala,2019,J. Phys. Chem. C,10.1021/acs.jpcc.9b00972,HfScO Sc=10% ALD 300C; k=29; cubic,HfScO,Sc,10,cubic,10.0,300,TEMAH+Sc(Cp)3,O3,100,,,,,,10,,1.0,700,30s,N2,,,,,,,,Si,(100),SiO2,0.5,TiN,20,p-type,1000000000000000.0,10.0,1.0,,29,,,,,,,,,5e-08,8.5,,,,,,,stable,,,,,,,,,,,,v8,,399
871,Machala,2019,J. Phys. Chem. C,10.1021/acs.jpcc.9b00972,HfScO Sc=15% ALD 300C; k=25; cubic,HfScO,Sc,15,cubic,10.0,300,TEMAH+Sc(Cp)3,O3,100,,,,,,15,,1.0,700,30s,N2,,,,,,,,Si,(100),SiO2,0.5,TiN,20,p-type,1000000000000000.0,10.0,1.0,,25,,,,,,,,,5e-08,8.5,,,,,,,stable,,,,,,,,,,,,v8,,400
872,Niinisto,2008,Chem. Mater.,10.1021/cm8003158,HfNbO Nb=0% 300C; k=20; monoclinic,HfNbO,Nb,0,monoclinic,10.0,300,TEMAH+Nb(OEt)5,H2O,100,,,,,,0,,1.0,700,30s,N2,,,,,,,,Si,(100),SiO2,0.5,TiN,20,p-type,1000000000000000.0,10.0,,,20,,,,,,,,,1e-07,7.5,,,,,,,stable,,,,,,,,,,,,v8,,401
873,Niinisto,2008,Chem. Mater.,10.1021/cm8003158,HfNbO Nb=5% 300C; k=24; tetragonal,HfNbO,Nb,5,tetragonal,10.0,300,TEMAH+Nb(OEt)5,H2O,100,,,,,,5,,1.0,700,30s,N2,,,,,,,,Si,(100),SiO2,0.5,TiN,20,p-type,1000000000000000.0,10.0,,,24,,,,,,,,,1e-07,7.5,,,,,,,stable,,,,,,,,,,,,v8,,402
874,Niinisto,2008,Chem. Mater.,10.1021/cm8003158,HfNbO Nb=10% 300C; k=28; tetragonal,HfNbO,Nb,10,tetragonal,10.0,300,TEMAH+Nb(OEt)5,H2O,100,,,,,,10,,1.0,700,30s,N2,,,,,,,,Si,(100),SiO2,0.5,TiN,20,p-type,1000000000000000.0,10.0,,,28,,,,,,,,,1e-07,7.5,,,,,,,stable,,,,,,,,,,,,v8,,403
875,Niinisto,2008,Chem. Mater.,10.1021/cm8003158,HfNbO Nb=15% 300C; k=30; tetragonal+cubic,HfNbO,Nb,15,tetragonal+cubic,10.0,300,TEMAH+Nb(OEt)5,H2O,100,,,,,,15,,1.0,700,30s,N2,,,,,,,,Si,(100),SiO2,0.5,TiN,20,p-type,1000000000000000.0,10.0,,,30,,,,,,,,,1e-07,7.5,,,,,,,stable,,,,,,,,,,,,v8,,404
876,Niinisto,2008,Chem. Mater.,10.1021/cm8003158,HfNbO Nb=20% 300C; k=28; cubic,HfNbO,Nb,20,cubic,10.0,300,TEMAH+Nb(OEt)5,H2O,100,,,,,,20,,1.0,700,30s,N2,,,,,,,,Si,(100),SiO2,0.5,TiN,20,p-type,1000000000000000.0,10.0,,,28,,,,,,,,,1e-07,7.5,,,,,,,stable,,,,,,,,,,,,v8,,405
877,Niinisto,2008,Chem. Mater.,10.1021/cm8003158,HfNbO Nb=25% 300C; k=25; cubic,HfNbO,Nb,25,cubic,10.0,300,TEMAH+Nb(OEt)5,H2O,100,,,,,,25,,1.0,700,30s,N2,,,,,,,,Si,(100),SiO2,0.5,TiN,20,p-type,1000000000000000.0,10.0,,,25,,,,,,,,,1e-07,7.5,,,,,,,stable,,,,,,,,,,,,v8,,406
878,Zhao,2009,Appl. Phys. Lett.,10.1063/1.3143626,ZrSiO Si=0% 300C; k=32; Si reduces k but improves thermal stability,ZrSiO,Si,0,tetragonal,5.0,300,TDMAZ+TEOS,O3,50,,,,,,0,,1.0,900,30s,N2,,,,,,,,Si,(100),SiO2,0.5,TaN,30,p-type,1000000000000000.0,5.0,0.9,,32,,,,,,,,,1e-07,8.5,,,,,,,stable,,,,,,,,,,,,v8,,407
879,Zhao,2009,Appl. Phys. Lett.,10.1063/1.3143626,ZrSiO Si=5% 300C; k=25; Si reduces k but improves thermal stability,ZrSiO,Si,5,amorphous,5.0,300,TDMAZ+TEOS,O3,50,,,,,,5,,1.0,900,30s,N2,,,,,,,,Si,(100),SiO2,0.5,TaN,30,p-type,1000000000000000.0,5.0,1.0,,25,,,,,,,,,1e-07,8.5,,,,,,,stable,,,,,,,,,,,,v8,,408
880,Zhao,2009,Appl. Phys. Lett.,10.1063/1.3143626,ZrSiO Si=10% 300C; k=20; Si reduces k but improves thermal stability,ZrSiO,Si,10,amorphous,5.0,300,TDMAZ+TEOS,O3,50,,,,,,10,,1.0,900,30s,N2,,,,,,,,Si,(100),SiO2,0.5,TaN,30,p-type,1000000000000000.0,5.0,1.1,,20,,,,,,,,,1e-07,8.5,,,,,,,stable,,,,,,,,,,,,v8,,409
881,Zhao,2009,Appl. Phys. Lett.,10.1063/1.3143626,ZrSiO Si=15% 300C; k=16; Si reduces k but improves thermal stability,ZrSiO,Si,15,amorphous,5.0,300,TDMAZ+TEOS,O3,50,,,,,,15,,1.0,900,30s,N2,,,,,,,,Si,(100),SiO2,0.5,TaN,30,p-type,1000000000000000.0,5.0,1.3,,16,,,,,,,,,1e-07,8.5,,,,,,,stable,,,,,,,,,,,,v8,,410
882,Zhao,2009,Appl. Phys. Lett.,10.1063/1.3143626,ZrSiO Si=20% 300C; k=13; Si reduces k but improves thermal stability,ZrSiO,Si,20,amorphous,5.0,300,TDMAZ+TEOS,O3,50,,,,,,20,,1.0,900,30s,N2,,,,,,,,Si,(100),SiO2,0.5,TaN,30,p-type,1000000000000000.0,5.0,1.6,,13,,,,,,,,,1e-07,8.5,,,,,,,stable,,,,,,,,,,,,v8,,411
883,Kyrkis,2021,J. Mater. Chem. C,10.1039/D1TC00501D,LaYO La=100% ALD 300C; k=27; mixed rare-earth oxide,LaYO,Y,0,hexagonal,10.0,300,La(NMe2iPr)3+Y(thd)3,O3,100,,,,,,0,,0.9,700,30s,N2,,,,,,,,Si,(100),SiO2,0.5,TaN,30,p-type,1000000000000000.0,10.0,1.2,,27,,,,,,,,,1e-07,7.5,,,,,,,stable,,,,,,,,,,,,v8,,412
884,Kyrkis,2021,J. Mater. Chem. C,10.1039/D1TC00501D,LaYO La=75% ALD 300C; k=24; mixed rare-earth oxide,LaYO,Y,25,amorphous,10.0,300,La(NMe2iPr)3+Y(thd)3,O3,100,,,,,,25,,0.9,700,30s,N2,,,,,,,,Si,(100),SiO2,0.5,TaN,30,p-type,1000000000000000.0,10.0,1.2,,24,,,,,,,,,1e-07,7.5,,,,,,,stable,,,,,,,,,,,,v8,,413
885,Kyrkis,2021,J. Mater. Chem. C,10.1039/D1TC00501D,LaYO La=50% ALD 300C; k=20; mixed rare-earth oxide,LaYO,Y,50,cubic,10.0,300,La(NMe2iPr)3+Y(thd)3,O3,100,,,,,,50,,0.9,700,30s,N2,,,,,,,,Si,(100),SiO2,0.5,TaN,30,p-type,1000000000000000.0,10.0,1.2,,20,,,,,,,,,1e-07,7.5,,,,,,,stable,,,,,,,,,,,,v8,,414
886,Kyrkis,2021,J. Mater. Chem. C,10.1039/D1TC00501D,LaYO La=25% ALD 300C; k=17; mixed rare-earth oxide,LaYO,Y,75,cubic,10.0,300,La(NMe2iPr)3+Y(thd)3,O3,100,,,,,,75,,0.9,700,30s,N2,,,,,,,,Si,(100),SiO2,0.5,TaN,30,p-type,1000000000000000.0,10.0,1.2,,17,,,,,,,,,1e-07,7.5,,,,,,,stable,,,,,,,,,,,,v8,,415
887,Kyrkis,2021,J. Mater. Chem. C,10.1039/D1TC00501D,LaYO La=0% ALD 300C; k=15; mixed rare-earth oxide,LaYO,Y,100,cubic,10.0,300,La(NMe2iPr)3+Y(thd)3,O3,100,,,,,,100,,0.9,700,30s,N2,,,,,,,,Si,(100),SiO2,0.5,TaN,30,p-type,1000000000000000.0,10.0,1.2,,15,,,,,,,,,1e-07,7.5,,,,,,,stable,,,,,,,,,,,,v8,,416
888,Kim,2016,J. Alloys Compounds,10.1016/j.jallcom.2016.05.018,AlTiO Al=0% ALD 250C; k=55; Al lowers k but improves EBD,AlTiO,Al,0,anatase,10.0,250,TMA+TDMAT,H2O,100,,,,,,0,,0.8,500,30s,N2,,,,,,,,Si,(100),SiO2,0.5,Al,50,p-type,1000000000000000.0,10.0,,,55,,,,,,,,,1e-08,8.0,,,,,,,stable,,,,,,,,,,,,v8,,417
889,Kim,2016,J. Alloys Compounds,10.1016/j.jallcom.2016.05.018,AlTiO Al=10% ALD 250C; k=35; Al lowers k but improves EBD,AlTiO,Al,10,amorphous,10.0,250,TMA+TDMAT,H2O,100,,,,,,10,,0.8,500,30s,N2,,,,,,,,Si,(100),SiO2,0.5,Al,50,p-type,1000000000000000.0,10.0,,,35,,,,,,,,,1e-08,8.0,,,,,,,stable,,,,,,,,,,,,v8,,418
890,Kim,2016,J. Alloys Compounds,10.1016/j.jallcom.2016.05.018,AlTiO Al=20% ALD 250C; k=25; Al lowers k but improves EBD,AlTiO,Al,20,amorphous,10.0,250,TMA+TDMAT,H2O,100,,,,,,20,,0.8,500,30s,N2,,,,,,,,Si,(100),SiO2,0.5,Al,50,p-type,1000000000000000.0,10.0,,,25,,,,,,,,,1e-08,8.0,,,,,,,stable,,,,,,,,,,,,v8,,419
891,Kim,2016,J. Alloys Compounds,10.1016/j.jallcom.2016.05.018,AlTiO Al=30% ALD 250C; k=18; Al lowers k but improves EBD,AlTiO,Al,30,amorphous,10.0,250,TMA+TDMAT,H2O,100,,,,,,30,,0.8,500,30s,N2,,,,,,,,Si,(100),SiO2,0.5,Al,50,p-type,1000000000000000.0,10.0,,,18,,,,,,,,,1e-08,8.0,,,,,,,stable,,,,,,,,,,,,v8,,420
892,Kim,2016,J. Alloys Compounds,10.1016/j.jallcom.2016.05.018,AlTiO Al=50% ALD 250C; k=12; Al lowers k but improves EBD,AlTiO,Al,50,amorphous,10.0,250,TMA+TDMAT,H2O,100,,,,,,50,,0.8,500,30s,N2,,,,,,,,Si,(100),SiO2,0.5,Al,50,p-type,1000000000000000.0,10.0,,,12,,,,,,,,,1e-08,8.0,,,,,,,stable,,,,,,,,,,,,v8,,421
893,Kim,2016,J. Alloys Compounds,10.1016/j.jallcom.2016.05.018,AlTiO Al=100% ALD 250C; k=7.5; Al lowers k but improves EBD,AlTiO,Al,100,amorphous,10.0,250,TMA+TDMAT,H2O,100,,,,,,100,,0.8,500,30s,N2,,,,,,,,Si,(100),SiO2,0.5,Al,50,p-type,1000000000000000.0,10.0,,,7.5,,,,,,,,,1e-08,8.0,,,,,,,stable,,,,,,,,,,,,v8,,422
894,Park,2016,J. Appl. Phys.,10.1063/1.4959607,HfO2/TiO2 nanolaminate 1:1 ALD 300C; k=28; EOT=1.0nm,HfO2/TiO2_nanolaminate,Ti,30,amorphous,10.0,300,TEMAH+TDMAT,H2O,100,,,,,,,,1.0,600,30s,N2,,,,,,,,Si,(100),SiO2,0.5,TiN,20,p-type,1000000000000000.0,10.0,1.0,,28,,,,,,,,,5e-08,8.0,,,,,,,stable,,,,,,,,,,,,v8,,423
895,Park,2016,J. Appl. Phys.,10.1063/1.4959607,HfO2/TiO2 nanolaminate 2:1 ALD 300C; k=24; EOT=1.1nm,HfO2/TiO2_nanolaminate,Ti,30,amorphous,10.0,300,TEMAH+TDMAT,H2O,100,,,,,,,,1.0,600,30s,N2,,,,,,,,Si,(100),SiO2,0.5,TiN,20,p-type,1000000000000000.0,10.0,1.1,,24,,,,,,,,,5e-08,8.0,,,,,,,stable,,,,,,,,,,,,v8,,424
896,Park,2016,J. Appl. Phys.,10.1063/1.4959607,HfO2/TiO2 nanolaminate 3:1 ALD 300C; k=22; EOT=1.15nm,HfO2/TiO2_nanolaminate,Ti,30,amorphous,10.0,300,TEMAH+TDMAT,H2O,100,,,,,,,,1.0,600,30s,N2,,,,,,,,Si,(100),SiO2,0.5,TiN,20,p-type,1000000000000000.0,10.0,1.15,,22,,,,,,,,,5e-08,8.0,,,,,,,stable,,,,,,,,,,,,v8,,425
897,Park,2016,J. Appl. Phys.,10.1063/1.4959607,HfO2/TiO2 nanolaminate 1:2 ALD 300C; k=32; EOT=0.95nm,HfO2/TiO2_nanolaminate,Ti,30,amorphous,10.0,300,TEMAH+TDMAT,H2O,100,,,,,,,,1.0,600,30s,N2,,,,,,,,Si,(100),SiO2,0.5,TiN,20,p-type,1000000000000000.0,10.0,0.95,,32,,,,,,,,,5e-08,8.0,,,,,,,stable,,,,,,,,,,,,v8,,426
898,Park,2016,J. Appl. Phys.,10.1063/1.4959607,HfO2/TiO2 nanolaminate 1:3 ALD 300C; k=38; EOT=0.85nm,HfO2/TiO2_nanolaminate,Ti,30,amorphous,10.0,300,TEMAH+TDMAT,H2O,100,,,,,,,,1.0,600,30s,N2,,,,,,,,Si,(100),SiO2,0.5,TiN,20,p-type,1000000000000000.0,10.0,0.85,,38,,,,,,,,,5e-08,8.0,,,,,,,stable,,,,,,,,,,,,v8,,427
899,Klenov,2005,Appl. Phys. Lett.,10.1063/1.2040014,SrHfO3 Sr=0% ALD 300C; k=20; perovskite high-k,SrHfO3,Sr,0,monoclinic,10.0,300,TEMAH+Sr(thd)2,O3,100,,,,,,0,,1.0,800,60s,O2,,,,,,,,Si,(100),SrSiOx,0.5,Pt,30,p-type,1000000000000000.0,10.0,,,20,,,,,,,,,1e-05,4.0,,,,,,,metastable,,,,,,,,,,,,v8,,428
900,Klenov,2005,Appl. Phys. Lett.,10.1063/1.2040014,SrHfO3 Sr=25% ALD 300C; k=30; perovskite high-k,SrHfO3,Sr,25,amorphous,10.0,300,TEMAH+Sr(thd)2,O3,100,,,,,,25,,1.0,800,60s,O2,,,,,,,,Si,(100),SrSiOx,0.5,Pt,30,p-type,1000000000000000.0,10.0,,,30,,,,,,,,,1e-05,4.0,,,,,,,metastable,,,,,,,,,,,,v8,,429
901,Klenov,2005,Appl. Phys. Lett.,10.1063/1.2040014,SrHfO3 Sr=50% ALD 300C; k=35; perovskite high-k,SrHfO3,Sr,50,perovskite_amorphous,10.0,300,TEMAH+Sr(thd)2,O3,100,,,,,,50,,1.0,800,60s,O2,,,,,,,,Si,(100),SrSiOx,0.5,Pt,30,p-type,1000000000000000.0,10.0,,,35,,,,,,,,,1e-05,4.0,,,,,,,metastable,,,,,,,,,,,,v8,,430
902,Klenov,2005,Appl. Phys. Lett.,10.1063/1.2040014,SrHfO3 Sr=75% ALD 300C; k=40; perovskite high-k,SrHfO3,Sr,75,perovskite,10.0,300,TEMAH+Sr(thd)2,O3,100,,,,,,75,,1.0,800,60s,O2,,,,,,,,Si,(100),SrSiOx,0.5,Pt,30,p-type,1000000000000000.0,10.0,,,40,,,,,,,,,1e-05,4.0,,,,,,,metastable,,,,,,,,,,,,v8,,431
903,Klenov,2005,Appl. Phys. Lett.,10.1063/1.2040014,SrHfO3 Sr=100% ALD 300C; k=60; perovskite high-k,SrHfO3,Sr,100,perovskite,10.0,300,TEMAH+Sr(thd)2,O3,100,,,,,,100,,1.0,800,60s,O2,,,,,,,,Si,(100),SrSiOx,0.5,Pt,30,p-type,1000000000000000.0,10.0,,,60,,,,,,,,,1e-05,4.0,,,,,,,metastable,,,,,,,,,,,,v8,,432
904,Choi,2011,J. Electrochem. Soc.,10.1149/1.3569756,HfSiON N=0at% ALD; k=15; N-passivated interface,HfSiON,Si+N,15,amorphous,5.0,300,TEMAH+TEOS,N2O_plasma,50,,,,,,,,1.0,900,30s,N2,,,,,,,,Si,(100),SiON,0.5,TaN,30,p-type,1000000000000000.0,5.0,1.0,,15,,,,,,,,,1e-08,9.0,,,,,,,stable,300000000000.0,,,,,,0,,,,,v8,,433
905,Choi,2011,J. Electrochem. Soc.,10.1149/1.3569756,HfSiON N=2at% ALD; k=16; N-passivated interface,HfSiON,Si+N,15,amorphous,5.0,300,TEMAH+TEOS,N2O_plasma,50,,,,,,,,1.0,900,30s,N2,,,,,,,,Si,(100),SiON,0.5,TaN,30,p-type,1000000000000000.0,5.0,1.0,,16,,,,,,,,,1e-08,9.0,,,,,,,stable,200000000000.0,,,,,,2,,,,,v8,,434
906,Choi,2011,J. Electrochem. Soc.,10.1149/1.3569756,HfSiON N=5at% ALD; k=17; N-passivated interface,HfSiON,Si+N,15,amorphous,5.0,300,TEMAH+TEOS,N2O_plasma,50,,,,,,,,1.0,900,30s,N2,,,,,,,,Si,(100),SiON,0.5,TaN,30,p-type,1000000000000000.0,5.0,0.95,,17,,,,,,,,,1e-08,9.0,,,,,,,stable,100000000000.0,,,,,,5,,,,,v8,,435
907,Choi,2011,J. Electrochem. Soc.,10.1149/1.3569756,HfSiON N=8at% ALD; k=18; N-passivated interface,HfSiON,Si+N,15,amorphous,5.0,300,TEMAH+TEOS,N2O_plasma,50,,,,,,,,1.0,900,30s,N2,,,,,,,,Si,(100),SiON,0.5,TaN,30,p-type,1000000000000000.0,5.0,0.9,,18,,,,,,,,,1e-08,9.0,,,,,,,stable,80000000000.0,,,,,,8,,,,,v8,,436
908,Choi,2011,J. Electrochem. Soc.,10.1149/1.3569756,HfSiON N=10at% ALD; k=18; N-passivated interface,HfSiON,Si+N,15,amorphous,5.0,300,TEMAH+TEOS,N2O_plasma,50,,,,,,,,1.0,900,30s,N2,,,,,,,,Si,(100),SiON,0.5,TaN,30,p-type,1000000000000000.0,5.0,0.9,,18,,,,,,,,,1e-08,9.0,,,,,,,stable,100000000000.0,,,,,,10,,,,,v8,,437
909,Kukli,2009,J. Electrochem. Soc.,10.1149/1.3143568,Sc2O3 Sc(thd)3/O3 175C; k=12; large band gap ~6.3eV,Sc2O3,,0,cubic,10.0,175,Sc(thd)3,O3,100,3,30,5,30,0.0001,,,0.7,700,30s,N2,,,,,,,,Si,(100),SiO2,0.5,Au,50,p-type,1000000000000000.0,10.0,,,12,,,,,,,,,1e-08,10.0,,,,,,,stable,,,,3.5,2.1,,,,,,,v8,,438
910,Kukli,2009,J. Electrochem. Soc.,10.1149/1.3143568,Sc2O3 Sc(thd)3/O3 225C; k=14; large band gap ~6.3eV,Sc2O3,,0,cubic,10.0,225,Sc(thd)3,O3,100,3,30,5,30,0.0001,,,0.75,700,30s,N2,,,,,,,,Si,(100),SiO2,0.5,Au,50,p-type,1000000000000000.0,10.0,,,14,,,,,,,,,1e-08,10.0,,,,,,,stable,,,,3.5,2.1,,,,,,,v8,,439
911,Kukli,2009,J. Electrochem. Soc.,10.1149/1.3143568,Sc2O3 Sc(thd)3/O3 275C; k=15; large band gap ~6.3eV,Sc2O3,,0,cubic,10.0,275,Sc(thd)3,O3,100,3,30,5,30,0.0001,,,0.7,700,30s,N2,,,,,,,,Si,(100),SiO2,0.5,Au,50,p-type,1000000000000000.0,10.0,,,15,,,,,,,,,1e-08,10.0,,,,,,,stable,,,,3.5,2.1,,,,,,,v8,,440
912,Kukli,2009,J. Electrochem. Soc.,10.1149/1.3143568,Sc2O3 Sc(thd)3/O3 325C; k=14; large band gap ~6.3eV,Sc2O3,,0,cubic,10.0,325,Sc(thd)3,O3,100,3,30,5,30,0.0001,,,0.6,700,30s,N2,,,,,,,,Si,(100),SiO2,0.5,Au,50,p-type,1000000000000000.0,10.0,,,14,,,,,,,,,1e-08,10.0,,,,,,,stable,,,,3.5,2.1,,,,,,,v8,,441
913,Lupan,2010,J. Alloys Compounds,10.1016/j.jallcom.2010.06.085,Pr2O3 Pr(thd)3/O3 200C; k=20; Pr 4f states enhance k,Pr2O3,,0,amorphous,10.0,200,Pr(thd)3,O3,100,3,30,5,30,0.0001,,,1.0,700,30s,N2,,,,,,,,Si,(100),PrSiOx,0.5,TaN,30,p-type,1000000000000000.0,10.0,,,20,,,,,,,,,1e-06,5.5,,,,,,,unstable,,,,2.7,0.8,,,,,,,v8,,442
914,Lupan,2010,J. Alloys Compounds,10.1016/j.jallcom.2010.06.085,Pr2O3 Pr(thd)3/O3 250C; k=25; Pr 4f states enhance k,Pr2O3,,0,cubic,10.0,250,Pr(thd)3,O3,100,3,30,5,30,0.0001,,,0.9,700,30s,N2,,,,,,,,Si,(100),PrSiOx,0.5,TaN,30,p-type,1000000000000000.0,10.0,,,25,,,,,,,,,1e-06,5.5,,,,,,,unstable,,,,2.7,0.8,,,,,,,v8,,443
915,Lupan,2010,J. Alloys Compounds,10.1016/j.jallcom.2010.06.085,Pr2O3 Pr(thd)3/O3 300C; k=26; Pr 4f states enhance k,Pr2O3,,0,cubic,10.0,300,Pr(thd)3,O3,100,3,30,5,30,0.0001,,,0.85,700,30s,N2,,,,,,,,Si,(100),PrSiOx,0.5,TaN,30,p-type,1000000000000000.0,10.0,,,26,,,,,,,,,1e-06,5.5,,,,,,,unstable,,,,2.7,0.8,,,,,,,v8,,444
916,Lupan,2010,J. Alloys Compounds,10.1016/j.jallcom.2010.06.085,Pr2O3 Pr(thd)3/O3 350C; k=24; Pr 4f states enhance k,Pr2O3,,0,cubic,10.0,350,Pr(thd)3,O3,100,3,30,5,30,0.0001,,,0.75,700,30s,N2,,,,,,,,Si,(100),PrSiOx,0.5,TaN,30,p-type,1000000000000000.0,10.0,,,24,,,,,,,,,1e-06,5.5,,,,,,,unstable,,,,2.7,0.8,,,,,,,v8,,445
917,Kukli,2007,J. Electrochem. Soc.,10.1149/1.2799539,Nd2O3 Nd(thd)3/O3 200C; k=18; Nd oxide high-k,Nd2O3,,0,amorphous,10.0,200,Nd(thd)3,O3,100,3,30,5,30,0.0001,,,0.95,700,30s,N2,,,,,,,,Si,(100),NdSiOx,0.5,TaN,30,p-type,1000000000000000.0,10.0,,,18,,,,,,,,,5e-07,6.5,,,,,,,unstable,,,,2.5,1.0,,,,,,,v8,,446
918,Kukli,2007,J. Electrochem. Soc.,10.1149/1.2799539,Nd2O3 Nd(thd)3/O3 250C; k=22; Nd oxide high-k,Nd2O3,,0,hexagonal,10.0,250,Nd(thd)3,O3,100,3,30,5,30,0.0001,,,0.9,700,30s,N2,,,,,,,,Si,(100),NdSiOx,0.5,TaN,30,p-type,1000000000000000.0,10.0,,,22,,,,,,,,,5e-07,6.5,,,,,,,unstable,,,,2.5,1.0,,,,,,,v8,,447
919,Kukli,2007,J. Electrochem. Soc.,10.1149/1.2799539,Nd2O3 Nd(thd)3/O3 300C; k=24; Nd oxide high-k,Nd2O3,,0,hexagonal,10.0,300,Nd(thd)3,O3,100,3,30,5,30,0.0001,,,0.85,700,30s,N2,,,,,,,,Si,(100),NdSiOx,0.5,TaN,30,p-type,1000000000000000.0,10.0,,,24,,,,,,,,,5e-07,6.5,,,,,,,unstable,,,,2.5,1.0,,,,,,,v8,,448
920,Kukli,2007,J. Electrochem. Soc.,10.1149/1.2799539,Nd2O3 Nd(thd)3/O3 350C; k=22; Nd oxide high-k,Nd2O3,,0,hexagonal,10.0,350,Nd(thd)3,O3,100,3,30,5,30,0.0001,,,0.75,700,30s,N2,,,,,,,,Si,(100),NdSiOx,0.5,TaN,30,p-type,1000000000000000.0,10.0,,,22,,,,,,,,,5e-07,6.5,,,,,,,unstable,,,,2.5,1.0,,,,,,,v8,,449
921,Son,2020,ACS Appl. Electron. Mater.,10.1021/acsaelm.0c00413,Ga2O3 TMG/O3 200C; k=10; amorphous-Ga2O3 power device,Ga2O3,,0,amorphous,10.0,200,TMGa,O3,100,1,15,3,15,0.0001,,,1.1,600,30s,N2,,,,,,,,Si,(100),SiO2,0.5,Au,50,p-type,1000000000000000.0,10.0,,,10,,,,,,,,,1e-08,9.0,,,,,,,stable,,,,4.0,0.2,,,,,,,v8,,450
922,Son,2020,ACS Appl. Electron. Mater.,10.1021/acsaelm.0c00413,Ga2O3 TMG/O3 250C; k=12; epsilon-Ga2O3 power device,Ga2O3,,0,epsilon,10.0,250,TMGa,O3,100,1,15,3,15,0.0001,,,1.0,600,30s,N2,,,,,,,,Si,(100),SiO2,0.5,Au,50,p-type,1000000000000000.0,10.0,,,12,,,,,,,,,1e-08,9.0,,,,,,,stable,,,,4.0,0.2,,,,,,,v8,,451
923,Son,2020,ACS Appl. Electron. Mater.,10.1021/acsaelm.0c00413,Ga2O3 TMG/O3 300C; k=13; epsilon-Ga2O3 power device,Ga2O3,,0,epsilon,10.0,300,TMGa,O3,100,1,15,3,15,0.0001,,,0.95,600,30s,N2,,,,,,,,Si,(100),SiO2,0.5,Au,50,p-type,1000000000000000.0,10.0,,,13,,,,,,,,,1e-08,9.0,,,,,,,stable,,,,4.0,0.2,,,,,,,v8,,452
924,Son,2020,ACS Appl. Electron. Mater.,10.1021/acsaelm.0c00413,Ga2O3 TMG/O3 400C; k=15; beta-Ga2O3 power device,Ga2O3,,0,beta,10.0,400,TMGa,O3,100,1,15,3,15,0.0001,,,0.85,600,30s,N2,,,,,,,,Si,(100),SiO2,0.5,Au,50,p-type,1000000000000000.0,10.0,,,15,,,,,,,,,1e-08,9.0,,,,,,,stable,,,,4.0,0.2,,,,,,,v8,,453
925,Son,2020,ACS Appl. Electron. Mater.,10.1021/acsaelm.0c00413,Ga2O3 TMG/O3 500C; k=16; beta-Ga2O3 power device,Ga2O3,,0,beta,10.0,500,TMGa,O3,100,1,15,3,15,0.0001,,,0.7,600,30s,N2,,,,,,,,Si,(100),SiO2,0.5,Au,50,p-type,1000000000000000.0,10.0,,,16,,,,,,,,,1e-08,9.0,,,,,,,stable,,,,4.0,0.2,,,,,,,v8,,454
926,Vehkamaki,2004,J. Crystal Growth,10.1016/j.jcrysgro.2004.08.035,Nb2O5 NbCl5/H2O 150C; k=20; MIM capacitor,Nb2O5,,0,amorphous,15.0,150,NbCl5,H2O,150,3,25,5,25,0.0001,,,0.5,600,30s,N2,,,,,,,,TiN,,none,0,TiN,30,n-type,1e+18,15.0,,,20,,,,,,0.008,,,1e-05,4.5,,,,,,,stable,,,,,,,,,,,,v8,,455
927,Vehkamaki,2004,J. Crystal Growth,10.1016/j.jcrysgro.2004.08.035,Nb2O5 NbCl5/H2O 200C; k=30; MIM capacitor,Nb2O5,,0,amorphous,15.0,200,NbCl5,H2O,150,3,25,5,25,0.0001,,,0.6,600,30s,N2,,,,,,,,TiN,,none,0,TiN,30,n-type,1e+18,15.0,,,30,,,,,,0.008,,,1e-05,4.5,,,,,,,stable,,,,,,,,,,,,v8,,456
928,Vehkamaki,2004,J. Crystal Growth,10.1016/j.jcrysgro.2004.08.035,Nb2O5 NbCl5/H2O 250C; k=38; MIM capacitor,Nb2O5,,0,amorphous,15.0,250,NbCl5,H2O,150,3,25,5,25,0.0001,,,0.65,600,30s,N2,,,,,,,,TiN,,none,0,TiN,30,n-type,1e+18,15.0,,,38,,,,,,0.008,,,1e-05,4.5,,,,,,,stable,,,,,,,,,,,,v8,,457
929,Vehkamaki,2004,J. Crystal Growth,10.1016/j.jcrysgro.2004.08.035,Nb2O5 NbCl5/H2O 300C; k=40; MIM capacitor,Nb2O5,,0,amorphous,15.0,300,NbCl5,H2O,150,3,25,5,25,0.0001,,,0.6,600,30s,N2,,,,,,,,TiN,,none,0,TiN,30,n-type,1e+18,15.0,,,40,,,,,,0.008,,,1e-05,4.5,,,,,,,stable,,,,,,,,,,,,v8,,458
930,Vehkamaki,2004,J. Crystal Growth,10.1016/j.jcrysgro.2004.08.035,Nb2O5 NbCl5/H2O 350C; k=35; MIM capacitor,Nb2O5,,0,amorphous,15.0,350,NbCl5,H2O,150,3,25,5,25,0.0001,,,0.5,600,30s,N2,,,,,,,,TiN,,none,0,TiN,30,n-type,1e+18,15.0,,,35,,,,,,0.008,,,1e-05,4.5,,,,,,,stable,,,,,,,,,,,,v8,,459
931,Boscke,2011,Appl. Phys. Lett.,10.1063/1.3634052,HfSiO2 Si=0% ALD; Pr=0 uC/cm2; FE-HfO2 discovery,HfSiO2_FE,Si,0,monoclinic,10.0,300,TEMAH+TEOS,O3,100,,,,,,0,,1.0,600,20s,N2,50,12000,400,TiN,,,,Si,(100),SiO2,0.5,TiN,10,p-type,1000000000000000.0,10.0,,,20,,,,,,,0,0,1e-08,7.5,,,,,,,stable,,,,,,,,,,,,v8,,460
932,Boscke,2011,Appl. Phys. Lett.,10.1063/1.3634052,HfSiO2 Si=2% ALD; Pr=8 uC/cm2; FE-HfO2 discovery,HfSiO2_FE,Si,2,orthorhombic,10.0,300,TEMAH+TEOS,O3,100,,,,,,2,,1.0,600,20s,N2,50,12000,400,TiN,,,,Si,(100),SiO2,0.5,TiN,10,p-type,1000000000000000.0,10.0,,,28,,,,,,,8,0.9,1e-08,7.5,,,,,,,stable,,,,,,,,,,,,v8,,461
933,Boscke,2011,Appl. Phys. Lett.,10.1063/1.3634052,HfSiO2 Si=4% ALD; Pr=14 uC/cm2; FE-HfO2 discovery,HfSiO2_FE,Si,4,orthorhombic,10.0,300,TEMAH+TEOS,O3,100,,,,,,4,,1.0,600,20s,N2,50,12000,400,TiN,,,,Si,(100),SiO2,0.5,TiN,10,p-type,1000000000000000.0,10.0,,,35,,,,,,,14,1.0,1e-08,7.5,,,,,,,stable,,,,,,,,,,,,v8,,462
934,Boscke,2011,Appl. Phys. Lett.,10.1063/1.3634052,HfSiO2 Si=6% ALD; Pr=10 uC/cm2; FE-HfO2 discovery,HfSiO2_FE,Si,6,orthorhombic,10.0,300,TEMAH+TEOS,O3,100,,,,,,6,,1.0,600,20s,N2,50,12000,400,TiN,,,,Si,(100),SiO2,0.5,TiN,10,p-type,1000000000000000.0,10.0,,,30,,,,,,,10,1.1,1e-08,7.5,,,,,,,stable,,,,,,,,,,,,v8,,463
935,Boscke,2011,Appl. Phys. Lett.,10.1063/1.3634052,HfSiO2 Si=8% ALD; Pr=5 uC/cm2; FE-HfO2 discovery,HfSiO2_FE,Si,8,monoclinic,10.0,300,TEMAH+TEOS,O3,100,,,,,,8,,1.0,600,20s,N2,50,12000,400,TiN,,,,Si,(100),SiO2,0.5,TiN,10,p-type,1000000000000000.0,10.0,,,26,,,,,,,5,1.2,1e-08,7.5,,,,,,,stable,,,,,,,,,,,,v8,,464
936,Muller,2012,Nano Lett.,10.1021/nl302049k,HZO 5nm TiN/HZO/TiN; Pr=8 uC/cm2; thickness effect,Hf0.5Zr0.5O2,Zr,50,orthorhombic,5,250,TEMAH+TEMAZr,O3,50,,,,,,50,,1.0,600,20s,N2,50,12000,400,TiN,,,,Si,(100),SiO2,0.3,TiN,10,p-type,1000000000000000.0,5,0.14285714285714285,,28,,,,,,,8,1.4,5e-08,7.0,,,,,,,stable,,,,,,,,,,,,v8,,465
937,Muller,2012,Nano Lett.,10.1021/nl302049k,HZO 8nm TiN/HZO/TiN; Pr=16 uC/cm2; thickness effect,Hf0.5Zr0.5O2,Zr,50,orthorhombic,8,250,TEMAH+TEMAZr,O3,80,,,,,,50,,1.0,600,20s,N2,50,12000,400,TiN,,,,Si,(100),SiO2,0.3,TiN,10,p-type,1000000000000000.0,8,0.22857142857142856,,33,,,,,,,16,1.1,5e-08,7.0,,,,,,,stable,,,,,,,,,,,,v8,,466
938,Muller,2012,Nano Lett.,10.1021/nl302049k,HZO 10nm TiN/HZO/TiN; Pr=22 uC/cm2; thickness effect,Hf0.5Zr0.5O2,Zr,50,orthorhombic,10,250,TEMAH+TEMAZr,O3,100,,,,,,50,,1.0,600,20s,N2,50,12000,400,TiN,,,,Si,(100),SiO2,0.3,TiN,10,p-type,1000000000000000.0,10,0.2857142857142857,,35,,,,,,,22,1.0,5e-08,7.0,,,,,,,stable,,,,,,,,,,,,v8,,467
939,Muller,2012,Nano Lett.,10.1021/nl302049k,HZO 15nm TiN/HZO/TiN; Pr=19 uC/cm2; thickness effect,Hf0.5Zr0.5O2,Zr,50,orthorhombic,15,250,TEMAH+TEMAZr,O3,150,,,,,,50,,1.0,600,20s,N2,50,12000,400,TiN,,,,Si,(100),SiO2,0.3,TiN,10,p-type,1000000000000000.0,15,0.42857142857142855,,34,,,,,,,19,0.95,5e-08,7.0,,,,,,,stable,,,,,,,,,,,,v8,,468
940,Muller,2012,Nano Lett.,10.1021/nl302049k,HZO 20nm TiN/HZO/TiN; Pr=14 uC/cm2; thickness effect,Hf0.5Zr0.5O2,Zr,50,orthorhombic,20,250,TEMAH+TEMAZr,O3,200,,,,,,50,,1.0,600,20s,N2,50,12000,400,TiN,,,,Si,(100),SiO2,0.3,TiN,10,p-type,1000000000000000.0,20,0.5714285714285714,,32,,,,,,,14,0.9,5e-08,7.0,,,,,,,stable,,,,,,,,,,,,v8,,469
941,Muller,2012,Nano Lett.,10.1021/nl302049k,HZO 30nm TiN/HZO/TiN; Pr=8 uC/cm2; thickness effect,Hf0.5Zr0.5O2,Zr,50,orthorhombic,30,250,TEMAH+TEMAZr,O3,300,,,,,,50,,1.0,600,20s,N2,50,12000,400,TiN,,,,Si,(100),SiO2,0.3,TiN,10,p-type,1000000000000000.0,30,0.8571428571428571,,28,,,,,,,8,0.85,5e-08,7.0,,,,,,,stable,,,,,,,,,,,,v8,,470
942,Starschich,2017,Chem. Mater.,10.1021/acs.chemmater.6b04478,HfO2 Zr-doped 50%; Pr=22 uC/cm2; dopant comparison,HfZrO2_FE,Zr,50,orthorhombic,10.0,300,TEMAH+Zr_precursor,O3,100,,,,,,50,,1.0,600,20s,N2,,,400,TiN,,,,Si,(100),SiO2,0.3,TiN,10,p-type,1000000000000000.0,10.0,,,35,,,,,,,22,1.0,1e-08,7.5,,,,,,,stable,,,,,,,,,,,,v8,,471
943,Starschich,2017,Chem. Mater.,10.1021/acs.chemmater.6b04478,HfO2 Si-doped 4%; Pr=14 uC/cm2; dopant comparison,HfSiO2_FE,Si,4,orthorhombic,10.0,300,TEMAH+Si_precursor,O3,100,,,,,,4,,1.0,600,20s,N2,,,400,TiN,,,,Si,(100),SiO2,0.3,TiN,10,p-type,1000000000000000.0,10.0,,,28,,,,,,,14,1.0,1e-08,7.5,,,,,,,stable,,,,,,,,,,,,v8,,472
944,Starschich,2017,Chem. Mater.,10.1021/acs.chemmater.6b04478,HfO2 Y-doped 5%; Pr=18 uC/cm2; dopant comparison,HfYO2_FE,Y,5,orthorhombic,10.0,300,TEMAH+Y_precursor,O3,100,,,,,,5,,1.0,600,20s,N2,,,400,TiN,,,,Si,(100),SiO2,0.3,TiN,10,p-type,1000000000000000.0,10.0,,,32,,,,,,,18,1.0,1e-08,7.5,,,,,,,stable,,,,,,,,,,,,v8,,473
945,Starschich,2017,Chem. Mater.,10.1021/acs.chemmater.6b04478,HfO2 Al-doped 3.5%; Pr=16 uC/cm2; dopant comparison,HfAlO2_FE,Al,3.5,orthorhombic,10.0,300,TEMAH+Al_precursor,O3,100,,,,,,3.5,,1.0,600,20s,N2,,,400,TiN,,,,Si,(100),SiO2,0.3,TiN,10,p-type,1000000000000000.0,10.0,,,30,,,,,,,16,1.0,1e-08,7.5,,,,,,,stable,,,,,,,,,,,,v8,,474
946,Starschich,2017,Chem. Mater.,10.1021/acs.chemmater.6b04478,HfO2 La-doped 3%; Pr=20 uC/cm2; dopant comparison,HfLaO2_FE,La,3,orthorhombic,10.0,300,TEMAH+La_precursor,O3,100,,,,,,3,,1.0,600,20s,N2,,,400,TiN,,,,Si,(100),SiO2,0.3,TiN,10,p-type,1000000000000000.0,10.0,,,33,,,,,,,20,1.0,1e-08,7.5,,,,,,,stable,,,,,,,,,,,,v8,,475
947,Starschich,2017,Chem. Mater.,10.1021/acs.chemmater.6b04478,HfO2 Ca-doped 2%; Pr=12 uC/cm2; dopant comparison,HfCaO2_FE,Ca,2,orthorhombic,10.0,300,TEMAH+Ca_precursor,O3,100,,,,,,2,,1.0,600,20s,N2,,,400,TiN,,,,Si,(100),SiO2,0.3,TiN,10,p-type,1000000000000000.0,10.0,,,27,,,,,,,12,1.0,1e-08,7.5,,,,,,,stable,,,,,,,,,,,,v8,,476
948,Park,2015,Adv. Mater.,10.1002/adma.201501095,HZO Zr=10% 10nm; Pr=0; composition sweep,Hf1-xZrxO2,Zr,10,monoclinic,10.0,280,TEMAH+TEMAZr,O3,100,,,,,,10,,1.0,600,20s,N2,,,400,TiN,,,,Si,(100),SiO2,0.3,TiN,10,p-type,1000000000000000.0,10.0,0.9,,20,,,,,,,0,0,1e-08,7.5,,,,,,,stable,,,,,,,,,,,,v8,,477
949,Park,2015,Adv. Mater.,10.1002/adma.201501095,HZO Zr=20% 10nm; Pr=5; composition sweep,Hf1-xZrxO2,Zr,20,monoclinic+orthorhombic,10.0,280,TEMAH+TEMAZr,O3,100,,,,,,20,,1.0,600,20s,N2,,,400,TiN,,,,Si,(100),SiO2,0.3,TiN,10,p-type,1000000000000000.0,10.0,0.9,,25,,,,,,,5,0.8,1e-08,7.5,,,,,,,stable,,,,,,,,,,,,v8,,478
950,Park,2015,Adv. Mater.,10.1002/adma.201501095,HZO Zr=30% 10nm; Pr=12; composition sweep,Hf1-xZrxO2,Zr,30,orthorhombic,10.0,280,TEMAH+TEMAZr,O3,100,,,,,,30,,1.0,600,20s,N2,,,400,TiN,,,,Si,(100),SiO2,0.3,TiN,10,p-type,1000000000000000.0,10.0,0.9,,30,,,,,,,12,1.0,1e-08,7.5,,,,,,,stable,,,,,,,,,,,,v8,,479
951,Park,2015,Adv. Mater.,10.1002/adma.201501095,HZO Zr=40% 10nm; Pr=18; composition sweep,Hf1-xZrxO2,Zr,40,orthorhombic,10.0,280,TEMAH+TEMAZr,O3,100,,,,,,40,,1.0,600,20s,N2,,,400,TiN,,,,Si,(100),SiO2,0.3,TiN,10,p-type,1000000000000000.0,10.0,0.9,,33,,,,,,,18,1.0,1e-08,7.5,,,,,,,stable,,,,,,,,,,,,v8,,480
952,Park,2015,Adv. Mater.,10.1002/adma.201501095,HZO Zr=50% 10nm; Pr=24; composition sweep,Hf1-xZrxO2,Zr,50,orthorhombic,10.0,280,TEMAH+TEMAZr,O3,100,,,,,,50,,1.0,600,20s,N2,,,400,TiN,,,,Si,(100),SiO2,0.3,TiN,10,p-type,1000000000000000.0,10.0,0.9,,35,,,,,,,24,1.0,1e-08,7.5,,,,,,,stable,,,,,,,,,,,,v8,,481
953,Park,2015,Adv. Mater.,10.1002/adma.201501095,HZO Zr=60% 10nm; Pr=20; composition sweep,Hf1-xZrxO2,Zr,60,orthorhombic,10.0,280,TEMAH+TEMAZr,O3,100,,,,,,60,,1.0,600,20s,N2,,,400,TiN,,,,Si,(100),SiO2,0.3,TiN,10,p-type,1000000000000000.0,10.0,0.9,,34,,,,,,,20,0.95,1e-08,7.5,,,,,,,stable,,,,,,,,,,,,v8,,482
954,Park,2015,Adv. Mater.,10.1002/adma.201501095,HZO Zr=70% 10nm; Pr=14; composition sweep,Hf1-xZrxO2,Zr,70,orthorhombic+tetragonal,10.0,280,TEMAH+TEMAZr,O3,100,,,,,,70,,1.0,600,20s,N2,,,400,TiN,,,,Si,(100),SiO2,0.3,TiN,10,p-type,1000000000000000.0,10.0,0.9,,32,,,,,,,14,0.9,1e-08,7.5,,,,,,,stable,,,,,,,,,,,,v8,,483
955,Park,2015,Adv. Mater.,10.1002/adma.201501095,HZO Zr=80% 10nm; Pr=6; composition sweep,Hf1-xZrxO2,Zr,80,tetragonal,10.0,280,TEMAH+TEMAZr,O3,100,,,,,,80,,1.0,600,20s,N2,,,400,TiN,,,,Si,(100),SiO2,0.3,TiN,10,p-type,1000000000000000.0,10.0,0.9,,36,,,,,,,6,0.7,1e-08,7.5,,,,,,,stable,,,,,,,,,,,,v8,,484
956,Park,2015,Adv. Mater.,10.1002/adma.201501095,HZO Zr=90% 10nm; Pr=0; composition sweep,Hf1-xZrxO2,Zr,90,tetragonal,10.0,280,TEMAH+TEMAZr,O3,100,,,,,,90,,1.0,600,20s,N2,,,400,TiN,,,,Si,(100),SiO2,0.3,TiN,10,p-type,1000000000000000.0,10.0,0.9,,38,,,,,,,0,0,1e-08,7.5,,,,,,,stable,,,,,,,,,,,,v8,,485
957,Park,2015,Adv. Mater.,10.1002/adma.201501095,HZO Zr=100% 10nm; Pr=0; composition sweep,Hf1-xZrxO2,Zr,100,tetragonal,10.0,280,TEMAH+TEMAZr,O3,100,,,,,,100,,1.0,600,20s,N2,,,400,TiN,,,,Si,(100),SiO2,0.3,TiN,10,p-type,1000000000000000.0,10.0,0.9,,40,,,,,,,0,0,1e-08,7.5,,,,,,,stable,,,,,,,,,,,,v8,,486
958,Polakowski,2015,ECS J. Solid State Sci. Technol.,10.1149/2.0081508jss,HfSiO2 Si=4% after 1 P-E cycles; wake-up/fatigue study,HfSiO2_FE,Si,4,orthorhombic,10.0,300,TEMAH+TEOS,O3,100,,,,,,4,,1.0,600,20s,N2,,,400,TiN,,,,Si,(100),SiO2,0.3,TiN,10,p-type,1000000000000000.0,10.0,,,30,,,,,,,12,1.0,1e-08,,,,,,,,stable,,,,,,,,,,P-E cycles,1,v8,,487
959,Polakowski,2015,ECS J. Solid State Sci. Technol.,10.1149/2.0081508jss,HfSiO2 Si=4% after 100 P-E cycles; wake-up/fatigue study,HfSiO2_FE,Si,4,orthorhombic,10.0,300,TEMAH+TEOS,O3,100,,,,,,4,,1.0,600,20s,N2,,,400,TiN,,,,Si,(100),SiO2,0.3,TiN,10,p-type,1000000000000000.0,10.0,,,30,,,,,,,18,1.1,1e-08,,,,,,,,stable,,,,,,,,,,P-E cycles,100,v8,,488
960,Polakowski,2015,ECS J. Solid State Sci. Technol.,10.1149/2.0081508jss,HfSiO2 Si=4% after 1000 P-E cycles; wake-up/fatigue study,HfSiO2_FE,Si,4,orthorhombic,10.0,300,TEMAH+TEOS,O3,100,,,,,,4,,1.0,600,20s,N2,,,400,TiN,,,,Si,(100),SiO2,0.3,TiN,10,p-type,1000000000000000.0,10.0,,,30,,,,,,,22,1.05,1e-08,,,,,,,,stable,,,,,,,,,,P-E cycles,1000,v8,,489
961,Polakowski,2015,ECS J. Solid State Sci. Technol.,10.1149/2.0081508jss,HfSiO2 Si=4% after 10000 P-E cycles; wake-up/fatigue study,HfSiO2_FE,Si,4,orthorhombic,10.0,300,TEMAH+TEOS,O3,100,,,,,,4,,1.0,600,20s,N2,,,400,TiN,,,,Si,(100),SiO2,0.3,TiN,10,p-type,1000000000000000.0,10.0,,,30,,,,,,,20,1.1,1e-08,,,,,,,,stable,,,,,,,,,,P-E cycles,10000,v8,,490
962,Polakowski,2015,ECS J. Solid State Sci. Technol.,10.1149/2.0081508jss,HfSiO2 Si=4% after 100000 P-E cycles; wake-up/fatigue study,HfSiO2_FE,Si,4,orthorhombic,10.0,300,TEMAH+TEOS,O3,100,,,,,,4,,1.0,600,20s,N2,,,400,TiN,,,,Si,(100),SiO2,0.3,TiN,10,p-type,1000000000000000.0,10.0,,,30,,,,,,,15,1.2,1e-08,,,,,,,,stable,,,,,,,,,,P-E cycles,100000,v8,,491
963,Mittmann,2021,Phys. Status Solidi RRL,10.1002/pssr.202100012,HZO PDA=400C; Pr=5; phase-anneal correlation,Hf0.5Zr0.5O2,Zr,50,monoclinic,10.0,250,TEMAH+TEMAZr,O3,100,,,,,,50,,1.0,400,20s,N2,,,400,TiN,,,,Si,(100),SiO2,0.3,TiN,10,p-type,1000000000000000.0,10.0,,,32,,,,,,,5,0.8,1e-08,,,,,,,,stable,,,,,,,,,,,,v8,,492
964,Mittmann,2021,Phys. Status Solidi RRL,10.1002/pssr.202100012,HZO PDA=500C; Pr=14; phase-anneal correlation,Hf0.5Zr0.5O2,Zr,50,orthorhombic,10.0,250,TEMAH+TEMAZr,O3,100,,,,,,50,,1.0,500,20s,N2,,,400,TiN,,,,Si,(100),SiO2,0.3,TiN,10,p-type,1000000000000000.0,10.0,,,32,,,,,,,14,1.0,1e-08,,,,,,,,stable,,,,,,,,,,,,v8,,493
965,Mittmann,2021,Phys. Status Solidi RRL,10.1002/pssr.202100012,HZO PDA=600C; Pr=24; phase-anneal correlation,Hf0.5Zr0.5O2,Zr,50,orthorhombic,10.0,250,TEMAH+TEMAZr,O3,100,,,,,,50,,1.0,600,20s,N2,,,400,TiN,,,,Si,(100),SiO2,0.3,TiN,10,p-type,1000000000000000.0,10.0,,,32,,,,,,,24,1.05,1e-08,,,,,,,,stable,,,,,,,,,,,,v8,,494
966,Mittmann,2021,Phys. Status Solidi RRL,10.1002/pssr.202100012,HZO PDA=700C; Pr=22; phase-anneal correlation,Hf0.5Zr0.5O2,Zr,50,orthorhombic,10.0,250,TEMAH+TEMAZr,O3,100,,,,,,50,,1.0,700,20s,N2,,,400,TiN,,,,Si,(100),SiO2,0.3,TiN,10,p-type,1000000000000000.0,10.0,,,32,,,,,,,22,1.1,1e-08,,,,,,,,stable,,,,,,,,,,,,v8,,495
967,Mittmann,2021,Phys. Status Solidi RRL,10.1002/pssr.202100012,HZO PDA=800C; Pr=12; phase-anneal correlation,Hf0.5Zr0.5O2,Zr,50,orthorhombic+monoclinic,10.0,250,TEMAH+TEMAZr,O3,100,,,,,,50,,1.0,800,20s,N2,,,400,TiN,,,,Si,(100),SiO2,0.3,TiN,10,p-type,1000000000000000.0,10.0,,,32,,,,,,,12,1.2,1e-08,,,,,,,,stable,,,,,,,,,,,,v8,,496
968,Mittmann,2021,Phys. Status Solidi RRL,10.1002/pssr.202100012,HZO PDA=900C; Pr=3; phase-anneal correlation,Hf0.5Zr0.5O2,Zr,50,monoclinic,10.0,250,TEMAH+TEMAZr,O3,100,,,,,,50,,1.0,900,20s,N2,,,400,TiN,,,,Si,(100),SiO2,0.3,TiN,10,p-type,1000000000000000.0,10.0,,,32,,,,,,,3,1.5,1e-08,,,,,,,,stable,,,,,,,,,,,,v8,,497
969,Lomenzo,2016,ACS Appl. Mater. Interf.,10.1021/acsami.6b02611,HZO on Si; EOT=0.8nm; Pr=20; substrate study,Hf0.5Zr0.5O2,Zr,50,orthorhombic,10.0,250,TEMAH+TEMAZr,O3,100,,,,,,50,,1.0,600,20s,N2,,,400,TiN,,,,Si,(100),SiO2,0.5,TiN,10,p-type,1000000000000000.0,10.0,0.8,,32,,,,,,,20,1.0,1e-08,7.0,,,,,,,stable,200000000000.0,,,,,,,,,,,v8,,498
970,Lomenzo,2016,ACS Appl. Mater. Interf.,10.1021/acsami.6b02611,HZO on Ge; EOT=0.6nm; Pr=25; substrate study,Hf0.5Zr0.5O2,Zr,50,orthorhombic,10.0,250,TEMAH+TEMAZr,O3,100,,,,,,50,,1.0,600,20s,N2,,,400,TiN,,,,Ge,(100),GeOx,0.5,TiN,10,p-type,1000000000000000.0,10.0,0.6,,32,,,,,,,25,0.95,1e-08,7.0,,,,,,,stable,500000000000.0,,,,,,,,,,,v8,,499
971,Lomenzo,2016,ACS Appl. Mater. Interf.,10.1021/acsami.6b02611,HZO on GeSnO; EOT=0.55nm; Pr=28; substrate study,Hf0.5Zr0.5O2,Zr,50,orthorhombic,10.0,250,TEMAH+TEMAZr,O3,100,,,,,,50,,1.0,600,20s,N2,,,400,TiN,,,,GeSnO,(100),GeOx,0.5,TiN,10,p-type,1000000000000000.0,10.0,0.55,,32,,,,,,,28,0.9,1e-08,7.0,,,,,,,stable,300000000000.0,,,,,,,,,,,v8,,500
972,IRDS,2022,IEEE IRDS Roadmap,10.1109/IRDS.2022,IRDS 10nm node target; EOT=0.85nm; k=22; projected,HfO2,,0,tetragonal,4.794871794871795,300,TEMAH,O3,100,,,,,,,,1.0,600,20s,N2,,,,,,,,Si,(100),SiON,0.5,TiN,10,p-type,1000000000000000.0,4.794871794871795,0.85,,22,,,,,,,,,5e-08,8.5,,,,,,,stable,,,,,,,,,,target_node_nm,10,v8,,501
973,IRDS,2022,IEEE IRDS Roadmap,10.1109/IRDS.2022,IRDS 7nm node target; EOT=0.8nm; k=24; projected,HfO2,,0,tetragonal,4.923076923076924,300,TEMAH,O3,100,,,,,,,,1.0,600,20s,N2,,,,,,,,Si,(100),SiON,0.4,TiN,10,p-type,1000000000000000.0,4.923076923076924,0.8,,24,,,,,,,,,3e-08,8.5,,,,,,,stable,,,,,,,,,,target_node_nm,7,v8,,502
974,IRDS,2022,IEEE IRDS Roadmap,10.1109/IRDS.2022,IRDS 5nm node target; EOT=0.75nm; k=26; projected,HfO2,,0,tetragonal,5.0,300,TEMAH,O3,100,,,,,,,,1.0,600,20s,N2,,,,,,,,Si,(100),SiON,0.35,TiN,10,p-type,1000000000000000.0,5.0,0.75,,26,,,,,,,,,2e-08,8.5,,,,,,,stable,,,,,,,,,,target_node_nm,5,v8,,503
975,IRDS,2022,IEEE IRDS Roadmap,10.1109/IRDS.2022,IRDS 3nm node target; EOT=0.7nm; k=28; projected,HfO2,,0,tetragonal,5.0256410256410255,300,TEMAH,O3,100,,,,,,,,1.0,600,20s,N2,,,,,,,,Si,(100),SiON,0.3,TiN,10,p-type,1000000000000000.0,5.0256410256410255,0.7,,28,,,,,,,,,1e-08,8.5,,,,,,,stable,,,,,,,,,,target_node_nm,3,v8,,504
976,IRDS,2022,IEEE IRDS Roadmap,10.1109/IRDS.2022,IRDS 2nm node target; EOT=0.65nm; k=30; projected,HfO2,,0,tetragonal,5.0,300,TEMAH,O3,100,,,,,,,,1.0,600,20s,N2,,,,,,,,Si,(100),SiON,0.25,TiN,10,p-type,1000000000000000.0,5.0,0.65,,30,,,,,,,,,8e-09,8.5,,,,,,,stable,,,,,,,,,,target_node_nm,2,v8,,505
977,IMEC,2020,IEEE IEDM,10.1109/IEDM19573.2020,HZO FinFET fin_W=7nm; Pr=18; Ec=1.0; IMEC integration,Hf0.5Zr0.5O2,Zr,50,orthorhombic,8.0,250,TEMAH+TEMAZr,O3,80,,,,,,50,,1.0,600,20s,N2,,,400,TiN,,,,Si_FinFET,(110),SiO2,0.3,TiN,10,p-type,1e+17,8.0,0.8,,32,,,,,,,18,1.0,1e-08,7.5,,,,,,,stable,,,,,,,,,,fin_width_nm,7,v8,,506
978,IMEC,2020,IEEE IEDM,10.1109/IEDM19573.2020,HZO FinFET fin_W=5nm; Pr=20; Ec=1.05; IMEC integration,Hf0.5Zr0.5O2,Zr,50,orthorhombic,8.0,250,TEMAH+TEMAZr,O3,80,,,,,,50,,1.0,600,20s,N2,,,400,TiN,,,,Si_FinFET,(110),SiO2,0.3,TiN,10,p-type,1e+17,8.0,0.8,,32,,,,,,,20,1.05,1e-08,7.5,,,,,,,stable,,,,,,,,,,fin_width_nm,5,v8,,507
979,IMEC,2020,IEEE IEDM,10.1109/IEDM19573.2020,HZO FinFET fin_W=3nm; Pr=22; Ec=1.1; IMEC integration,Hf0.5Zr0.5O2,Zr,50,orthorhombic,8.0,250,TEMAH+TEMAZr,O3,80,,,,,,50,,1.0,600,20s,N2,,,400,TiN,,,,Si_FinFET,(110),SiO2,0.3,TiN,10,p-type,1e+17,8.0,0.8,,32,,,,,,,22,1.1,1e-08,7.5,,,,,,,stable,,,,,,,,,,fin_width_nm,3,v8,,508
980,IMEC,2020,IEEE IEDM,10.1109/IEDM19573.2020,HZO FinFET fin_W=2nm; Pr=20; Ec=1.15; IMEC integration,Hf0.5Zr0.5O2,Zr,50,orthorhombic,8.0,250,TEMAH+TEMAZr,O3,80,,,,,,50,,1.0,600,20s,N2,,,400,TiN,,,,Si_FinFET,(110),SiO2,0.3,TiN,10,p-type,1e+17,8.0,0.8,,32,,,,,,,20,1.15,1e-08,7.5,,,,,,,stable,,,,,,,,,,fin_width_nm,2,v8,,509
981,Intel,2019,IEEE IEDM,10.1109/IEDM19573.2019,Intel 22FFL HfO2_only; EOT=1.0nm; k=20; production data,HfO2_only,,0,amorphous+tetragonal,5.128205128205129,300,TEMAH,O3,100,,,,,,,,1.0,1000,5s,N2,,,,,,,,Si,(100),SiON,0.4,TiN,5,p-type,1e+17,5.128205128205129,1.0,,20,,-0.4,,,,,,,1e-07,9.0,,,,,,,stable,,,,,,,,,,process_node,22FFL,v8,,510
982,Intel,2019,IEEE IEDM,10.1109/IEDM19573.2019,Intel 22FFL HfO2/La2O3; EOT=0.85nm; k=25; production data,HfO2/La2O3,,0,amorphous+tetragonal,5.448717948717949,300,TEMAH,O3,100,,,,,,,,1.0,1000,5s,N2,,,,,,,,Si,(100),SiON,0.4,TiN,5,p-type,1e+17,5.448717948717949,0.85,,25,,-0.4,,,,,,,5e-08,9.0,,,,,,,stable,,,,,,,,,,process_node,22FFL,v8,,511
983,Intel,2019,IEEE IEDM,10.1109/IEDM19573.2019,Intel 22FFL HfO2/Al2O3; EOT=0.9nm; k=22; production data,HfO2/Al2O3,,0,amorphous+tetragonal,5.0769230769230775,300,TEMAH,O3,100,,,,,,,,1.0,1000,5s,N2,,,,,,,,Si,(100),SiON,0.4,TiN,5,p-type,1e+17,5.0769230769230775,0.9,,22,,-0.4,,,,,,,3e-08,9.0,,,,,,,stable,,,,,,,,,,process_node,22FFL,v8,,512
984,Intel,2019,IEEE IEDM,10.1109/IEDM19573.2019,Intel 22FFL HfSiON; EOT=1.1nm; k=18; production data,HfSiON,,0,amorphous+tetragonal,5.0769230769230775,300,TEMAH,O3,100,,,,,,,,1.0,1000,5s,N2,,,,,,,,Si,(100),SiON,0.4,TiN,5,p-type,1e+17,5.0769230769230775,1.1,,18,,-0.4,,,,,,,2e-08,9.0,,,,,,,stable,,,,,,,,,,process_node,22FFL,v8,,513
985,Schuisky,2000,Electrochem. Solid-State Lett.,10.1149/1.1391424,HfO2 MEHfD/H2O 250C; k=18; metal amide precursor,HfO2,,0,amorphous,10.0,250,MEHfD,H2O,100,2,20,3,20,0.0001,,,0.55,600,30s,N2,,,,,,,,Si,(100),SiO2,0.5,Au,50,p-type,1000000000000000.0,10.0,,,18,,,,,,,,,1e-07,7.5,,,,,,,stable,,,,,,,,,,,,v8,,514
986,Schuisky,2000,Electrochem. Solid-State Lett.,10.1149/1.1391424,HfO2 MEHfD/H2O 300C; k=20; metal amide precursor,HfO2,,0,monoclinic,10.0,300,MEHfD,H2O,100,2,20,3,20,0.0001,,,0.6,600,30s,N2,,,,,,,,Si,(100),SiO2,0.5,Au,50,p-type,1000000000000000.0,10.0,,,20,,,,,,,,,1e-07,7.5,,,,,,,stable,,,,,,,,,,,,v8,,515
987,Schuisky,2000,Electrochem. Solid-State Lett.,10.1149/1.1391424,HfO2 MEHfD/H2O 350C; k=21; metal amide precursor,HfO2,,0,monoclinic,10.0,350,MEHfD,H2O,100,2,20,3,20,0.0001,,,0.55,600,30s,N2,,,,,,,,Si,(100),SiO2,0.5,Au,50,p-type,1000000000000000.0,10.0,,,21,,,,,,,,,1e-07,7.5,,,,,,,stable,,,,,,,,,,,,v8,,516
988,Schuisky,2000,Electrochem. Solid-State Lett.,10.1149/1.1391424,HfO2 MEHfD/H2O 400C; k=19; metal amide precursor,HfO2,,0,monoclinic,10.0,400,MEHfD,H2O,100,2,20,3,20,0.0001,,,0.5,600,30s,N2,,,,,,,,Si,(100),SiO2,0.5,Au,50,p-type,1000000000000000.0,10.0,,,19,,,,,,,,,1e-07,7.5,,,,,,,stable,,,,,,,,,,,,v8,,517
989,Aarik,2004,Thin Solid Films,10.1016/j.tsf.2004.09.083,HfO2 HfCl4/O3 200C; k=16; Cl-free approach,HfO2,,0,amorphous,10.0,200,HfCl4,O3,100,3,20,5,20,0.0001,,,0.5,600,30s,N2,,,,,,,,Si,(100),SiO2,0.5,Au,50,p-type,1000000000000000.0,10.0,1.5,,16,,,,,,,,,5e-08,8.0,,,,,,,stable,,,,,,,,,,,,v8,,518
990,Aarik,2004,Thin Solid Films,10.1016/j.tsf.2004.09.083,HfO2 HfCl4/O3 250C; k=18; Cl-free approach,HfO2,,0,amorphous,10.0,250,HfCl4,O3,100,3,20,5,20,0.0001,,,0.55,600,30s,N2,,,,,,,,Si,(100),SiO2,0.5,Au,50,p-type,1000000000000000.0,10.0,1.5,,18,,,,,,,,,5e-08,8.0,,,,,,,stable,,,,,,,,,,,,v8,,519
991,Aarik,2004,Thin Solid Films,10.1016/j.tsf.2004.09.083,HfO2 HfCl4/O3 300C; k=20; Cl-free approach,HfO2,,0,monoclinic,10.0,300,HfCl4,O3,100,3,20,5,20,0.0001,,,0.5,600,30s,N2,,,,,,,,Si,(100),SiO2,0.5,Au,50,p-type,1000000000000000.0,10.0,1.5,,20,,,,,,,,,5e-08,8.0,,,,,,,stable,,,,,,,,,,,,v8,,520
992,Aarik,2004,Thin Solid Films,10.1016/j.tsf.2004.09.083,HfO2 HfCl4/O3 350C; k=22; Cl-free approach,HfO2,,0,monoclinic,10.0,350,HfCl4,O3,100,3,20,5,20,0.0001,,,0.45,600,30s,N2,,,,,,,,Si,(100),SiO2,0.5,Au,50,p-type,1000000000000000.0,10.0,1.5,,22,,,,,,,,,5e-08,8.0,,,,,,,stable,,,,,,,,,,,,v8,,521
993,Aarik,2004,Thin Solid Films,10.1016/j.tsf.2004.09.083,HfO2 HfCl4/O3 400C; k=23; Cl-free approach,HfO2,,0,monoclinic,10.0,400,HfCl4,O3,100,3,20,5,20,0.0001,,,0.4,600,30s,N2,,,,,,,,Si,(100),SiO2,0.5,Au,50,p-type,1000000000000000.0,10.0,1.5,,23,,,,,,,,,5e-08,8.0,,,,,,,stable,,,,,,,,,,,,v8,,522
994,Hausmann,2002,Science,10.1126/science.1072373,HfO2 Hf(OtBu)4/H2O 150C; k=20; all-inorganic ALD window,HfO2,,0,amorphous,10.0,150,Hf(OtBu)4,H2O,100,1,20,2,20,0.0001,,,0.5,600,30s,N2,,,,,,,,Si,(100),SiO2,0.5,Au,50,p-type,1000000000000000.0,10.0,,,20,,,,,,,,,1e-07,7.5,,,,,,,stable,,,,,,,,,,,,v8,,523
995,Hausmann,2002,Science,10.1126/science.1072373,HfO2 Hf(OtBu)4/H2O 175C; k=22; all-inorganic ALD window,HfO2,,0,amorphous,10.0,175,Hf(OtBu)4,H2O,100,1,20,2,20,0.0001,,,0.55,600,30s,N2,,,,,,,,Si,(100),SiO2,0.5,Au,50,p-type,1000000000000000.0,10.0,,,22,,,,,,,,,1e-07,7.5,,,,,,,stable,,,,,,,,,,,,v8,,524
996,Hausmann,2002,Science,10.1126/science.1072373,HfO2 Hf(OtBu)4/H2O 200C; k=24; all-inorganic ALD window,HfO2,,0,amorphous,10.0,200,Hf(OtBu)4,H2O,100,1,20,2,20,0.0001,,,0.6,600,30s,N2,,,,,,,,Si,(100),SiO2,0.5,Au,50,p-type,1000000000000000.0,10.0,,,24,,,,,,,,,1e-07,7.5,,,,,,,stable,,,,,,,,,,,,v8,,525
997,Hausmann,2002,Science,10.1126/science.1072373,HfO2 Hf(OtBu)4/H2O 225C; k=25; all-inorganic ALD window,HfO2,,0,amorphous,10.0,225,Hf(OtBu)4,H2O,100,1,20,2,20,0.0001,,,0.58,600,30s,N2,,,,,,,,Si,(100),SiO2,0.5,Au,50,p-type,1000000000000000.0,10.0,,,25,,,,,,,,,1e-07,7.5,,,,,,,stable,,,,,,,,,,,,v8,,526
998,Hausmann,2002,Science,10.1126/science.1072373,HfO2 Hf(OtBu)4/H2O 250C; k=23; all-inorganic ALD window,HfO2,,0,amorphous,10.0,250,Hf(OtBu)4,H2O,100,1,20,2,20,0.0001,,,0.55,600,30s,N2,,,,,,,,Si,(100),SiO2,0.5,Au,50,p-type,1000000000000000.0,10.0,,,23,,,,,,,,,1e-07,7.5,,,,,,,stable,,,,,,,,,,,,v8,,527
999,Wilk,2001,J. Appl. Phys.,10.1063/1.1361065,HfO2 electrode=TiN; VFB=-0.6; Dit=300000000000.0; mu=300,HfO2,,0,monoclinic,8.0,300,TEMAH,O3,80,,,,,,,,1.0,700,30s,N2,,,,,,,,Si,(100),SiO2,0.5,TiN,20,p-type,1000000000000000.0,8.0,1.0,,20,,-0.6,,,,,,,1e-07,8.0,,,,,,,stable,300000000000.0,,,,,,,300,,,,v8,,528
1000,Wilk,2001,J. Appl. Phys.,10.1063/1.1361065,HfO2 electrode=TaN; VFB=-0.55; Dit=200000000000.0; mu=310,HfO2,,0,monoclinic,8.0,300,TEMAH,O3,80,,,,,,,,1.0,700,30s,N2,,,,,,,,Si,(100),SiO2,0.5,TaN,20,p-type,1000000000000000.0,8.0,1.0,,20,,-0.55,,,,,,,1e-07,8.0,,,,,,,stable,200000000000.0,,,,,,,310,,,,v8,,529
1001,Wilk,2001,J. Appl. Phys.,10.1063/1.1361065,HfO2 electrode=W; VFB=-0.45; Dit=400000000000.0; mu=280,HfO2,,0,monoclinic,8.0,300,TEMAH,O3,80,,,,,,,,1.0,700,30s,N2,,,,,,,,Si,(100),SiO2,0.5,W,20,p-type,1000000000000000.0,8.0,1.0,,20,,-0.45,,,,,,,1e-07,8.0,,,,,,,stable,400000000000.0,,,,,,,280,,,,v8,,530
1002,Wilk,2001,J. Appl. Phys.,10.1063/1.1361065,HfO2 electrode=Mo; VFB=-0.5; Dit=350000000000.0; mu=290,HfO2,,0,monoclinic,8.0,300,TEMAH,O3,80,,,,,,,,1.0,700,30s,N2,,,,,,,,Si,(100),SiO2,0.5,Mo,20,p-type,1000000000000000.0,8.0,1.0,,20,,-0.5,,,,,,,1e-07,8.0,,,,,,,stable,350000000000.0,,,,,,,290,,,,v8,,531
1003,Wilk,2001,J. Appl. Phys.,10.1063/1.1361065,HfO2 electrode=Pt; VFB=0.1; Dit=500000000000.0; mu=270,HfO2,,0,monoclinic,8.0,300,TEMAH,O3,80,,,,,,,,1.0,700,30s,N2,,,,,,,,Si,(100),SiO2,0.5,Pt,20,p-type,1000000000000000.0,8.0,1.0,,20,,0.1,,,,,,,1e-07,8.0,,,,,,,stable,500000000000.0,,,,,,,270,,,,v8,,532
1004,Bersuker,2008,Appl. Phys. Lett.,10.1063/1.2841657,HfO2 PDA ramp=5C/s; EBD=7.0; Jg=5e-07; ramp effect,HfO2,,0,monoclinic,10.0,300,TEMAH,H2O,100,,,,,,,,1.0,600,30s,N2,5,3000,,,,,,Si,(100),SiO2,0.5,TiN,20,p-type,1000000000000000.0,10.0,1.0,,20,,,,,,,,,5e-07,7.0,,,,,,,stable,,,,,,,,,,,,v8,,533
1005,Bersuker,2008,Appl. Phys. Lett.,10.1063/1.2841657,HfO2 PDA ramp=10C/s; EBD=7.5; Jg=3e-07; ramp effect,HfO2,,0,monoclinic,10.0,300,TEMAH,H2O,100,,,,,,,,1.0,600,30s,N2,10,6000,,,,,,Si,(100),SiO2,0.5,TiN,20,p-type,1000000000000000.0,10.0,1.0,,20,,,,,,,,,3e-07,7.5,,,,,,,stable,,,,,,,,,,,,v8,,534
1006,Bersuker,2008,Appl. Phys. Lett.,10.1063/1.2841657,HfO2 PDA ramp=25C/s; EBD=8.0; Jg=1e-07; ramp effect,HfO2,,0,monoclinic,10.0,300,TEMAH,H2O,100,,,,,,,,1.0,600,30s,N2,25,15000,,,,,,Si,(100),SiO2,0.5,TiN,20,p-type,1000000000000000.0,10.0,1.0,,20,,,,,,,,,1e-07,8.0,,,,,,,stable,,,,,,,,,,,,v8,,535
1007,Bersuker,2008,Appl. Phys. Lett.,10.1063/1.2841657,HfO2 PDA ramp=50C/s; EBD=8.5; Jg=8e-08; ramp effect,HfO2,,0,monoclinic,10.0,300,TEMAH,H2O,100,,,,,,,,1.0,600,30s,N2,50,30000,,,,,,Si,(100),SiO2,0.5,TiN,20,p-type,1000000000000000.0,10.0,1.0,,20,,,,,,,,,8e-08,8.5,,,,,,,stable,,,,,,,,,,,,v8,,536
1008,Bersuker,2008,Appl. Phys. Lett.,10.1063/1.2841657,HfO2 PDA ramp=100C/s; EBD=9.0; Jg=5e-08; ramp effect,HfO2,,0,monoclinic,10.0,300,TEMAH,H2O,100,,,,,,,,1.0,600,30s,N2,100,60000,,,,,,Si,(100),SiO2,0.5,TiN,20,p-type,1000000000000000.0,10.0,1.0,,20,,,,,,,,,5e-08,9.0,,,,,,,stable,,,,,,,,,,,,v8,,537
1009,Duempelmann,2017,J. Mater. Chem. C,10.1039/C6TC05158H,BaTiO3 ALD 5nm; k=80; ultra-high-k perovskite,BaTiO3,,0,perovskite,5,250,Ba+Ti_precursors,H2O_O3,50,,,,,,,,1.0,700,30s,O2,50,21000,,,,,,Pt,(100),TiO2_seed,1.0,Pt,30,n-type,1e+18,5,0.22,,80,,,,,,0.02,,,1e-05,3.0,,,,,,,stable,,,,,,,,,,,,v8,,538
1010,Duempelmann,2017,J. Mater. Chem. C,10.1039/C6TC05158H,BaTiO3 ALD 8nm; k=100; ultra-high-k perovskite,BaTiO3,,0,perovskite,8,250,Ba+Ti_precursors,H2O_O3,80,,,,,,,,1.0,700,30s,O2,50,21000,,,,,,Pt,(100),TiO2_seed,1.0,Pt,30,n-type,1e+18,8,0.28,,100,,,,,,0.02,,,1e-05,3.0,,,,,,,stable,,,,,,,,,,,,v8,,539
1011,Duempelmann,2017,J. Mater. Chem. C,10.1039/C6TC05158H,BaTiO3 ALD 10nm; k=130; ultra-high-k perovskite,BaTiO3,,0,perovskite,10,250,Ba+Ti_precursors,H2O_O3,100,,,,,,,,1.0,700,30s,O2,50,21000,,,,,,Pt,(100),TiO2_seed,1.0,Pt,30,n-type,1e+18,10,0.28,,130,,,,,,0.02,,,1e-05,3.0,,,,,,,stable,,,,,,,,,,,,v8,,540
1012,Duempelmann,2017,J. Mater. Chem. C,10.1039/C6TC05158H,BaTiO3 ALD 15nm; k=145; ultra-high-k perovskite,BaTiO3,,0,perovskite,15,250,Ba+Ti_precursors,H2O_O3,150,,,,,,,,1.0,700,30s,O2,50,21000,,,,,,Pt,(100),TiO2_seed,1.0,Pt,30,n-type,1e+18,15,0.37,,145,,,,,,0.02,,,1e-05,3.0,,,,,,,stable,,,,,,,,,,,,v8,,541
1013,Duempelmann,2017,J. Mater. Chem. C,10.1039/C6TC05158H,BaTiO3 ALD 20nm; k=150; ultra-high-k perovskite,BaTiO3,,0,perovskite,20,250,Ba+Ti_precursors,H2O_O3,200,,,,,,,,1.0,700,30s,O2,50,21000,,,,,,Pt,(100),TiO2_seed,1.0,Pt,30,n-type,1e+18,20,0.48,,150,,,,,,0.02,,,1e-05,3.0,,,,,,,stable,,,,,,,,,,,,v8,,542
1014,Duempelmann,2017,J. Mater. Chem. C,10.1039/C6TC05158H,BaTiO3 ALD 30nm; k=148; ultra-high-k perovskite,BaTiO3,,0,perovskite,30,250,Ba+Ti_precursors,H2O_O3,300,,,,,,,,1.0,700,30s,O2,50,21000,,,,,,Pt,(100),TiO2_seed,1.0,Pt,30,n-type,1e+18,30,0.72,,148,,,,,,0.02,,,1e-05,3.0,,,,,,,stable,,,,,,,,,,,,v8,,543
1015,Molina,2014,Thin Solid Films,10.1016/j.tsf.2014.04.044,"BST Sr=0% ALD 250C; k=160; (Ba,Sr)TiO3 DRAM",BaSrTiO3,Sr,0,perovskite,8.0,250,Ba+Sr+Ti_precursors,O3,80,,,,,,0,,1.0,700,30s,O2,,,,,,,,Pt,(100),TiO2_seed,1.0,Pt,30,n-type,1e+18,8.0,0.25,,160,,,,,,0.015,,,1e-05,3.5,,,,,,,stable,,,,,,,,,,,,v8,,544
1016,Molina,2014,Thin Solid Films,10.1016/j.tsf.2014.04.044,"BST Sr=25% ALD 250C; k=200; (Ba,Sr)TiO3 DRAM",BaSrTiO3,Sr,25,perovskite,8.0,250,Ba+Sr+Ti_precursors,O3,80,,,,,,25,,1.0,700,30s,O2,,,,,,,,Pt,(100),TiO2_seed,1.0,Pt,30,n-type,1e+18,8.0,0.22,,200,,,,,,0.015,,,1e-05,3.5,,,,,,,stable,,,,,,,,,,,,v8,,545
1017,Molina,2014,Thin Solid Films,10.1016/j.tsf.2014.04.044,"BST Sr=50% ALD 250C; k=240; (Ba,Sr)TiO3 DRAM",BaSrTiO3,Sr,50,perovskite,8.0,250,Ba+Sr+Ti_precursors,O3,80,,,,,,50,,1.0,700,30s,O2,,,,,,,,Pt,(100),TiO2_seed,1.0,Pt,30,n-type,1e+18,8.0,0.2,,240,,,,,,0.015,,,1e-05,3.5,,,,,,,stable,,,,,,,,,,,,v8,,546
1018,Molina,2014,Thin Solid Films,10.1016/j.tsf.2014.04.044,"BST Sr=75% ALD 250C; k=210; (Ba,Sr)TiO3 DRAM",BaSrTiO3,Sr,75,perovskite,8.0,250,Ba+Sr+Ti_precursors,O3,80,,,,,,75,,1.0,700,30s,O2,,,,,,,,Pt,(100),TiO2_seed,1.0,Pt,30,n-type,1e+18,8.0,0.22,,210,,,,,,0.015,,,1e-05,3.5,,,,,,,stable,,,,,,,,,,,,v8,,547
1019,Molina,2014,Thin Solid Films,10.1016/j.tsf.2014.04.044,"BST Sr=100% ALD 250C; k=60; (Ba,Sr)TiO3 DRAM",BaSrTiO3,Sr,100,perovskite,8.0,250,Ba+Sr+Ti_precursors,O3,80,,,,,,100,,1.0,700,30s,O2,,,,,,,,Pt,(100),TiO2_seed,1.0,Pt,30,n-type,1e+18,8.0,0.3,,60,,,,,,0.015,,,1e-05,3.5,,,,,,,stable,,,,,,,,,,,,v8,,548
1020,Robertson,2011,J. Appl. Phys.,10.1063/1.3567559,ZrO2 ALD on GaN; Dit=500000000000.0; alt-substrate study,ZrO2,,0,tetragonal,8.0,250,TDMAZ,O3,80,,,,,,,,1.1,600,30s,N2,,,,,,,,GaN,(100),native,0.5,TaN,30,n-type,5e+17,8.0,0.9,,28,,,,,,,,,1e-06,6.0,,,,,,,stable,500000000000.0,,,,,,,,,,,v8,,549
1021,Robertson,2011,J. Appl. Phys.,10.1063/1.3567559,ZrO2 ALD on InGaAs; Dit=8000000000000.0; alt-substrate study,ZrO2,,0,tetragonal,8.0,250,TDMAZ,O3,80,,,,,,,,1.1,600,30s,N2,,,,,,,,InGaAs,(100),GeOx,0.5,TaN,30,n-type,5e+17,8.0,0.9,,26,,,,,,,,,5e-06,6.0,,,,,,,stable,8000000000000.0,,,,,,,,,,,v8,,550
1022,Robertson,2011,J. Appl. Phys.,10.1063/1.3567559,ZrO2 ALD on Ge; Dit=3000000000000.0; alt-substrate study,ZrO2,,0,tetragonal,8.0,250,TDMAZ,O3,80,,,,,,,,1.1,600,30s,N2,,,,,,,,Ge,(100),GeOx,0.5,TaN,30,n-type,5e+17,8.0,0.9,,30,,,,,,,,,2e-06,6.0,,,,,,,stable,3000000000000.0,,,,,,,,,,,v8,,551
1023,Robertson,2011,J. Appl. Phys.,10.1063/1.3567559,ZrO2 ALD on SiGe; Dit=200000000000.0; alt-substrate study,ZrO2,,0,tetragonal,8.0,250,TDMAZ,O3,80,,,,,,,,1.1,600,30s,N2,,,,,,,,SiGe,(100),GeOx,0.5,TaN,30,n-type,5e+17,8.0,0.9,,29,,,,,,,,,8e-07,6.0,,,,,,,stable,200000000000.0,,,,,,,,,,,v8,,552
