row_id,first_author,year,journal,doi,notes,material_system,dopant_element,dopant_concentration_at_pct,crystal_phase,film_thickness_nm,ald_substrate_temp_C,precursor_type_Hf,oxidant_type,ald_cycle_count,precursor_dose_time_s,purge_time_precursor_s,oxidant_dose_time_s,purge_time_oxidant_s,chamber_base_pressure_Torr,co_precursor_dopant_flow_pct,plasma_power_W,growth_rate_A_per_cycle,anneal_temp_PDA_C,anneal_duration,anneal_atmosphere,anneal_ramp_rate_C_per_s,thermal_budget_C_s,PMA_temp_C,electrode_cap_material,IL_SiO2_thickness_nm,film_stress_GPa,FGA_temp_C,substrate_material,substrate_orientation,IL_type,IL_thickness_nm,top_electrode_material,top_electrode_thickness_nm,substrate_doping_type,substrate_doping_cm3,total_physical_thickness_nm,EOT_nm,device_area_cm2,k_dielectric_constant,capacitance_density_fF_um2,V_fb_V,V_th_V,freq_dispersion_dk_df_pct,TCk_ppm_C,loss_tangent_tan_delta,remnant_polarization_Pr_uC_cm2,coercive_field_Ec_MV_cm,J_g_A_cm2_at_1V,E_BD_MV_cm,TDDB_lifetime_years,Weibull_beta,SILC_stable,Q_BD_C_cm2,trap_gen_rate_dNT_cm2,O_vacancy_density_cm3,phase_stability,D_it_cm2_eV,Q_f_cm2,Q_m_cm2,delta_EV_eV,delta_EC_eV,IL_oxide_thickness_nm,N_at_interface_at_pct,carrier_mobility_cm2_Vs,delta_Vth_mV,measured_property,measured_value
1,Gieraltowska,2023,MDPI Materials,10.3390/ma16114077,HfO2 TDMAH/H2O 85C; amorphous phase,HfO2,,0,amorphous,100.0,85,TDMAH,H2O,,,,,,,,,1.6,,,N2,,,,,,,,Si,(100),native SiO2,0.5,Ni,,p-type,1000000000000000.0,100.0,,,19.8,185.0,-1.4,,,,,,,2e-6,1.0,,,,,,,stable,,1500000000000.0,,,,,,,,,
2,Gieraltowska,2023,MDPI Materials,10.3390/ma16114077,HfO2 TDMAH/H2O 100C; polycrystalline monoclinic+orthorhombic,HfO2,,0,monoclinic+orthorhombic,100.0,100,TDMAH,H2O,,,,,,,,,1.5,,,N2,,,,,,,,Si,(100),native SiO2,0.5,Ni,,p-type,1000000000000000.0,100.0,,,20.0,,,,,,,,,,,,,,,,,stable,,,,,,,,,,,
3,Gieraltowska,2023,MDPI Materials,10.3390/ma16114077,HfO2 TDMAH/H2O 200C; polycrystalline monoclinic dominant,HfO2,,0,monoclinic,100.0,200,TDMAH,H2O,,,,,,,,,1.3,,,N2,,,,,,,,Si,(100),native SiO2,0.5,Ni,,p-type,1000000000000000.0,100.0,,,22.5,,,,,,,,,,,,,,,,,stable,,,,,,,,,,,
4,Gieraltowska,2023,MDPI Materials,10.3390/ma16114077,HfO2 TDMAH/H2O 300C; well-crystallized monoclinic,HfO2,,0,monoclinic,100.0,300,TDMAH,H2O,,,,,,,,,1.2,,,N2,,,,,,,,Si,(100),native SiO2,0.5,Ni,,p-type,1000000000000000.0,100.0,,,25.0,,,,,,,,,,,,,,,,,stable,,,,,,,,,,,
5,Gieraltowska,2023,MDPI Materials,10.3390/ma16114077,HfO2 TDMAH/H2O 350C; highly crystalline monoclinic; highest k,HfO2,,0,monoclinic,100.0,350,TDMAH,H2O,,,,,,,,,1.2,,,N2,,,,,,,,Si,(100),native SiO2,0.5,Ni,,p-type,1000000000000000.0,100.0,,,30.5,,,,,,,,,,,,,,,,,stable,,,,,,,,,,,
6,Gieraltowska,2023,MDPI Materials,10.3390/ma16114077,HfO2 TDMAH/NH3-H2O 300C; N-incorporation enhances k,HfO2,,0,monoclinic,100.0,300,TDMAH,NH3_H2O,,,,,,,,,1.2,,,N2,,,,,,,,Si,(100),native SiO2,0.5,Ni,,p-type,1000000000000000.0,100.0,,,28.0,,,,,,,,,,,,,,,,,stable,,,,,,,,,,,
7,Gieraltowska,2023,MDPI Materials,10.3390/ma16114077,Al2O3/HfO2/Al2O3 5/90/5nm nanolaminate; improved leakage,HfO2/Al2O3_nanolaminate,,0,amorphous,100.0,85,TDMAH,H2O,,,,,,,,,,,,N2,,,,,,,,Si,(100),native SiO2,0.5,Ni,,p-type,1000000000000000.0,100.0,,,19.0,160.0,1.9,,,,,,,1e-8,4.0,,,,,,,stable,,-2000000000000.0,,,,,,,,,
8,Zhang,2021,Atlantis Press Proc,,HfAlO ALD annealed at 650C N2; Al:Hf~1:9,HfAlO,Al,10,tetragonal+amorphous,10.0,300,TEMAH+TMA,H2O,100,,,,,,10,,1.0,650.0,30s,N2,50.0,32500.0,,TiN,0.5,,,Si,(100),SiO2,0.5,TiN,30.0,p-type,1000000000000000.0,10.0,0.84,,23.5,,,,,,,,,6.8e-10,,,,,,,,stable,1250000000000.0,,,,,0.5,,,,,
9,Wang,2019,MDPI Micromachines,10.3390/mi10060361,Pure HfO2 reference; before Al doping,HfO2,,0,monoclinic,10.0,300,TEMAH,H2O,100,,,,,,0,,1.0,600.0,30s,N2,,,,TiN,0.5,,,Si,(100),SiO2,0.5,TiN,30.0,p-type,1000000000000000.0,10.0,,,16.64,,,,,,,,,,,,,,,,,stable,,,,,,,,,,,
10,Wang,2019,MDPI Micromachines,10.3390/mi10060361,HfAlO Al:Hf=1:9; tetragonal phase stabilized; highest k,HfAlO,Al,10,tetragonal,10.0,300,TEMAH+TMA,H2O,90+10,,,,,,10,,1.0,600.0,30s,N2,,,,TiN,0.5,,,Si,(100),SiO2,0.5,TiN,30.0,p-type,1000000000000000.0,10.0,,,21.23,,,,,,,,,,,,,,,,,stable,,,,,,,,,,,
11,Materano,2022,Nanomaterials,10.3390/nano12111729,HZO Zr:HfO2 ALD 120C chamber; PMA 700C N2 30s; Pr=13.2 uC/cm2,Hf0.5Zr0.5O2,Zr,50,orthorhombic,10.0,120,TEMAH+TEMAZr,O3,100,,,,,,50,,1.0,,,,,,700.0,TiN,,,,Si,(100),SiO2,0.5,TiN,10.0,p-type,1000000000000000.0,10.0,,,32.0,,,,,,,13.2,,,,,,,,,,stable,,,,,,,,,,,
12,Materano,2022,Nanomaterials,10.3390/nano12111729,HZO Zr:HfO2 ALD 200C chamber; PMA 700C N2 30s; 2Pr=26.37 uC/cm2,Hf0.5Zr0.5O2,Zr,50,orthorhombic,10.0,200,TEMAH+TEMAZr,O3,100,,,,,,50,,1.0,,,,,,700.0,TiN,,,,Si,(100),SiO2,0.5,TiN,10.0,p-type,1000000000000000.0,10.0,,,35.0,,,,,,,13.2,1.1,,,,,,,,,stable,,,,,,,,,,,
13,Materano,2022,Nanomaterials,10.3390/nano12111729,HZO ALD 250C chamber; PMA 700C N2 30s; 2Pr=31.8 uC/cm2,Hf0.5Zr0.5O2,Zr,50,orthorhombic,10.0,250,TEMAH+TEMAZr,O3,100,,,,,,50,,1.0,,,,,,700.0,TiN,,,,Si,(100),SiO2,0.5,TiN,10.0,p-type,1000000000000000.0,10.0,,,38.0,,,,,,,15.9,1.1,,,,,,,,,stable,,,,,,,,,,,
14,Le Rhun,2021,Applied Surface Science,10.1016/j.apsusc.2021.151592,HZO 6nm ALD TiN cap; 300C deposition; PDA 400C; 2Pr=51.2 uC/cm2,Hf0.5Zr0.5O2,Zr,50,orthorhombic,6.0,300,TEMAH+TEMAZr,O3,60,,,,,,50,,1.0,400.0,30s,N2,50.0,12000.0,400.0,TiN_ALD,,,,Si,(100),SiO2,0.3,TiN,10.0,p-type,1000000000000000.0,6.0,,,30.0,,,,,,,25.6,1.2,,,,,,,,,stable,,,,,,,,,,,
15,Liu,2025,Materials Today Physics,10.1016/j.mtphys.2025.101729,HZO TiN/O2-plasma/HZO/TiN; optimal 3-cycle O2 plasma; record Pr,Hf0.5Zr0.5O2,Zr,50,orthorhombic,10.0,250,TEMAH+TEMAZr,O3,100,,,,,,50,,1.0,400.0,30s,N2+O2_plasma,50.0,12000.0,400.0,TiN,,,,Si,(100),SiO2,0.3,TiN,10.0,p-type,1000000000000000.0,10.0,,,35.9,,,,,,,26.84,1.02,,,,,,,,,stable,,,,,,,,,,,
16,Nukala,2022,Nanoscale Advances,10.1039/D2NA00533F,HZO 20nm Pt top / Ni bottom; 650C 30s anneal,Hf0.5Zr0.5O2,Zr,50,orthorhombic,20.0,250,TEMAH+TEMAZr,O3,200,,,,,,50,,1.0,650.0,30s,N2,50.0,19500.0,,Pt,,,,Si,(100),SiO2,0.5,Pt,30.0,p-type,1000000000000000.0,20.0,,,28.0,,,,,,,19.0,1.07,,,,,,,,,stable,,,,,,,,,,,
17,Zhao,2023,Journal of Alloys and Compounds,10.1016/j.jallcom.2023.172394,HfO2/ZrO2/HfO2 trilayer; PMA 300C; k=39; 2Pr~43 uC/cm2,HfO2/ZrO2/HfO2,Zr,50,orthorhombic,10.0,250,TEMAH+TEMAZr,O3,100,,,,,,50,,1.0,,,,,,300.0,TiN,,,,Si,(100),SiO2,0.5,TiN,10.0,p-type,1000000000000000.0,10.0,,,39.0,,,,,,,21.5,1.1,,,,,,,,,stable,,,,,,,,,,,
18,Kang,2019,Microelectronic Engineering,10.1016/j.mee.2019.05.003,HZO PEALD 300C; ferroelectric o-phase without PDA,Hf0.5Zr0.5O2,Zr,50,orthorhombic+tetragonal+cubic,8.0,300,TEMAH+TEMAZr,O2_plasma,80,,,,,,50,100.0,1.1,,,,,,,TiN,,,,Si,(100),SiO2,0.3,TiN,10.0,p-type,1000000000000000.0,8.0,,,28.0,,,,,,,10.0,1.3,,,,,,,,,stable,,,,,,,,,,,
19,Zhu,2010,Applied Surface Science,10.1016/j.apsusc.2009.11.074,La-doped HfO2 MOCVD; k=28; EOT~1.2nm; high Jg; stable to 750C,HfLaO,La,5,amorphous,8.0,450,Hf(thd)4+La(thd)3,O2,,,,,,,10,,,750.0,30s,N2,50.0,22500.0,,TaN,,,,Si,(100),HfSiO,0.5,TaN,30.0,p-type,1000000000000000.0,8.0,1.2,,28.0,,,,,,,,,3.0,,,,,0.5,,,stable,,,,,,0.5,,,,,
20,Cheng,2021,ACS Applied Electronic Materials,10.1021/acsaelm.1c00672,La:HfO2 epitaxial; 2-5% La; highest Pr>20 uC/cm2; Ec reduces with La,HfLaO,La,3.5,orthorhombic,10.0,300,TEMAH+La_precursor,H2O,100,,,,,,7,,1.0,600.0,30s,N2,50.0,18000.0,,TiN,,,,Si,(100),SiO2,0.5,TiN,10.0,p-type,1000000000000000.0,10.0,,,25.0,,,,,,,10.5,0.85,,,,,,,,,stable,,,,,,,,,,,
21,Park,2022,Ceramics International,10.1016/j.ceramint.2021.08.231,Y:HfO2 ALD; cocktail precursor; tetragonal phase; k~40 for DRAM,HfYO,Y,5,tetragonal,8.0,280,TEMAH+Y_precursor,O3,80,,,,,,10,,1.1,700.0,30s,N2,50.0,21000.0,,TiN,,,,Si,(100),SiO2,0.5,TiN,10.0,p-type,1000000000000000.0,8.0,,,40.0,,,,,,,,,1e-7,,,,,,,,stable,,,,,,,,,,,
22,Kim,2023,Materials Today Advances,10.1016/j.mtadv.2023.100408,HfO2 novel precursor high-T ALD; Jg 3.1e-9 at 0.7V,HfO2,,0,tetragonal,8.0,400,Hf_novel_precursor,O3,80,2,20,5.0,20,1e-4,,,1.2,600.0,30s,N2,50.0,18000.0,,TiN,0.5,,,Si,(100),SiO2,0.5,TiN,10.0,p-type,1000000000000000.0,8.0,,,22.0,,,,,,,,,3.1e-9,8.5,,,,,,,stable,,,,,,,,,,,
23,Cho,2023,Micromachines,10.3390/mi14010163,HfO2 PEALD TDMAHf/O2-plasma; GPC=2.4 A/cycle; trench uniformity,HfO2,,0,monoclinic,20.0,250,TDMAHf,O2_plasma,200,0.5,30,60.0,30,1e-3,,200.0,2.4,500.0,30s,N2,50.0,15000.0,,TiN,0.5,,,Si,(100),SiO2,0.5,TiN,20.0,p-type,1000000000000000.0,20.0,1.5,,20.0,,,,,,,,,1e-7,7.0,,,,,,,stable,,,,,,,,,,,
24,Hausmann,2002,MRS Proceedings,10.1557/PROC-765-D3.8,HfO2 TDMAH/O3 200C; k=16,HfO2,,0,amorphous,10.0,200,TDMAH,O3,100,2,20,3.0,20,1e-4,,,1.3,420.0,30s,N2,50.0,12600.0,,TiN,0.5,,,Si,(100),SiO2,0.5,TiN,10.0,p-type,1000000000000000.0,10.0,1.5,,16.0,,,,,,,,,1e-7,7.5,,,,,,,stable,,,,,,,,,,,
25,Hausmann,2002,MRS Proceedings,10.1557/PROC-765-D3.8,HfO2 TDMAH/O3 320C; k=20 vs 16 at 200C,HfO2,,0,monoclinic,10.0,320,TDMAH,O3,100,2,20,3.0,20,1e-4,,,1.2,420.0,30s,N2,50.0,12600.0,,TiN,0.5,,,Si,(100),SiO2,0.5,TiN,10.0,p-type,1000000000000000.0,10.0,1.2,,20.0,,,,,,,,,5e-8,8.0,,,,,,,stable,,,,,,,,,,,
26,Conley,2003,Applied Physics Letters,10.1063/1.1540728,HfO2 TEMAH/H2O 300C; RTA 600C N2; k=15.9; 3-6 OOM lower leakage than SiO2,HfO2,,0,monoclinic,5.0,300,TEMAH,H2O,50,2,20,3.0,20,1e-5,,,1.0,600.0,30s,N2,50.0,18000.0,,TiN,0.5,,,Si,(100),SiO2,1.0,TiN,30.0,p-type,1000000000000000.0,5.0,1.5,,15.9,,,,,,,,,1e-7,8.0,,,,,,,stable,,,,,,,,,,,
27,Liao,2024,ACS Applied Electronic Materials,10.1021/acsaelm.4c02224,HfO2 on HOPG graphite via EPALS; k=19.65; EOT=1.46nm,HfO2,,0,monoclinic+amorphous,7.0,250,TDMAH,H2O,70,2,20,5.0,20,1e-5,,,1.3,500.0,30s,N2,50.0,15000.0,,Ni,0.5,,,HOPG,,none,0.0,Ni,20.0,n-type,1e+16,7.0,1.46,,19.65,,,,,,,,,1e-7,6.5,,,,,,,stable,,,,,,,,,,,
28,Cho,2008,Thin Solid Films,10.1016/j.tsf.2008.NA,HfSiO PDA transforms HfOx/SiO2 to HfSixOy; EOT=1.15nm,HfSiO,Si,15,amorphous,5.0,300,HfCl4+SiH4,O2,50,,,,,1e-5,15,,1.0,800.0,30s,N2,50.0,24000.0,,TaN,0.8,,,Si,(100),SiO2,0.8,TaN,30.0,p-type,1000000000000000.0,5.0,1.15,,15.0,,,,,,,,,1e-7,7.0,,,,,,,stable,100000000000.0,,,,,0.5,,,,,
29,Bersuker,2005,Journal of Applied Physics,10.1063/1.1948aborative,HfSiO TaN gate various thicknesses; EOT 2.05-4.27nm; Dit~1e11,HfSiO,Si,20,amorphous,10.0,300,TEMAH+TEOS,O2,100,,,,,1e-5,20,,1.0,600.0,30s,N2,50.0,18000.0,,TaN,1.0,,,Si,(100),SiO2,1.0,TaN,30.0,p-type,1000000000000000.0,10.0,2.05,,12.0,,,,,,,,,5e-8,7.5,,,,,,,stable,100000000000.0,,,,,1.0,,,,,
30,Kim,2019,Nanoscale Research Letters,10.1186/s11671-019-2989-8,ZrO2 ALD TDMAZ/O3 200-250C; k=32.57; Jg=3.3e-6 A/cm2 at 1MV/cm,ZrO2,,0,tetragonal,10.0,225,TDMAZ,O3,100,2,20,5.0,20,1e-4,,,1.1,800.0,30s,N2,50.0,24000.0,,TiN,0.5,,,Si,(100),SiO2,0.5,TiN,20.0,p-type,1000000000000000.0,10.0,1.2,,32.57,,,,,,,,,3.3e-6,6.5,,,,,,,stable,2480000000000.0,,,,,0.5,,,,,
31,Prechtl,2003,IEEE IEDM,10.1109/IEDM.2003.NA,La2O3 high quality; EOT=0.48nm; Dit=3e10; Jg=0.06 A/cm2; EBD>13 MV/cm,La2O3,,0,amorphous,4.0,350,La_precursor,O2,40,2,30,5.0,30,1e-5,,,0.8,800.0,30s,N2,50.0,24000.0,,TaN,0.5,,,Si,(100),La2SiOx,0.3,TaN,30.0,p-type,1000000000000000.0,4.0,0.48,,27.0,,,,,,,,,0.06,>13,,,,,,,stable,30000000000.0,,,,,0.3,,,,,
32,Liu,2022,Scientific Reports,10.1038/s41598-022-09054-7,Al2O3 TMA/O3 150C; k=7.5; EBD=8.3 MV/cm; low C impurity,Al2O3,,0,amorphous,10.0,150,TMA,O3,100,1,15,3.0,15,1e-4,,,1.1,400.0,30s,N2,50.0,12000.0,,Al,0.5,,,Si,(100),native Al2O3,0.3,Al,50.0,p-type,1000000000000000.0,10.0,4.3,,7.5,,,,,,,,,1e-8,8.3,,,,,,,stable,,,,,,,,,,,
33,Becker,2003,Applied Surface Science,10.1016/S0169-4332(02)01337-8,Al2O3 TMA/H2O 300C; k=7.6; standard thermal ALD reference,Al2O3,,0,amorphous,10.0,300,TMA,H2O,100,1,20,2.0,20,1e-4,,,1.0,400.0,30s,N2,50.0,12000.0,,Al,0.5,,,Si,(100),native Al2O3,0.5,Al,50.0,p-type,1000000000000000.0,10.0,4.7,,7.6,,,,,,,,,5e-9,9.0,,,,,,,stable,,,,,,,,,,,
34,Kukli,2009,Microelectronic Engineering,10.1016/j.mee.2009.04.004,Ta2O5 ALD MIM capacitor; k=27; EOT=3.1nm; Poole-Frenkel leakage,Ta2O5,,0,amorphous,20.0,250,TaCl5,H2O,200,3,20,5.0,20,1e-4,,,0.6,600.0,30s,N2,50.0,18000.0,,TiN,,,,TiN,,none,0.0,TiN,30.0,n-type,1e+18,20.0,3.1,,27.0,,,,,,,,,1e-6,5.5,,,,,,,stable,,,,,,,,,,,
35,Whipple,2006,Journal of Vacuum Science,10.1116/1.2180265,HfO2 ALD on strained Si/SiGe; 50 cycles; k~19,HfO2,,0,amorphous,5.0,300,TEMAH,H2O,50,2,20,3.0,20,1e-5,,,1.0,600.0,30s,N2,50.0,18000.0,,TiN,0.5,,,Si0.8Ge0.2/Si,(100),SiO2,0.8,TiN,30.0,p-type,1000000000000000.0,5.0,1.8,,19.0,,,,,,,,,1e-7,7.0,,,,,,,stable,,,,,,,,,,,
36,Kim,2025,Nano Convergence,10.1186/s40580-025-00477-2,La+Si co-doped HZO; anti-FE suppressed; linear high-k for DRAM,HfZrO2_LaSi,La+Si,3+3,tetragonal,10.0,280,TEMAH+TEMAZr+La+Si_precursors,O3,100,,,,,,3+3,,1.1,600.0,30s,N2,50.0,18000.0,,TiN,0.5,,,Si,(100),SiO2,0.5,TiN,10.0,p-type,1000000000000000.0,10.0,0.8,,38.0,,,,,,,1.0,,1e-7,8.0,,,,,,,stable,,,,,,,,,,,
37,Ezhilvalavan,2009,MRS Proceedings,10.1557/PROC-1158-F03-08,Nb2O5 ALD k=41; MIM bypass capacitor; EOT=2.9nm,Nb2O5,,0,amorphous,15.0,250,Nb_precursor,H2O,150,3,20,5.0,20,1e-4,,,0.7,600.0,30s,N2,50.0,18000.0,,TiN,,,,TiN,,none,0.0,TiN,30.0,n-type,1e+18,15.0,2.9,,41.0,,,,,,,,,1e-6,5.0,,,,,,,stable,,,,,,,,,,,
38,Kukli,2002,Thin Solid Films,10.1016/S0040-6090(02)00742-3,HfO2 HfCl4/H2O ALD; classic chloride precursor; k~16; Cl impurity risk,HfO2,,0,monoclinic,10.0,300,HfCl4,H2O,100,3,30,5.0,30,1e-4,,,1.0,600.0,30s,N2,50.0,18000.0,,Au,0.5,,,Si,(100),SiO2,0.5,Au,50.0,p-type,1000000000000000.0,10.0,1.5,,16.0,,,,,,,,,5e-7,7.0,,,,,,,stable,,,,,,,,,,,
39,Jeong,2017,Scientific Reports,10.1038/srep41831,LaAlO3 ALD composite; k~22; large band gap; good band offset to Si,LaAlO3,Al+La,50,amorphous,8.0,300,La_precursor+TMA,O3,80,2,20,5.0,20,1e-5,50,,1.0,700.0,30s,N2,50.0,21000.0,,TaN,0.5,,,Si,(100),SiO2,0.5,TaN,30.0,p-type,1000000000000000.0,8.0,1.4,,22.0,,,,,,,,,1e-8,8.5,,,,,,,stable,200000000000.0,,,1.8,2.2,0.5,,,,,
40,Spiga,2012,Thin Solid Films,10.1016/j.tsf.2012.03.030,HfO2 ALD H2O vs O3; H2O causes OH groups; O3 better interface,HfO2,,0,monoclinic,10.0,300,TEMAH,H2O,100,2,30,5.0,30,1e-4,,,1.1,800.0,30s,N2,50.0,24000.0,,TiN,0.5,,,Si,(100),SiO2,0.8,TiN,30.0,p-type,1000000000000000.0,10.0,1.3,,18.5,,,,,,,,,2e-7,7.5,,,,,,,stable,500000000000.0,,,,,0.8,,,,,
41,Spiga,2012,Thin Solid Films,10.1016/j.tsf.2012.03.030,HfO2 ALD O3 oxidant; better interface quality vs H2O,HfO2,,0,monoclinic,10.0,300,TEMAH,O3,100,2,20,5.0,20,1e-4,,,1.2,800.0,30s,N2,50.0,24000.0,,TiN,0.5,,,Si,(100),SiO2,0.5,TiN,30.0,p-type,1000000000000000.0,10.0,1.1,,20.0,,,,,,,,,8e-8,8.0,,,,,,,stable,200000000000.0,,,,,0.5,,,,,
42,Bersuker,2006,Journal of Applied Physics,10.1063/1.2165419,HfO2 ALD + FGA 400C H2/N2; Dit reduced to <5e10 cm-2eV-1,HfO2,,0,monoclinic,10.0,300,TEMAH,H2O,100,2,20,3.0,20,1e-5,,,1.0,600.0,60s,N2,50.0,18000.0,,TiN,0.5,,400.0,Si,(100),SiO2,0.5,TiN,30.0,p-type,1000000000000000.0,10.0,1.2,,20.0,,-0.5,,,,,,,5e-8,7.5,,,,,,,stable,45000000000.0,,,,,0.5,,420.0,,,
43,Liu,2015,Journal of Alloys and Compounds,10.1016/j.jallcom.2015.05.152,HfO2 TEMA-Hf/H2O 160C; 200cycles; k=~20,HfO2,,0,amorphous,32.7,160,TEMA-Hf,H2O,200,,,,,0.2,,,16.3,,,N2,,,,,,,,Si,(100),native SiO2,0.5,Al,,p-type,1000000000000000.0,32.7,,,20.0,,,,,,,,,,,,,,,,,stable,,,,,,,,,,,
44,Liu,2015,Journal of Alloys and Compounds,10.1016/j.jallcom.2015.05.152,HfO2 TEMA-Hf/H2O 180C; 200cycles; k=~22,HfO2,,0,amorphous,19.4,180,TEMA-Hf,H2O,200,,,,,0.2,,,9.7,,,N2,,,,,,,,Si,(100),native SiO2,0.5,Al,,p-type,1000000000000000.0,19.4,,,22.0,,,,,,,,,,,,,,,,,stable,,,,,,,,,,,
45,Liu,2015,Journal of Alloys and Compounds,10.1016/j.jallcom.2015.05.152,HfO2 TEMA-Hf/H2O 200C; 200cycles; k=~25,HfO2,,0,monoclinic+amorphous,20.6,200,TEMA-Hf,H2O,200,,,,,0.2,,,10.3,,,N2,,,,,,,,Si,(100),native SiO2,0.5,Al,,p-type,1000000000000000.0,20.6,,,25.0,,,,,,,,,,,,,,,,,stable,,,,,,,,,,,
46,Liu,2015,Journal of Alloys and Compounds,10.1016/j.jallcom.2015.05.152,HfO2 TEMA-Hf/H2O 220C; 200cycles; k=~25,HfO2,,0,monoclinic,18.1,220,TEMA-Hf,H2O,200,,,,,0.2,,,9.1,,,N2,,,,,,,,Si,(100),native SiO2,0.5,Al,,p-type,1000000000000000.0,18.1,,,25.0,,,,,,,,,,,,,,,,,stable,,,,,,,,,,,
47,Liu,2015,Journal of Alloys and Compounds,10.1016/j.jallcom.2015.05.152,HfO2 TEMA-Hf/H2O 240C; 200cycles; k=~24,HfO2,,0,monoclinic,20.8,240,TEMA-Hf,H2O,200,,,,,0.2,,,10.4,,,N2,,,,,,,,Si,(100),native SiO2,0.5,Al,,p-type,1000000000000000.0,20.8,,,24.0,,,,,,,,,,,,,,,,,stable,,,,,,,,,,,
48,Liu,2015,Journal of Alloys and Compounds,10.1016/j.jallcom.2015.05.152,HfO2 TEMA-Hf/H2O 260C; 200cycles; k=~20,HfO2,,0,monoclinic,11.4,260,TEMA-Hf,H2O,200,,,,,0.2,,,5.7,,,N2,,,,,,,,Si,(100),native SiO2,0.5,Al,,p-type,1000000000000000.0,11.4,,,20.0,,,,,,,,,,,,,,,,,stable,,,,,,,,,,,
49,RIT_MicroEng,2018,Microelectronic Engineering Conference,,Al2O3 TMA/H2O 200C; k=8.36; EBD=17-24.5 MV/cm; 32nm,Al2O3,,0,amorphous,31.8,200,TMA,H2O,328,,,,,,,,0.97,,,N2,,,,,,,,Si,(100),native SiO2,0.5,Al,50.0,p-type,1000000000000000.0,31.8,,,8.36,,,,,,,,,,20.8,,,,,,,stable,,,,,,,,,,,
50,RIT_MicroEng,2018,Microelectronic Engineering Conference,,HfO2 200C 200-cycle; k=24.8; EBD=16.8-27 MV/cm; 35nm,HfO2,,0,monoclinic,34.7,200,TEMAH,H2O,368,,,,,,,,0.95,,,N2,,,,,,,,Si,(100),native SiO2,0.5,Al,50.0,p-type,1000000000000000.0,34.7,,,24.8,,,,,,,,,,21.9,,,,,,,stable,,,,,,,,,,,
51,Tang,2020,Journal of Alloys and Compounds,10.1016/j.jallcom.2020.157246,Al2O3 AlCl3/H2O Ar 250C; saturation GPC=0.1 nm/cycle; laser AR,Al2O3,,0,amorphous,,250,AlCl3,H2O,100,0.1,6.0,0.1,2.0,,,,1.0,,,N2,,,,,,,,Si,,native SiO2,0.3,Al,50.0,p-type,1000000000000000.0,,,,9.1,,,,,,,,,,,,,,,,,stable,,,,,,,,,,,
52,Tang,2020,Journal of Alloys and Compounds,10.1016/j.jallcom.2020.157246,HfO2 HfCl4/H2O Ar 250C; GPC=0.9 A/cycle; laser application,HfO2,,0,monoclinic,,250,HfCl4,H2O,100,1.6,5.0,0.1,1.0,atm,,,0.9,,,N2,,,,,,,,Si,,native SiO2,0.5,Al,50.0,p-type,1000000000000000.0,,,,16.0,,,,,,,,,,,,,,,,,stable,,,,,,,,,,,
53,Tang,2020,Journal of Alloys and Compounds,10.1016/j.jallcom.2020.157246,HfO2 TEMAH/H2O Ar 250C; GPC=1.0 A/cycle; improved purity vs HfCl4,HfO2,,0,monoclinic,,250,TEMAH,H2O,100,1.6,10.0,0.1,2.0,atm,,,1.0,,,N2,,,,,,,,Si,,native SiO2,0.5,Al,50.0,p-type,1000000000000000.0,,,,18.0,,,,,,,,,,,,,,,,,stable,,,,,,,,,,,
54,Martella,2023,Applied Surface Science,10.1016/j.apsusc.2023.157248,Al2O3 TMA/H2O 250C on MoS2/Au; 40cy=3.6nm; H2O: incomplete nucleation,Al2O3,,0,amorphous,3.6,250,TMA,H2O,40,,,,,10Pa,,,0.88,,,N2,,,,,,,,MoS2_2D,,none,0.0,Au,,n-type,1000000000000.0,3.6,,,7.5,,,,,,,,,,,,,,,,,stable,,,,,,,,,,,
55,Martella,2023,Applied Surface Science,10.1016/j.apsusc.2023.157248,HfO2 TDMAHf/H2O 290C on MoS2/Au; 80cy=7.1nm; localized BD spots,HfO2,,0,amorphous,7.1,290,TDMAHf,H2O,80,,,,,10Pa,,,0.88,,,N2,,,,,,,,MoS2_2D,,none,0.0,Au,,n-type,1000000000000.0,7.1,,,18.0,,,,,,,,,,,,,,,,,stable,,,,,,,,,,,
56,Zhang,2016,Journal of Alloys and Compounds,10.1016/j.jallcom.2016.07.283,HfO2 on n-GaAs; Dit=8.12e12; self-cleaning effect study,HfO2,,0,amorphous,10.0,300,TEMAH,H2O,100,,,,,,,,1.0,600.0,30s,N2,,,,TaN,0.5,,,GaAs,(100),Ga2O3/GeO2,0.5,TaN,30.0,n-type,5e+17,10.0,,,18.0,,,,,,,,,1e-6,5.5,,,,,,,stable,8120000000000.0,,,2.1,2.8,0.5,,,,,
57,Zhang,2016,Journal of Alloys and Compounds,10.1016/j.jallcom.2016.07.283,HfAlO on n-GaAs; self-cleaning; best frequency dispersion & k,HfAlO,Al,10,amorphous,10.0,300,TEMAH+TMA,H2O,90+10,,,,,,10,,1.0,600.0,30s,N2,,,,TaN,0.5,,,GaAs,(100),Ga2O3/GeO2,0.3,TaN,30.0,n-type,5e+17,10.0,,,22.0,,,,,,,,,5e-7,6.5,,,,,,,stable,300000000000.0,,,2.1,2.8,0.3,,,,,
58,Liu_ZrO2,2019,Nanoscale Research Letters,10.1186/s11671-019-2989-8,ZrO2 TDMAZ/O3 200C; k=32.57; 100cycles,ZrO2,,0,cubic+orthorhombic,12.5,200,TDMAZ,O3,100,,,,,atm,,,1.25,800.0,30s,N2,50.0,24000.0,,TiN,0.5,,,Si,(100),SiO2,0.5,TiN,20.0,p-type,1000000000000000.0,12.5,1.2,,32.57,,,,,,,,,3.3e-6,6.5,,,,,,,stable,,,,,,,,,,,
59,Liu_ZrO2,2019,Nanoscale Research Letters,10.1186/s11671-019-2989-8,ZrO2 TDMAZ/O3 250C; k=32.57; 100cycles,ZrO2,,0,monoclinic+orthorhombic,12.5,250,TDMAZ,O3,100,,,,,atm,,,1.25,800.0,30s,N2,50.0,24000.0,,TiN,0.5,,,Si,(100),SiO2,0.5,TiN,20.0,p-type,1000000000000000.0,12.5,1.2,,32.57,,,,,,,,,3.3e-6,6.5,,,,,,,stable,,,,,,,,,,,
60,Liu_ZrO2,2019,Nanoscale Research Letters,10.1186/s11671-019-2989-8,ZrO2 TDMAZ/O3 300C; k=28.0; 100cycles,ZrO2,,0,monoclinic,12.5,300,TDMAZ,O3,100,,,,,atm,,,1.1,800.0,30s,N2,50.0,24000.0,,TiN,0.5,,,Si,(100),SiO2,0.5,TiN,20.0,p-type,1000000000000000.0,12.5,1.2,,28.0,,,,,,,,,3.3e-6,6.5,,,,,,,stable,,,,,,,,,,,
61,Liu_ZrO2,2019,Nanoscale Research Letters,10.1186/s11671-019-2989-8,ZrO2 TDMAZ/O3 350C; k=22.0; 100cycles,ZrO2,,0,monoclinic,12.5,350,TDMAZ,O3,100,,,,,atm,,,0.9,800.0,30s,N2,50.0,24000.0,,TiN,0.5,,,Si,(100),SiO2,0.5,TiN,20.0,p-type,1000000000000000.0,12.5,1.2,,22.0,,,,,,,,,3.3e-6,6.5,,,,,,,stable,,,,,,,,,,,
62,Hartmann,2024,arXiv,2407.04501,Al2O3 TMA/H2O 200C; k=9.0 at 300K; k=7.74 at 3K (14% reduction),Al2O3,,0,amorphous,9.0,200,TMA,H2O,90,1.0,20,2.0,20,,,,1.0,,,N2,,,,,,,,MIM,,none,0.0,Al,50.0,n-type,1e+18,9.0,,,9.0,,,,,,,,,,,,,,,,,stable,,,,,,,,,,,
63,Hartmann,2024,arXiv,2407.04501,HfO2 TDMAH/H2O 130C; k=25 at 300K; k=22.75 at 3K; amorphous,HfO2,,0,amorphous,10.0,130,TDMAH,H2O,100,1.0,20,2.0,20,,,,1.0,,,N2,,,,,,,,MIM,,none,0.0,Al,50.0,n-type,1e+18,10.0,,,25.0,,,,,,,,,,,,,,,,,stable,,,,,,,,,,,
64,Azcatl,2014,ACS Applied Materials Interfaces,10.1021/am5032105,Al2O3 TMA/O3 200C on MoS2; uniform coverage; Mo-oxide interlayer side-effect,Al2O3,,0,amorphous,4.0,200,TMA,O3,40,,,,,,,,1.0,,,N2,,,,,,,,MoS2_2D,,MoOx,0.3,Au,,n-type,1000000000000.0,4.0,,,8.5,,,,,,,,,,,,,,,,,stable,,,,,,,,,,,
65,Azcatl,2014,ACS Applied Materials Interfaces,10.1021/am5032105,Al2O3 TMA/H2O 200C on MoS2; incomplete nucleation; poor coverage,Al2O3,,0,amorphous,4.0,200,TMA,H2O,40,,,,,,,,1.0,,,N2,,,,,,,,MoS2_2D,,none,0.0,Au,,n-type,1000000000000.0,4.0,,,7.8,,,,,,,,,,,,,,,,,stable,,,,,,,,,,,
66,Frontiers_Nano,2025,Frontiers in Nanotechnology,10.3389/fnano.2025.1621554,HfO2 TDMAHf/H2O Ar 250C; TiN substrate; 100cy=10.28nm; memristor,HfO2,,0,amorphous,10.28,250,TDMAHf,H2O,100,0.25,5.0,0.06,5.0,,,,1.028,,,Ar,,,,,,,,TiN,,none,0.0,TiN,30.0,n-type,1e+20,10.28,,,20.0,,,,,,,,,,,,,,,,,stable,,,,,,,,,,,
67,Frontiers_Nano,2025,Frontiers in Nanotechnology,10.3389/fnano.2025.1621554,Ta2O5 PDMATa/H2O Ar 250C; TiN substrate; 80cy=6.74nm; memristor bilayer,Ta2O5,,0,amorphous,6.74,250,PDMATa,H2O,80,0.6,5.0,0.06,5.0,,,,0.842,,,Ar,,,,,,,,TiN,,none,0.0,TiN,30.0,n-type,1e+20,6.74,,,25.0,,,,,,,,,1e-6,5.0,,,,,,,stable,,,,,,,,,,,
68,ACS_Omega,2025,ACS Omega,10.1021/acsomega.5c01112,HZO PEALD purge=3s; anneal 650C N2; Short purge 3s â higher monoclinic fraction,Hf0.5Zr0.5O2,Zr,50,monoclinic+orthorhombic,10.0,300,TEMA-Hf+TEMA-Zr,O2_plasma,100,,3,,3,,50,150.0,1.0,650.0,30s,N2,50.0,19500.0,,TiN,,,,Si,(100),SiO2,0.5,TiN,10.0,p-type,1000000000000000.0,10.0,,,32.0,,,,,,,,,,,,,,,,,stable,,,,,,,,,,,
69,ACS_Omega,2025,ACS Omega,10.1021/acsomega.5c01112,HZO PEALD purge=5s; anneal 650C N2; Purge 5s â mixed o+m,Hf0.5Zr0.5O2,Zr,50,orthorhombic+monoclinic,10.0,300,TEMA-Hf+TEMA-Zr,O2_plasma,100,,5,,5,,50,150.0,1.0,650.0,30s,N2,50.0,19500.0,,TiN,,,,Si,(100),SiO2,0.5,TiN,10.0,p-type,1000000000000000.0,10.0,,,32.0,,,,,,,,,,,,,,,,,stable,,,,,,,,,,,
70,ACS_Omega,2025,ACS Omega,10.1021/acsomega.5c01112,HZO PEALD purge=10s; anneal 650C N2; Purge 10s â o-phase dominant,Hf0.5Zr0.5O2,Zr,50,orthorhombic,10.0,300,TEMA-Hf+TEMA-Zr,O2_plasma,100,,10,,10,,50,150.0,1.0,650.0,30s,N2,50.0,19500.0,,TiN,,,,Si,(100),SiO2,0.5,TiN,10.0,p-type,1000000000000000.0,10.0,,,32.0,,,,,,,,,,,,,,,,,stable,,,,,,,,,,,
71,ACS_Omega,2025,ACS Omega,10.1021/acsomega.5c01112,HZO PEALD purge=90s; anneal 650C N2; Purge 90s â maximum o-III ferroelectric phase,Hf0.5Zr0.5O2,Zr,50,orthorhombic_o-III,10.0,300,TEMA-Hf+TEMA-Zr,O2_plasma,100,,90,,90,,50,150.0,1.0,650.0,30s,N2,50.0,19500.0,,TiN,,,,Si,(100),SiO2,0.5,TiN,10.0,p-type,1000000000000000.0,10.0,,,32.0,,,,,,,,,,,,,,,,,stable,,,,,,,,,,,
72,Park_AMI,2015,ACS Applied Materials Interfaces,10.1021/am506525s,HfAlO Al=0.5% Mo electrode; k=24.0; near-pure HfO2; monoclinic; high k,HfAlO,Al,0.5,monoclinic,70.0,250,TDMAHf+TMA,H2O,varies,,,,,atm,0.5,,1.0,,,N2,,,,Mo,0.5,,,Si,(100),SiO2,0.5,Mo,30.0,p-type,1000000000000000.0,70.0,,,24.0,,,,,,,,,1e-7,7.0,,,,,,,stable,,,,,,,,,,,
73,Park_AMI,2015,ACS Applied Materials Interfaces,10.1021/am506525s,HfAlO Al=2.1% Mo electrode; k=22.0; low Al; mixed phase,HfAlO,Al,2.1,monoclinic+cubic,70.0,250,TDMAHf+TMA,H2O,varies,,,,,atm,2.1,,1.0,,,N2,,,,Mo,0.5,,,Si,(100),SiO2,0.5,Mo,30.0,p-type,1000000000000000.0,70.0,,,22.0,,,,,,,,,1e-7,7.0,,,,,,,stable,,,,,,,,,,,
74,Park_AMI,2015,ACS Applied Materials Interfaces,10.1021/am506525s,HfAlO Al=4.8% Mo electrode; k=19.0; mid Al; tetragonal stabilized,HfAlO,Al,4.8,tetragonal+cubic,70.0,250,TDMAHf+TMA,H2O,varies,,,,,atm,4.8,,1.0,,,N2,,,,Mo,0.5,,,Si,(100),SiO2,0.5,Mo,30.0,p-type,1000000000000000.0,70.0,,,19.0,,,,,,,,,1e-7,7.0,,,,,,,stable,,,,,,,,,,,
75,Park_AMI,2015,ACS Applied Materials Interfaces,10.1021/am506525s,HfAlO Al=9.7% Mo electrode; k=15.0; high Al; amorphous-like; lower k,HfAlO,Al,9.7,cubic_amorphous,70.0,250,TDMAHf+TMA,H2O,varies,,,,,atm,9.7,,1.0,,,N2,,,,Mo,0.5,,,Si,(100),SiO2,0.5,Mo,30.0,p-type,1000000000000000.0,70.0,,,15.0,,,,,,,,,1e-7,7.0,,,,,,,stable,,,,,,,,,,,
76,Park_AMI,2015,ACS Applied Materials Interfaces,10.1021/am506525s,ZrAlO Al=1.0% Mo electrode; k=30.0; low Al ZrO2; tetragonal,ZrAlO,Al,1.0,tetragonal,70.0,250,TDMAZr+TMA,H2O,varies,,,,,atm,1.0,,1.0,,,N2,,,,Mo,0.5,,,Si,(100),SiO2,0.5,Mo,30.0,p-type,1000000000000000.0,70.0,,,30.0,,,,,,,,,1e-7,7.0,,,,,,,stable,,,,,,,,,,,
77,Park_AMI,2015,ACS Applied Materials Interfaces,10.1021/am506525s,ZrAlO Al=10.0% Mo electrode; k=20.0; high Al ZrO2; amorphous,ZrAlO,Al,10.0,cubic_amorphous,70.0,250,TDMAZr+TMA,H2O,varies,,,,,atm,10.0,,1.0,,,N2,,,,Mo,0.5,,,Si,(100),SiO2,0.5,Mo,30.0,p-type,1000000000000000.0,70.0,,,20.0,,,,,,,,,1e-7,7.0,,,,,,,stable,,,,,,,,,,,
78,Beilstein,2015,Beilstein Journal of Nanotechnology,10.3762/bjnano.6.58,Al2O3 AlCl3/H2O N2 300C; AR coating; LIDT=40 J/cm2 at 1064nm,Al2O3,,0,amorphous,,300,AlCl3,H2O,100,0.1,6.0,0.1,2.0,atm,,,1.0,,,N2,,,,,,,,Si,,none,0.0,Al,50.0,p-type,1000000000000000.0,,,,9.0,,,,,,,,,,,,,,,,,stable,,,,,,,,,,,
79,Beilstein,2015,Beilstein Journal of Nanotechnology,10.3762/bjnano.6.58,HfO2/Al2O3 AR multilayer HfCl4+AlCl3/H2O N2 300C; LIDT=18 J/cm2,HfO2/Al2O3_multilayer,,0,amorphous,,300,HfCl4+AlCl3,H2O,varies,1.6_0.1,5.0_6.0,0.1,1.0_2.0,atm,,,1.0,,,N2,,,,,,,,Si,,none,0.0,Al,50.0,p-type,1000000000000000.0,,,,14.0,,,,,,,,,,,,,,,,,stable,,,,,,,,,,,
80,arXiv_2601,2026,arXiv preprint,2601.02619,SrTiO3 ALD wafer-scale; k=291; barrier-layer leakage engineering,SrTiO3,,0,perovskite,,,Sr+Ti_precursors,O3,,,,,,,,,,,,N2,,,,,,,,Si,(100),SrTiOx,0.5,TiN,10.0,p-type,1000000000000000.0,,,,291,,,,,,,,,1e-5,3.0,,,,,,,stable,,,,,,,,,,,
81,Alam,2024,arXiv preprint,2512.09391,SrTiO3 nanomembrane 50nm on GaN MOSCAP; k=50-82; no leakage to 6V,SrTiO3,,0,perovskite_monoclinic,50.0,RT,nanomembrane_transfer,,,,,,,,,,,250.0,60s,ambient,10.0,15000.0,,,,,,GaN,,GaOx,0.3,Au,50.0,n-type,1e+17,50.0,,,66,,,,negligible,,,,,negligible,,,,,,,,stable,,,,,,,,,,,
82,Alam,2024,arXiv preprint,2512.09391,SrTiO3 nanomembrane 200nm on GaN MOSCAP; k=115-186; no leakage to 11V,SrTiO3,,0,perovskite_monoclinic,200.0,RT,nanomembrane_transfer,,,,,,,,,,,250.0,60s,ambient,10.0,15000.0,,,,,,GaN,,GaOx,0.3,Au,50.0,n-type,1e+17,200.0,,,150,,,,negligible,,,,,negligible,,,,,,,,stable,,,,,,,,,,,
83,ACS_JPCC,2022,Journal of Physical Chemistry C,10.1021/acs.jpcc.2c04425,TiO2 TDMAT/O2 high-T; GPC drops with T due to OH depletion; anatase/rutile,TiO2,,0,anatase+rutile,,300,TDMAT,O2,100,,,,,,,,0.5,600.0,30s,N2,,,,,,,,Si,(100),SiO2,0.5,Al,50.0,p-type,1000000000000000.0,,,,40.0,,,,,,,,,1e-5,2.5,,,,,,,stable,,,,,,,,,,,
84,ACS_JPCC,2022,Journal of Physical Chemistry C,10.1021/acs.jpcc.2c04425,TiO2 TTIP/O2 high-T; comparison precursor study,TiO2,,0,anatase,,400,TTIP,O2,100,,,,,,,,0.4,600.0,30s,N2,,,,,,,,Si,(100),SiO2,0.5,Al,50.0,p-type,1000000000000000.0,,,,55.0,,,,,,,,,5e-5,2.0,,,,,,,stable,,,,,,,,,,,
85,Sharma,2020,J. Vacuum Science Technology A,10.1116/6.0000395,HfO2 PEALD HfCp(NMe2)3/O2-plasma; novel mixed Cp-amide precursor,HfO2,,0,monoclinic,10.0,300,HfCp(NMe2)3,O2_plasma,100,,,,,,,100.0,1.1,500.0,30s,N2,50.0,15000.0,,TiN,0.5,,,Si,(100),SiO2,0.5,TiN,10.0,p-type,1000000000000000.0,10.0,,,21.0,,,,,,,,,5e-8,8.0,,,,,,,stable,,,,,,,,,,,
86,Robertson,2004,Eur Phys J Applied Physics,10.1051/epjap:2004206,Y2O3 tabulated reference; k=15; BG=6.0eV,Y2O3,,0,cubic,,,,,,,,,,,,,,,,,,,,,,,,Si,(100),SiO2,0.5,Au,50.0,p-type,1000000000000000.0,,,,15,,,,,,,,,,,,,,,,,stable,,,,,,,,,,,
87,Robertson,2004,Eur Phys J Applied Physics,10.1051/epjap:2004206,TiO2 tabulated reference; k=80; BG=3.5eV,TiO2,,0,rutile,,,,,,,,,,,,,,,,,,,,,,,,Si,(100),SiO2,0.5,Au,50.0,p-type,1000000000000000.0,,,,80,,,,,,,,,,,,,,,,,stable,,,,,,,,,,,
88,La_Al_Oxide,2020,Journal of Alloys and Compounds,10.1016/j.jallcom.2020.156182,La2O3-Al2O3 sol-gel La:Al=2:8; k=10.72; Jg=1.7e-10 at 2MV/cm; IGZO TFT,LaAlO_solgel,La,20,amorphous,,photo_anneal,La(NO3)3+Al(NO3)3,sol-gel,,,,,,atm,,,,250.0,UV_photo,ambient,10.0,2500.0,,,0.5,,,flexible_substrate,,none,0.0,ITO,50.0,n-type,1e+17,,,,10.72,,,,,,,,,1.7e-10,4.8,,,,,,,stable,,,,,,,,8.5,,,
89,Duempelmann,2017,Journal of Materials Chemistry C,10.1039/C6TC05158H,BaTiO3 ALD perovskite; ultra-high k; Ba:Ti ratio critical,BaTiO3,,0,perovskite,,250,Ba+Ti_precursors,H2O_O3,100,,,,,,,,,700.0,30s,O2,50.0,21000.0,,,,,,Si,(100),TiO2_seed,1.0,Pt,30.0,p-type,1000000000000000.0,,,,150,,,,,,,,,1e-5,3.0,,,,,,,stable,,,,,,,,,,,
90,ACS_AMI_2025,2025,ACS Applied Materials Interfaces,10.1021/acsami.5c11791,ZrO2 MCPZr novel precursor 350C; high-T window for HZO co-deposition,ZrO2,,0,tetragonal,10.0,350,MCPZr,H2O,100,,,,,,,,1.1,700.0,30s,N2,50.0,21000.0,,TiN,0.5,,,Si,(100),SiO2,0.5,TiN,10.0,p-type,1000000000000000.0,10.0,1.0,,30.0,,,,,,,,,1e-7,7.0,,,,,,,stable,,,,,,,,,,,
91,Niinisto,2004,J Electrochemical Society,10.1149/1.1752465,HfO2 Cp2Hf(CH3)2/H2O 300C; high-T precursor; k=24.0,HfO2,,0,monoclinic+tetragonal,50.0,300,Cp2Hf(CH3)2,H2O,varies,,,,,,,,1.2,600.0,30s,N2,50.0,18000.0,,,0.5,,,Si,(100),SiO2,0.5,Au,50.0,p-type,1000000000000000.0,50.0,,,24.0,,,,,,,,,1e-7,7.5,,,,,,,stable,,,,,,,,,,,
92,Niinisto,2004,J Electrochemical Society,10.1149/1.1752465,HfO2 Cp2Hf(CH3)2/H2O 350C; high-T precursor; k=22.0,HfO2,,0,monoclinic,50.0,350,Cp2Hf(CH3)2,H2O,varies,,,,,,,,1.1,600.0,30s,N2,50.0,18000.0,,,0.5,,,Si,(100),SiO2,0.5,Au,50.0,p-type,1000000000000000.0,50.0,,,22.0,,,,,,,,,1e-7,7.5,,,,,,,stable,,,,,,,,,,,
93,Niinisto,2004,J Electrochemical Society,10.1149/1.1752465,HfO2 Cp2Hf(CH3)2/H2O 400C; high-T precursor; k=20.0,HfO2,,0,monoclinic,50.0,400,Cp2Hf(CH3)2,H2O,varies,,,,,,,,0.9,600.0,30s,N2,50.0,18000.0,,,0.5,,,Si,(100),SiO2,0.5,Au,50.0,p-type,1000000000000000.0,50.0,,,20.0,,,,,,,,,1e-7,7.5,,,,,,,stable,,,,,,,,,,,
94,Niinisto,2004,J Electrochemical Society,10.1149/1.1752465,HfO2 Cp2Hf(CH3)2/H2O 450C; high-T precursor; k=18.0,HfO2,,0,monoclinic,50.0,450,Cp2Hf(CH3)2,H2O,varies,,,,,,,,0.7,600.0,30s,N2,50.0,18000.0,,,0.5,,,Si,(100),SiO2,0.5,Au,50.0,p-type,1000000000000000.0,50.0,,,18.0,,,,,,,,,1e-7,7.5,,,,,,,stable,,,,,,,,,,,
95,Niinisto,2004,J Electrochemical Society,10.1149/1.1752465,HfO2 Cp2Hf(CH3)2/H2O 500C; high-T precursor; k=15.0,HfO2,,0,monoclinic,50.0,500,Cp2Hf(CH3)2,H2O,varies,,,,,,,,0.5,600.0,30s,N2,50.0,18000.0,,,0.5,,,Si,(100),SiO2,0.5,Au,50.0,p-type,1000000000000000.0,50.0,,,15.0,,,,,,,,,1e-7,7.5,,,,,,,stable,,,,,,,,,,,
96,Niinisto_ZrO2,2010,Chemistry of Materials,10.1021/cm100684m,ZrO2 mixed-Cp-amide 250C; extended ALD window 250-450C; k=32.0,ZrO2,,0,tetragonal,15.0,250,CpZr(NMe2)3,H2O,varies,,,,,,,,1.2,700.0,30s,N2,50.0,21000.0,,Au,0.5,,,Si,(100),SiO2,0.5,Au,50.0,p-type,1000000000000000.0,15.0,1.3,,32.0,,,,,,,,,1e-7,7.0,,,,,,,stable,,,,,,,,,,,
97,Niinisto_ZrO2,2010,Chemistry of Materials,10.1021/cm100684m,ZrO2 mixed-Cp-amide 300C; extended ALD window 250-450C; k=31.0,ZrO2,,0,tetragonal,15.0,300,CpZr(NMe2)3,H2O,varies,,,,,,,,1.1,700.0,30s,N2,50.0,21000.0,,Au,0.5,,,Si,(100),SiO2,0.5,Au,50.0,p-type,1000000000000000.0,15.0,1.3,,31.0,,,,,,,,,1e-7,7.0,,,,,,,stable,,,,,,,,,,,
98,Niinisto_ZrO2,2010,Chemistry of Materials,10.1021/cm100684m,ZrO2 mixed-Cp-amide 350C; extended ALD window 250-450C; k=28.0,ZrO2,,0,tetragonal+monoclinic,15.0,350,CpZr(NMe2)3,H2O,varies,,,,,,,,1.0,700.0,30s,N2,50.0,21000.0,,Au,0.5,,,Si,(100),SiO2,0.5,Au,50.0,p-type,1000000000000000.0,15.0,1.3,,28.0,,,,,,,,,1e-7,7.0,,,,,,,stable,,,,,,,,,,,
99,Niinisto_ZrO2,2010,Chemistry of Materials,10.1021/cm100684m,ZrO2 mixed-Cp-amide 400C; extended ALD window 250-450C; k=24.0,ZrO2,,0,monoclinic,15.0,400,CpZr(NMe2)3,H2O,varies,,,,,,,,0.9,700.0,30s,N2,50.0,21000.0,,Au,0.5,,,Si,(100),SiO2,0.5,Au,50.0,p-type,1000000000000000.0,15.0,1.3,,24.0,,,,,,,,,1e-7,7.0,,,,,,,stable,,,,,,,,,,,
100,Niinisto_ZrO2,2010,Chemistry of Materials,10.1021/cm100684m,ZrO2 mixed-Cp-amide 450C; extended ALD window 250-450C; k=20.0,ZrO2,,0,monoclinic,15.0,450,CpZr(NMe2)3,H2O,varies,,,,,,,,0.8,700.0,30s,N2,50.0,21000.0,,Au,0.5,,,Si,(100),SiO2,0.5,Au,50.0,p-type,1000000000000000.0,15.0,1.3,,20.0,,,,,,,,,1e-7,7.0,,,,,,,stable,,,,,,,,,,,
101,Niinisto_Cp,2009,Journal of Crystal Growth,10.1016/j.jcrysgro.2009.10.028,HfO2 novel Cp-based precursor 300C; TiN substrate; C<0.5%; H<1%; 50nm,HfO2,,0,monoclinic+tetragonal,50.0,300,CpHf_novel,H2O,varies,,,,,,,,1.1,600.0,30s,N2,50.0,18000.0,,TiN,0.5,,,Si,(100),SiO2,0.5,TiN,10.0,p-type,1000000000000000.0,50.0,,,22.0,,,,,,,,,5e-8,8.0,,,,,,,stable,,,,,,0.5,<0.1,,,,
102,Niinisto_Cp,2009,Journal of Crystal Growth,10.1016/j.jcrysgro.2009.10.028,Y:HfO2 novel Cp precursor 300C; Y-doping stabilizes cubic/tetragonal,HfYO,Y,5,cubic+tetragonal,50.0,300,CpHf_novel+Y_precursor,H2O,varies,,,,,,10,,1.1,600.0,30s,N2,50.0,18000.0,,TiN,0.5,,,Si,(100),SiO2,0.5,TiN,10.0,p-type,1000000000000000.0,50.0,,,38.0,,,,,,,,,1e-8,8.5,,,,,,,stable,,,,,,,,,,,
103,ACS_AEM_2022,2022,ACS Applied Electronic Materials,10.1021/acsaelm.2c00402,HZO/HfO2 MFIS gate stack; ferroelectric memory; retention+endurance study,Hf0.5Zr0.5O2/HfO2,Zr,50,orthorhombic+amorphous,12.0,250,TEMAH+TEMAZr,O3,120+20,,,,,,50,,1.0,500.0,30s,N2,50.0,15000.0,,TiN,0.5,,,Si,(100),HfO2,2.0,TiN,10.0,p-type,1000000000000000.0,12.0,,,28.0,,,,,,,18.0,1.2,5e-8,7.0,,,,,,,stable,50000000000.0,,,,,2.0,,,50.0,,
104,Park_TiO2,2019,J. Vacuum Science Technology A,10.1116/1.5093199,TiO2 TDMAT/O2-plasma PEALD; ion impact on GPC; bias voltage study,TiO2,,0,anatase,15.0,250,TDMAT,O2_plasma,150,,,,,,,200.0,0.5,500.0,30s,N2,50.0,12500.0,,,,,,Si,(100),SiO2,0.5,Al,50.0,p-type,1000000000000000.0,15.0,,,55.0,,,,,,,,,1e-5,3.0,,,,,,,stable,,,,,,,,,,,
105,Robertson,2004,Eur Phys J Applied Physics,10.1051/epjap:2004206,Ta2O5 review reference; k=22; BG=4.4eV; ÎEC=0.35eV to Si (too small!),Ta2O5,,0,amorphous,,,,,,,,,,,,,,,,,,,,,,,,Si,(100),SiO2,0.5,Au,50.0,p-type,1000000000000000.0,,,,22.0,,,,,,,,,,,,,,,,,stable,,,,0.3,0.35,,,,,,
106,Sylwia Gieraltowska,2023,Materials,10.3390/ma16114077,,HfO2,,,amorphous,100.0,85,TDMAH,H2O,7143.0,0.08,10.0,0.08,10.0,,,,1.4,,,,,,,,,,,n-type Si,(100),,,,,,,,,,21.0,1.85,,,,,,,,2e-06,1.0,,,,,,,amorphous,,1500000000000.0,,,,,,,,,
107,Sylwia Gieraltowska,2023,Materials,10.3390/ma16114077,,HfO2,,,orthorhombic + monoclinic,600.0,350,TDMAH,H2O,46154.0,0.1,10.0,0.1,10.0,,,,1.3,,,,,,,,,,,n-type Si,(100),,,,,,,,,,30.0,,,,,,,,,,,,,,,,,orthorhombic + monoclinic,,,,,,,,,,,
108,Sylwia Gieraltowska,2023,Materials,10.3390/ma16114077,,HfO2,N,4.5,orthorhombic + monoclinic,550.0,200,TDMAH,H2O/NH3,42308.0,0.1,10.0,0.1,10.0,,,,1.3,,,,,,,,,,,n-type Si,(100),,,,,,,,,,26.0,,,,,,,,,,,,,,,,,orthorhombic + monoclinic,,,,,,,,,,,
109,Jong-Ki An,2018,Materials,10.3390/ma11030386,,ZrO2,,,tetragonal + monoclinic mixture,15.2,250,CpZr(NMe2)3/C7H8,O3,,,,,,,,,,,,,,,,,,,,Si,(100),,,TiN,,,,,,,22.8,,,,,,,,,,,,,,,,,,,,,,,,,,,,
110,Jong-Ki An,2018,Materials,10.3390/ma11030386,,ZrO2,,,tetragonal + monoclinic mixture,20.0,300,CpZr(NMe2)3/C7H8,O3,,,,,,,,,,,,,,,,,,,,Si,(100),,,TiN,,,,,,,38.3,,,,,,,,,,,,,,,,,,,,,,,,,,,,
111,Jong-Ki An,2018,Materials,10.3390/ma11030386,,ZrO2,,,tetragonal + monoclinic mixture,18.4,350,CpZr(NMe2)3/C7H8,O3,,,,,,,,,,,,,,,,,,,,Si,(100),,,TiN,,,,,,,27.6,,,,,,,,,,,,,,,,,,,,,,,,,,,,
112,Zhigang Xiao,2020,Crystals,10.3390/cryst10020136,,HfO2,,,,10.0,270,TDMAH,O2 plasma,100.0,0.1,,0.1,,5e-07,,400.0,1.0,400.0,20 min,vacuum,,,,,,,,Si,,,,,,,,,,,,,,,,,,,,,,,,,,,,polycrystalline,,,,,,,,,,Carbon content (at%),11.0
113,Zhigang Xiao,2020,Crystals,10.3390/cryst10020136,,ZrO2,,,,10.0,270,TDMAZ,O2 plasma,100.0,0.1,,0.1,,5e-07,,400.0,1.0,400.0,20 min,vacuum,,,,,,,,Si,,,,,,,,,,,,,,,,,,,,,,,,,,,,polycrystalline,,,,,,,,,,Carbon content (at%),2.0
114,Brendan F. M. Healy,2025,ACS Applied Nano Materials,10.1021/acsanm.5c00901,Surface coverage 90.70%,HfO2 on MoS2,,,,,200,TDMAH,O2 plasma,200.0,0.25,5.0,6.0,5.0,,,300.0,,,,,,,,,,,,1L MoS2,,,,,,,,,,,,,,,,,,,,,,,,,,,,,,,,,,,,,,RMS roughness (nm),0.6
115,Brendan F. M. Healy,2025,ACS Applied Nano Materials,10.1021/acsanm.5c00901,Surface coverage 87.93%,HfO2 on MoS2,,,,,200,TDMAH,O3,200.0,0.25,15.0,0.15,15.0,,,,,,,,,,,,,,,1L MoS2,,,,,,,,,,,,,,,,,,,,,,,,,,,,,,,,,,,,,,RMS roughness (nm),0.43
116,Yong Kyu Choi,2025,ACS Omega,10.1021/acsomega.5c01112,,Hf0.5Zr0.5O2,Zr,50.0,,10.0,260,TEMA-Hf/TEMA-Zr,O2 plasma,85.0,1.0,3.0,3.0,3.0,0.08,,300.0,1.17,600.0,30 s,N2,,,,,,,,,,,,,,,,,,,,,,,,,,,,,,,,,,,,antiferroelectric-like,,,,,,,,,,Remanent polarization (ÂµC/cm^2),0.5
117,Yong Kyu Choi,2025,ACS Omega,10.1021/acsomega.5c01112,,Hf0.5Zr0.5O2,Zr,50.0,,10.0,260,TEMA-Hf/TEMA-Zr,O2 plasma,85.0,1.0,30.0,3.0,30.0,0.08,,300.0,1.17,600.0,30 s,N2,,,,,,,,,,,,,,,,,,,,,,,,,,,,,,,,,,,,ferroelectric,,,,,,,,,,Remanent polarization (ÂµC/cm^2),10.0
118,Yong Kyu Choi,2025,ACS Omega,10.1021/acsomega.5c01112,,Hf0.5Zr0.5O2,Zr,50.0,,10.0,260,TEMA-Hf/TEMA-Zr,O2 plasma,85.0,1.0,90.0,3.0,90.0,0.08,,300.0,1.17,600.0,30 s,N2,,,,,,,,,,,,,,,,,,,,,,,,,,,,,,,,,,,,ferroelectric,,,,,,,,,,Remanent polarization (ÂµC/cm^2),22.0
119,Rahul Ramesh,2026,Frontiers in Nanotechnology,10.3389/fnano.2026.1729291,,HfZrO4,Zr,50.0,,10.0,250,TDMAHf/TDMAZr,H2O,,,,,,,,,,400.0,60 s,N2,,,,,,,,,,,,,,,,,,,,,,,,,,,,,,,,,,,,ferroelectric,,,,,,,,,,Forming voltage (V),9.2
120,Rahul Ramesh,2026,Frontiers in Nanotechnology,10.3389/fnano.2026.1729291,,HfZrO4,Zr,50.0,,10.0,250,TDMAHf/TDMAZr,H2O,,,,,,,,,,,,,,,,,,,,,,,,,,,,,,,,,,,,,,,,,,,,,,,,ferroelectric,,,,,,,,,,Forming voltage (V),5.3
121,Kim,2021,Materials,10.3390/ma14237478,"ALD HfOx using TEMAH and LNS oxidant; optimized at 300°C with 1 s TEMAH pulse, 0.2 s oxidant pulse, 60 s purges https://pmc.ncbi.nlm.nih.gov/articles/PMC8659129/https://pmc.ncbi.nlm.nih.gov/articles/PMC8659129/#:~:text=Thickness%20of%20HfO_,2%7DO",HfOx,,,,20.0,300,TEMAH,La(NO3)3·6H2O (LNS),125.0,1.0,60.0,0.2,60.0,,,,1.6,,,,,,,,,,,Si(100),,,,,,p-type,,20.0,,,,,,,,,,,,,,,,,,,,,,,,,,,,,,Growth rate (Å/cycle),1.6
122,Kim,2021,Materials,10.3390/ma14237478,"ALD HfOx using TEMAH and H2O oxidant; optimized at 300°C with 1 s TEMAH pulse, 0.2 s oxidant pulse, 60 s purges https://pmc.ncbi.nlm.nih.gov/articles/PMC8659129/https://pmc.ncbi.nlm.nih.gov/articles/PMC8659129/#:~:text=Thickness%20of%20HfO_,2%7DO",HfOx,,,,20.0,300,TEMAH,H2O,125.0,1.0,60.0,0.2,60.0,,,,0.8,,,,,,,,,,,Si(100),,,,,,p-type,,20.0,,,,,,,,,,,,,,,,,,,,,,,,,,,,,,Growth rate (Å/cycle),0.8
123,Kim,2021,Materials,10.3390/ma14237478,"HfOx film deposition using TEMAH with LNS oxidant at 200°C; 50 cycles; 1 s precursor pulse, 0.2 s oxidant pulse, 60 s purge times. Growth rate 1.6 Å/cycle https://pmc.ncbi.nlm.nih.gov/articles/PMC8659129/https://pmc.ncbi.nlm.nih.gov/articles/PMC8659129/#:~:text=Thickness%20of%20HfO_,2%7DO",HfOx,,,,,200,TEMAH,La(NO3)3·6H2O,50.0,1.0,60.0,0.2,60.0,,,,1.6,,,,,,,,,,,,,,,,,,,,,,,,,,,,,,,,,,,,,,,,,,,,,,,,,Growth rate (Å/cycle),1.6
124,Kim,2021,Materials,10.3390/ma14237478,"HfOx film deposition using TEMAH with LNS oxidant at 300°C; 50 cycles; 1 s precursor pulse, 0.2 s oxidant pulse, 60 s purge times. Growth rate 1.6 Å/cycle https://pmc.ncbi.nlm.nih.gov/articles/PMC8659129/https://pmc.ncbi.nlm.nih.gov/articles/PMC8659129/#:~:text=Thickness%20of%20HfO_,2%7DO",HfOx,,,,,300,TEMAH,La(NO3)3·6H2O,50.0,1.0,60.0,0.2,60.0,,,,1.6,,,,,,,,,,,,,,,,,,,,,,,,,,,,,,,,,,,,,,,,,,,,,,,,,Growth rate (Å/cycle),1.6
125,Kim,2021,Materials,10.3390/ma14237478,"HfOx film deposition using TEMAH with LNS oxidant at 350°C; 50 cycles; 1 s precursor pulse, 0.2 s oxidant pulse, 60 s purge times. Growth rate 1.6 Å/cycle https://pmc.ncbi.nlm.nih.gov/articles/PMC8659129/https://pmc.ncbi.nlm.nih.gov/articles/PMC8659129/#:~:text=Thickness%20of%20HfO_,2%7DO",HfOx,,,,,350,TEMAH,La(NO3)3·6H2O,50.0,1.0,60.0,0.2,60.0,,,,1.6,,,,,,,,,,,,,,,,,,,,,,,,,,,,,,,,,,,,,,,,,,,,,,,,,Growth rate (Å/cycle),1.6
126,Kim,2021,Materials,10.3390/ma14237478,"HfOx film deposition using TEMAH with H2O oxidant at 200°C; 50 cycles; 1 s precursor pulse, 0.2 s oxidant pulse, 60 s purge times. Growth rate 0.8 Å/cycle https://pmc.ncbi.nlm.nih.gov/articles/PMC8659129/https://pmc.ncbi.nlm.nih.gov/articles/PMC8659129/#:~:text=Thickness%20of%20HfO_,2%7DO",HfOx,,,,,200,TEMAH,H2O,50.0,1.0,60.0,0.2,60.0,,,,0.8,,,,,,,,,,,,,,,,,,,,,,,,,,,,,,,,,,,,,,,,,,,,,,,,,Growth rate (Å/cycle),0.8
127,Kim,2021,Materials,10.3390/ma14237478,"HfOx film deposition using TEMAH with H2O oxidant at 300°C; 50 cycles; 1 s precursor pulse, 0.2 s oxidant pulse, 60 s purge times. Growth rate 0.8 Å/cycle https://pmc.ncbi.nlm.nih.gov/articles/PMC8659129/https://pmc.ncbi.nlm.nih.gov/articles/PMC8659129/#:~:text=Thickness%20of%20HfO_,2%7DO",HfOx,,,,,300,TEMAH,H2O,50.0,1.0,60.0,0.2,60.0,,,,0.8,,,,,,,,,,,,,,,,,,,,,,,,,,,,,,,,,,,,,,,,,,,,,,,,,Growth rate (Å/cycle),0.8
128,Kim,2021,Materials,10.3390/ma14237478,"HfOx film deposition using TEMAH with H2O oxidant at 350°C; 50 cycles; 1 s precursor pulse, 0.2 s oxidant pulse, 60 s purge times. Growth rate 0.8 Å/cycle https://pmc.ncbi.nlm.nih.gov/articles/PMC8659129/https://pmc.ncbi.nlm.nih.gov/articles/PMC8659129/#:~:text=Thickness%20of%20HfO_,2%7DO",HfOx,,,,,350,TEMAH,H2O,50.0,1.0,60.0,0.2,60.0,,,,0.8,,,,,,,,,,,,,,,,,,,,,,,,,,,,,,,,,,,,,,,,,,,,,,,,,Growth rate (Å/cycle),0.8
129,Hu,2020,Physica B,,"HfO2 ALD using TEMAHf and H2O; 600 cycles; precursor pulse 1.6 s, oxidant pulse 0.2 s, purge times 5 s; deposition temperature 170°C; RMS roughness measured by AFM 1.514 nmefs.charlotte.edu/yzhang47/files/2020/08/Structure-and-optical-properties-of-HfO2-films-on-Si-100-substrates-prepared-by-ALD-at-different-temperatures.pdf#:~:text=deionized%20water%20in%20an%20ultrasonic,deposition%20period%20was%20600%20cyclesefs.charlotte.edu/yzhang47/files/2020/08/Structure-and-optical-properties-of-HfO2-films-on-Si-100-substrates-prepared-by-ALD-at-different-temperatures.pdf",HfO2,,,,,170,TEMAHf,H2O,600.0,1.6,5.0,0.2,5.0,,,,,,,,,,,,,,,,,,,,,,,,,,,,,,,,,,,,,,,,,,,,,,,,,,,,,RMS roughness (nm),1.514
130,Hu,2020,Physica B,,"HfO2 ALD using TEMAHf and H2O; 600 cycles; precursor pulse 1.6 s, oxidant pulse 0.2 s, purge times 5 s; deposition temperature 200°C; RMS roughness measured by AFM 2.257 nmefs.charlotte.edu/yzhang47/files/2020/08/Structure-and-optical-properties-of-HfO2-films-on-Si-100-substrates-prepared-by-ALD-at-different-temperatures.pdf#:~:text=deionized%20water%20in%20an%20ultrasonic,deposition%20period%20was%20600%20cyclesefs.charlotte.edu/yzhang47/files/2020/08/Structure-and-optical-properties-of-HfO2-films-on-Si-100-substrates-prepared-by-ALD-at-different-temperatures.pdf",HfO2,,,,,200,TEMAHf,H2O,600.0,1.6,5.0,0.2,5.0,,,,,,,,,,,,,,,,,,,,,,,,,,,,,,,,,,,,,,,,,,,,,,,,,,,,,RMS roughness (nm),2.257
131,Hu,2020,Physica B,,"HfO2 ALD using TEMAHf and H2O; 600 cycles; precursor pulse 1.6 s, oxidant pulse 0.2 s, purge times 5 s; deposition temperature 230°C; RMS roughness measured by AFM 2.752 nmefs.charlotte.edu/yzhang47/files/2020/08/Structure-and-optical-properties-of-HfO2-films-on-Si-100-substrates-prepared-by-ALD-at-different-temperatures.pdf#:~:text=deionized%20water%20in%20an%20ultrasonic,deposition%20period%20was%20600%20cyclesefs.charlotte.edu/yzhang47/files/2020/08/Structure-and-optical-properties-of-HfO2-films-on-Si-100-substrates-prepared-by-ALD-at-different-temperatures.pdf",HfO2,,,,,230,TEMAHf,H2O,600.0,1.6,5.0,0.2,5.0,,,,,,,,,,,,,,,,,,,,,,,,,,,,,,,,,,,,,,,,,,,,,,,,,,,,,RMS roughness (nm),2.752
132,Hu,2020,Physica B,,"HfO2 ALD using TEMAHf and H2O; 600 cycles; precursor pulse 1.6 s, oxidant pulse 0.2 s, purge times 5 s; deposition temperature 260°C; RMS roughness measured by AFM 3.106 nmefs.charlotte.edu/yzhang47/files/2020/08/Structure-and-optical-properties-of-HfO2-films-on-Si-100-substrates-prepared-by-ALD-at-different-temperatures.pdf#:~:text=deionized%20water%20in%20an%20ultrasonic,deposition%20period%20was%20600%20cyclesefs.charlotte.edu/yzhang47/files/2020/08/Structure-and-optical-properties-of-HfO2-films-on-Si-100-substrates-prepared-by-ALD-at-different-temperatures.pdf",HfO2,,,,,260,TEMAHf,H2O,600.0,1.6,5.0,0.2,5.0,,,,,,,,,,,,,,,,,,,,,,,,,,,,,,,,,,,,,,,,,,,,,,,,,,,,,RMS roughness (nm),3.106
133,Hu,2020,Physica B,,"HfO2 ALD using TEMAHf and H2O; 600 cycles; precursor pulse 1.6 s, oxidant pulse 0.2 s, purge times 5 s; deposition temperature 290°C; RMS roughness measured by AFM 2.883 nmefs.charlotte.edu/yzhang47/files/2020/08/Structure-and-optical-properties-of-HfO2-films-on-Si-100-substrates-prepared-by-ALD-at-different-temperatures.pdf#:~:text=deionized%20water%20in%20an%20ultrasonic,deposition%20period%20was%20600%20cyclesefs.charlotte.edu/yzhang47/files/2020/08/Structure-and-optical-properties-of-HfO2-films-on-Si-100-substrates-prepared-by-ALD-at-different-temperatures.pdf",HfO2,,,,,290,TEMAHf,H2O,600.0,1.6,5.0,0.2,5.0,,,,,,,,,,,,,,,,,,,,,,,,,,,,,,,,,,,,,,,,,,,,,,,,,,,,,RMS roughness (nm),2.883
134,Chen,2015,Nanoscale Research Letters,,"La1-xAlxO3 nanolaminate sample A from ALD with La and Al precursors; thickness 10.469 nm, EOT 3.89 nm, dielectric constant 17.06file:///home/oai/redirect.html#:~:text=In%20order%20to%20research%20the,19",La1-xAlxO3,Al,,,10.469,280,,H2O,,0.3,4.0,0.3,8.0,,,,,,,,,,,,,,,,,,,,,,,,3.89,,17.06,,,,,,,,,,,,,,,,,,,,,,,,,,,Dielectric constant,17.06
135,Chen,2015,Nanoscale Research Letters,,"La1-xAlxO3 nanolaminate sample B from ALD with La and Al precursors; thickness 10.757 nm, EOT 3.41 nm, dielectric constant 21.94file:///home/oai/redirect.html#:~:text=In%20order%20to%20research%20the,19",La1-xAlxO3,Al,,,10.757,280,,H2O,,0.3,4.0,0.3,8.0,,,,,,,,,,,,,,,,,,,,,,,,3.41,,21.94,,,,,,,,,,,,,,,,,,,,,,,,,,,Dielectric constant,21.94
136,Chen,2015,Nanoscale Research Letters,,"La1-xAlxO3 nanolaminate sample C from ALD with La and Al precursors; thickness 8.895 nm, EOT 2.9 nm, dielectric constant 24.78file:///home/oai/redirect.html#:~:text=In%20order%20to%20research%20the,19",La1-xAlxO3,Al,,,8.895,280,,H2O,,0.3,4.0,0.3,8.0,,,,,,,,,,,,,,,,,,,,,,,,2.9,,24.78,,,,,,,,,,,,,,,,,,,,,,,,,,,Dielectric constant,24.78
137,Chen,2015,Nanoscale Research Letters,,"La1-xAlxO3 nanolaminate sample D from ALD with La and Al precursors; thickness 8.85 nm, EOT 8.33 nm, dielectric constant 5.05file:///home/oai/redirect.html#:~:text=In%20order%20to%20research%20the,19",La1-xAlxO3,Al,,,8.85,280,,H2O,,0.3,4.0,0.3,8.0,,,,,,,,,,,,,,,,,,,,,,,,8.33,,5.05,,,,,,,,,,,,,,,,,,,,,,,,,,,Dielectric constant,5.05
138,Chen,2015,Nanoscale Research Letters,,"Optimized process parameters for La1-xAlxO3 ALD: La precursor 0.3 s pulse/4 s purge, oxidant 0.3 s pulse/8 s purge, deposition temp 280°Cfile:///home/oai/redirect.html#:~:text=Precursor%20Deposition%20Precursor%20Oxidant%20Precursor,1%203%204",La1-xAlxO3,Al,,,,280,,,,0.3,4.0,0.3,8.0,,,,,,,,,,,,,,,,,,,,,,,,,,,,,,,,,,,,,,,,,,,,,,,,,,,,,Growth rate (nm/cycle),0.065
139,Choi,2022,Nanomaterials,10.3390/nano13010161,"PE-ALD HfO2 film; TDMAHf dose time 0.1s, O2 plasma dose time 60s, purge 90s; growth per cycle saturated to ~2.4 Åhttps://pmc.ncbi.nlm.nih.gov/articles/PMC9823614/",HfO2,,,,,250,TDMAHf,O2 plasma,100.0,0.1,90.0,60.0,90.0,,,20.0,2.4,,,,,,,,,,,,,,,,,,,,,,,,,,,,,,,,,,,,,,,,,,,,,,,,,Growth rate (Å/cycle),2.4
140,Choi,2022,Nanomaterials,10.3390/nano13010161,"PE-ALD HfO2 film; TDMAHf dose time 0.5s, O2 plasma dose time 60s, purge 90s; growth per cycle saturated to ~2.4 Åhttps://pmc.ncbi.nlm.nih.gov/articles/PMC9823614/",HfO2,,,,,250,TDMAHf,O2 plasma,100.0,0.5,90.0,60.0,90.0,,,20.0,2.4,,,,,,,,,,,,,,,,,,,,,,,,,,,,,,,,,,,,,,,,,,,,,,,,,Growth rate (Å/cycle),2.4
141,Choi,2022,Nanomaterials,10.3390/nano13010161,"PE-ALD HfO2 film; TDMAHf dose time 2.0s, O2 plasma dose time 60s, purge 90s; growth per cycle saturated to ~2.4 Åhttps://pmc.ncbi.nlm.nih.gov/articles/PMC9823614/",HfO2,,,,,250,TDMAHf,O2 plasma,100.0,2.0,90.0,60.0,90.0,,,20.0,2.4,,,,,,,,,,,,,,,,,,,,,,,,,,,,,,,,,,,,,,,,,,,,,,,,,Growth rate (Å/cycle),2.4
142,Choi,2022,Nanomaterials,10.3390/nano13010161,"PE-ALD HfO2 film; TDMAHf dose time 4.0s, O2 plasma dose time 60s, purge 90s; growth per cycle saturated to ~2.4 Åhttps://pmc.ncbi.nlm.nih.gov/articles/PMC9823614/",HfO2,,,,,250,TDMAHf,O2 plasma,100.0,4.0,90.0,60.0,90.0,,,20.0,2.4,,,,,,,,,,,,,,,,,,,,,,,,,,,,,,,,,,,,,,,,,,,,,,,,,Growth rate (Å/cycle),2.4
143,Choi,2022,Nanomaterials,10.3390/nano13010161,PE-ALD HfO2 film; O2 plasma dose time 3s with TDMAHf dose time 2s; purge 90s; growth per cycle increases with plasma timehttps://pmc.ncbi.nlm.nih.gov/articles/PMC9823614/,HfO2,,,,,250,TDMAHf,O2 plasma,100.0,2.0,90.0,3.0,90.0,,,20.0,1.9,,,,,,,,,,,,,,,,,,,,,,,,,,,,,,,,,,,,,,,,,,,,,,,,,Growth rate (Å/cycle),1.9
144,Choi,2022,Nanomaterials,10.3390/nano13010161,PE-ALD HfO2 film; O2 plasma dose time 5s with TDMAHf dose time 2s; purge 90s; growth per cycle increases with plasma timehttps://pmc.ncbi.nlm.nih.gov/articles/PMC9823614/,HfO2,,,,,250,TDMAHf,O2 plasma,100.0,2.0,90.0,5.0,90.0,,,20.0,2.0,,,,,,,,,,,,,,,,,,,,,,,,,,,,,,,,,,,,,,,,,,,,,,,,,Growth rate (Å/cycle),2.0
145,Choi,2022,Nanomaterials,10.3390/nano13010161,PE-ALD HfO2 film; O2 plasma dose time 10s with TDMAHf dose time 2s; purge 90s; growth per cycle increases with plasma timehttps://pmc.ncbi.nlm.nih.gov/articles/PMC9823614/,HfO2,,,,,250,TDMAHf,O2 plasma,100.0,2.0,90.0,10.0,90.0,,,20.0,2.1,,,,,,,,,,,,,,,,,,,,,,,,,,,,,,,,,,,,,,,,,,,,,,,,,Growth rate (Å/cycle),2.1
146,Choi,2022,Nanomaterials,10.3390/nano13010161,PE-ALD HfO2 film; O2 plasma dose time 30s with TDMAHf dose time 2s; purge 90s; growth per cycle increases with plasma timehttps://pmc.ncbi.nlm.nih.gov/articles/PMC9823614/,HfO2,,,,,250,TDMAHf,O2 plasma,100.0,2.0,90.0,30.0,90.0,,,20.0,2.3,,,,,,,,,,,,,,,,,,,,,,,,,,,,,,,,,,,,,,,,,,,,,,,,,Growth rate (Å/cycle),2.3
147,Choi,2022,Nanomaterials,10.3390/nano13010161,PE-ALD HfO2 film; O2 plasma dose time 60s with TDMAHf dose time 2s; purge 90s; growth per cycle increases with plasma timehttps://pmc.ncbi.nlm.nih.gov/articles/PMC9823614/,HfO2,,,,,250,TDMAHf,O2 plasma,100.0,2.0,90.0,60.0,90.0,,,20.0,2.4,,,,,,,,,,,,,,,,,,,,,,,,,,,,,,,,,,,,,,,,,,,,,,,,,Growth rate (Å/cycle),2.4
148,Choi,2022,Nanomaterials,10.3390/nano13010161,PE-ALD HfO2 film; O2 plasma dose time 120s with TDMAHf dose time 2s; purge 90s; growth per cycle increases with plasma timehttps://pmc.ncbi.nlm.nih.gov/articles/PMC9823614/,HfO2,,,,,250,TDMAHf,O2 plasma,100.0,2.0,90.0,120.0,90.0,,,20.0,2.4,,,,,,,,,,,,,,,,,,,,,,,,,,,,,,,,,,,,,,,,,,,,,,,,,Growth rate (Å/cycle),2.4
149,Choi,2022,Nanomaterials,10.3390/nano13010161,"PE-ALD HfO2 film; TDMAHf dose 0.1s, O2 plasma dose 3s; annealed at 500°C for 30 s; growth per cycle 1.9 Åhttps://pmc.ncbi.nlm.nih.gov/articles/PMC9823614/",HfO2,,,,,250,TDMAHf,O2 plasma,100.0,0.1,90.0,3.0,90.0,,,20.0,1.9,500.0,30 s,N2,,,,,,,,,,,,,,,,,,,,,,,,,,,,,,,,,,,,,,,,,,,,,,Growth rate (Å/cycle),1.9
150,Choi,2022,Nanomaterials,10.3390/nano13010161,"PE-ALD HfO2 film; TDMAHf dose 0.1s, O2 plasma dose 5s; annealed at 500°C for 30 s; growth per cycle 2.0 Åhttps://pmc.ncbi.nlm.nih.gov/articles/PMC9823614/",HfO2,,,,,250,TDMAHf,O2 plasma,100.0,0.1,90.0,5.0,90.0,,,20.0,2.0,500.0,30 s,N2,,,,,,,,,,,,,,,,,,,,,,,,,,,,,,,,,,,,,,,,,,,,,,Growth rate (Å/cycle),2.0
151,Choi,2022,Nanomaterials,10.3390/nano13010161,"PE-ALD HfO2 film; TDMAHf dose 0.1s, O2 plasma dose 10s; annealed at 500°C for 30 s; growth per cycle 2.1 Åhttps://pmc.ncbi.nlm.nih.gov/articles/PMC9823614/",HfO2,,,,,250,TDMAHf,O2 plasma,100.0,0.1,90.0,10.0,90.0,,,20.0,2.1,500.0,30 s,N2,,,,,,,,,,,,,,,,,,,,,,,,,,,,,,,,,,,,,,,,,,,,,,Growth rate (Å/cycle),2.1
152,Choi,2022,Nanomaterials,10.3390/nano13010161,"PE-ALD HfO2 film; TDMAHf dose 0.1s, O2 plasma dose 30s; annealed at 500°C for 30 s; growth per cycle 2.3 Åhttps://pmc.ncbi.nlm.nih.gov/articles/PMC9823614/",HfO2,,,,,250,TDMAHf,O2 plasma,100.0,0.1,90.0,30.0,90.0,,,20.0,2.3,500.0,30 s,N2,,,,,,,,,,,,,,,,,,,,,,,,,,,,,,,,,,,,,,,,,,,,,,Growth rate (Å/cycle),2.3
153,Choi,2022,Nanomaterials,10.3390/nano13010161,"PE-ALD HfO2 film; TDMAHf dose 0.1s, O2 plasma dose 60s; annealed at 500°C for 30 s; growth per cycle 2.4 Åhttps://pmc.ncbi.nlm.nih.gov/articles/PMC9823614/",HfO2,,,,,250,TDMAHf,O2 plasma,100.0,0.1,90.0,60.0,90.0,,,20.0,2.4,500.0,30 s,N2,,,,,,,,,,,,,,,,,,,,,,,,,,,,,,,,,,,,,,,,,,,,,,Growth rate (Å/cycle),2.4
154,Choi,2022,Nanomaterials,10.3390/nano13010161,"PE-ALD HfO2 film; TDMAHf dose 0.1s, O2 plasma dose 120s; annealed at 500°C for 30 s; growth per cycle 2.4 Åhttps://pmc.ncbi.nlm.nih.gov/articles/PMC9823614/",HfO2,,,,,250,TDMAHf,O2 plasma,100.0,0.1,90.0,120.0,90.0,,,20.0,2.4,500.0,30 s,N2,,,,,,,,,,,,,,,,,,,,,,,,,,,,,,,,,,,,,,,,,,,,,,Growth rate (Å/cycle),2.4
155,Choi,2022,Nanomaterials,10.3390/nano13010161,"PE-ALD HfO2 film; TDMAHf dose 0.5s, O2 plasma dose 3s; annealed at 500°C for 30 s; growth per cycle 1.9 Åhttps://pmc.ncbi.nlm.nih.gov/articles/PMC9823614/",HfO2,,,,,250,TDMAHf,O2 plasma,100.0,0.5,90.0,3.0,90.0,,,20.0,1.9,500.0,30 s,N2,,,,,,,,,,,,,,,,,,,,,,,,,,,,,,,,,,,,,,,,,,,,,,Growth rate (Å/cycle),1.9
156,Choi,2022,Nanomaterials,10.3390/nano13010161,"PE-ALD HfO2 film; TDMAHf dose 0.5s, O2 plasma dose 5s; annealed at 500°C for 30 s; growth per cycle 2.0 Åhttps://pmc.ncbi.nlm.nih.gov/articles/PMC9823614/",HfO2,,,,,250,TDMAHf,O2 plasma,100.0,0.5,90.0,5.0,90.0,,,20.0,2.0,500.0,30 s,N2,,,,,,,,,,,,,,,,,,,,,,,,,,,,,,,,,,,,,,,,,,,,,,Growth rate (Å/cycle),2.0
157,Choi,2022,Nanomaterials,10.3390/nano13010161,"PE-ALD HfO2 film; TDMAHf dose 0.5s, O2 plasma dose 10s; annealed at 500°C for 30 s; growth per cycle 2.1 Åhttps://pmc.ncbi.nlm.nih.gov/articles/PMC9823614/",HfO2,,,,,250,TDMAHf,O2 plasma,100.0,0.5,90.0,10.0,90.0,,,20.0,2.1,500.0,30 s,N2,,,,,,,,,,,,,,,,,,,,,,,,,,,,,,,,,,,,,,,,,,,,,,Growth rate (Å/cycle),2.1
158,Choi,2022,Nanomaterials,10.3390/nano13010161,"PE-ALD HfO2 film; TDMAHf dose 0.5s, O2 plasma dose 30s; annealed at 500°C for 30 s; growth per cycle 2.3 Åhttps://pmc.ncbi.nlm.nih.gov/articles/PMC9823614/",HfO2,,,,,250,TDMAHf,O2 plasma,100.0,0.5,90.0,30.0,90.0,,,20.0,2.3,500.0,30 s,N2,,,,,,,,,,,,,,,,,,,,,,,,,,,,,,,,,,,,,,,,,,,,,,Growth rate (Å/cycle),2.3
159,Choi,2022,Nanomaterials,10.3390/nano13010161,"PE-ALD HfO2 film; TDMAHf dose 0.5s, O2 plasma dose 60s; annealed at 500°C for 30 s; growth per cycle 2.4 Åhttps://pmc.ncbi.nlm.nih.gov/articles/PMC9823614/",HfO2,,,,,250,TDMAHf,O2 plasma,100.0,0.5,90.0,60.0,90.0,,,20.0,2.4,500.0,30 s,N2,,,,,,,,,,,,,,,,,,,,,,,,,,,,,,,,,,,,,,,,,,,,,,Growth rate (Å/cycle),2.4
160,Choi,2022,Nanomaterials,10.3390/nano13010161,"PE-ALD HfO2 film; TDMAHf dose 0.5s, O2 plasma dose 120s; annealed at 500°C for 30 s; growth per cycle 2.4 Åhttps://pmc.ncbi.nlm.nih.gov/articles/PMC9823614/",HfO2,,,,,250,TDMAHf,O2 plasma,100.0,0.5,90.0,120.0,90.0,,,20.0,2.4,500.0,30 s,N2,,,,,,,,,,,,,,,,,,,,,,,,,,,,,,,,,,,,,,,,,,,,,,Growth rate (Å/cycle),2.4
161,Choi,2022,Nanomaterials,10.3390/nano13010161,"PE-ALD HfO2 film; TDMAHf dose 2.0s, O2 plasma dose 3s; annealed at 500°C for 30 s; growth per cycle 1.9 Åhttps://pmc.ncbi.nlm.nih.gov/articles/PMC9823614/",HfO2,,,,,250,TDMAHf,O2 plasma,100.0,2.0,90.0,3.0,90.0,,,20.0,1.9,500.0,30 s,N2,,,,,,,,,,,,,,,,,,,,,,,,,,,,,,,,,,,,,,,,,,,,,,Growth rate (Å/cycle),1.9
162,Choi,2022,Nanomaterials,10.3390/nano13010161,"PE-ALD HfO2 film; TDMAHf dose 2.0s, O2 plasma dose 5s; annealed at 500°C for 30 s; growth per cycle 2.0 Åhttps://pmc.ncbi.nlm.nih.gov/articles/PMC9823614/",HfO2,,,,,250,TDMAHf,O2 plasma,100.0,2.0,90.0,5.0,90.0,,,20.0,2.0,500.0,30 s,N2,,,,,,,,,,,,,,,,,,,,,,,,,,,,,,,,,,,,,,,,,,,,,,Growth rate (Å/cycle),2.0
163,Choi,2022,Nanomaterials,10.3390/nano13010161,"PE-ALD HfO2 film; TDMAHf dose 2.0s, O2 plasma dose 10s; annealed at 500°C for 30 s; growth per cycle 2.1 Åhttps://pmc.ncbi.nlm.nih.gov/articles/PMC9823614/",HfO2,,,,,250,TDMAHf,O2 plasma,100.0,2.0,90.0,10.0,90.0,,,20.0,2.1,500.0,30 s,N2,,,,,,,,,,,,,,,,,,,,,,,,,,,,,,,,,,,,,,,,,,,,,,Growth rate (Å/cycle),2.1
164,Choi,2022,Nanomaterials,10.3390/nano13010161,"PE-ALD HfO2 film; TDMAHf dose 2.0s, O2 plasma dose 30s; annealed at 500°C for 30 s; growth per cycle 2.3 Åhttps://pmc.ncbi.nlm.nih.gov/articles/PMC9823614/",HfO2,,,,,250,TDMAHf,O2 plasma,100.0,2.0,90.0,30.0,90.0,,,20.0,2.3,500.0,30 s,N2,,,,,,,,,,,,,,,,,,,,,,,,,,,,,,,,,,,,,,,,,,,,,,Growth rate (Å/cycle),2.3
165,Choi,2022,Nanomaterials,10.3390/nano13010161,"PE-ALD HfO2 film; TDMAHf dose 2.0s, O2 plasma dose 60s; annealed at 500°C for 30 s; growth per cycle 2.4 Åhttps://pmc.ncbi.nlm.nih.gov/articles/PMC9823614/",HfO2,,,,,250,TDMAHf,O2 plasma,100.0,2.0,90.0,60.0,90.0,,,20.0,2.4,500.0,30 s,N2,,,,,,,,,,,,,,,,,,,,,,,,,,,,,,,,,,,,,,,,,,,,,,Growth rate (Å/cycle),2.4
166,Choi,2022,Nanomaterials,10.3390/nano13010161,"PE-ALD HfO2 film; TDMAHf dose 2.0s, O2 plasma dose 120s; annealed at 500°C for 30 s; growth per cycle 2.4 Åhttps://pmc.ncbi.nlm.nih.gov/articles/PMC9823614/",HfO2,,,,,250,TDMAHf,O2 plasma,100.0,2.0,90.0,120.0,90.0,,,20.0,2.4,500.0,30 s,N2,,,,,,,,,,,,,,,,,,,,,,,,,,,,,,,,,,,,,,,,,,,,,,Growth rate (Å/cycle),2.4
167,Choi,2022,Nanomaterials,10.3390/nano13010161,"PE-ALD HfO2 film; TDMAHf dose 4.0s, O2 plasma dose 3s; annealed at 500°C for 30 s; growth per cycle 1.9 Åhttps://pmc.ncbi.nlm.nih.gov/articles/PMC9823614/",HfO2,,,,,250,TDMAHf,O2 plasma,100.0,4.0,90.0,3.0,90.0,,,20.0,1.9,500.0,30 s,N2,,,,,,,,,,,,,,,,,,,,,,,,,,,,,,,,,,,,,,,,,,,,,,Growth rate (Å/cycle),1.9
168,Choi,2022,Nanomaterials,10.3390/nano13010161,"PE-ALD HfO2 film; TDMAHf dose 4.0s, O2 plasma dose 5s; annealed at 500°C for 30 s; growth per cycle 2.0 Åhttps://pmc.ncbi.nlm.nih.gov/articles/PMC9823614/",HfO2,,,,,250,TDMAHf,O2 plasma,100.0,4.0,90.0,5.0,90.0,,,20.0,2.0,500.0,30 s,N2,,,,,,,,,,,,,,,,,,,,,,,,,,,,,,,,,,,,,,,,,,,,,,Growth rate (Å/cycle),2.0
169,Choi,2022,Nanomaterials,10.3390/nano13010161,"PE-ALD HfO2 film; TDMAHf dose 4.0s, O2 plasma dose 10s; annealed at 500°C for 30 s; growth per cycle 2.1 Åhttps://pmc.ncbi.nlm.nih.gov/articles/PMC9823614/",HfO2,,,,,250,TDMAHf,O2 plasma,100.0,4.0,90.0,10.0,90.0,,,20.0,2.1,500.0,30 s,N2,,,,,,,,,,,,,,,,,,,,,,,,,,,,,,,,,,,,,,,,,,,,,,Growth rate (Å/cycle),2.1
170,Choi,2022,Nanomaterials,10.3390/nano13010161,"PE-ALD HfO2 film; TDMAHf dose 4.0s, O2 plasma dose 30s; annealed at 500°C for 30 s; growth per cycle 2.3 Åhttps://pmc.ncbi.nlm.nih.gov/articles/PMC9823614/",HfO2,,,,,250,TDMAHf,O2 plasma,100.0,4.0,90.0,30.0,90.0,,,20.0,2.3,500.0,30 s,N2,,,,,,,,,,,,,,,,,,,,,,,,,,,,,,,,,,,,,,,,,,,,,,Growth rate (Å/cycle),2.3
171,Choi,2022,Nanomaterials,10.3390/nano13010161,"PE-ALD HfO2 film; TDMAHf dose 4.0s, O2 plasma dose 60s; annealed at 500°C for 30 s; growth per cycle 2.4 Åhttps://pmc.ncbi.nlm.nih.gov/articles/PMC9823614/",HfO2,,,,,250,TDMAHf,O2 plasma,100.0,4.0,90.0,60.0,90.0,,,20.0,2.4,500.0,30 s,N2,,,,,,,,,,,,,,,,,,,,,,,,,,,,,,,,,,,,,,,,,,,,,,Growth rate (Å/cycle),2.4
172,Choi,2022,Nanomaterials,10.3390/nano13010161,"PE-ALD HfO2 film; TDMAHf dose 4.0s, O2 plasma dose 120s; annealed at 500°C for 30 s; growth per cycle 2.4 Åhttps://pmc.ncbi.nlm.nih.gov/articles/PMC9823614/",HfO2,,,,,250,TDMAHf,O2 plasma,100.0,4.0,90.0,120.0,90.0,,,20.0,2.4,500.0,30 s,N2,,,,,,,,,,,,,,,,,,,,,,,,,,,,,,,,,,,,,,,,,,,,,,Growth rate (Å/cycle),2.4
173,Choi,2022,Nanomaterials,10.3390/nano13010161,"PE-ALD HfO2 film; TDMAHf dose 0.1s, O2 plasma dose 3s; annealed at 600°C for 30 s; growth per cycle 1.9 Åhttps://pmc.ncbi.nlm.nih.gov/articles/PMC9823614/",HfO2,,,,,250,TDMAHf,O2 plasma,100.0,0.1,90.0,3.0,90.0,,,20.0,1.9,600.0,30 s,N2,,,,,,,,,,,,,,,,,,,,,,,,,,,,,,,,,,,,,,,,,,,,,,Growth rate (Å/cycle),1.9
174,Choi,2022,Nanomaterials,10.3390/nano13010161,"PE-ALD HfO2 film; TDMAHf dose 0.1s, O2 plasma dose 5s; annealed at 600°C for 30 s; growth per cycle 2.0 Åhttps://pmc.ncbi.nlm.nih.gov/articles/PMC9823614/",HfO2,,,,,250,TDMAHf,O2 plasma,100.0,0.1,90.0,5.0,90.0,,,20.0,2.0,600.0,30 s,N2,,,,,,,,,,,,,,,,,,,,,,,,,,,,,,,,,,,,,,,,,,,,,,Growth rate (Å/cycle),2.0
175,Choi,2022,Nanomaterials,10.3390/nano13010161,"PE-ALD HfO2 film; TDMAHf dose 0.1s, O2 plasma dose 10s; annealed at 600°C for 30 s; growth per cycle 2.1 Åhttps://pmc.ncbi.nlm.nih.gov/articles/PMC9823614/",HfO2,,,,,250,TDMAHf,O2 plasma,100.0,0.1,90.0,10.0,90.0,,,20.0,2.1,600.0,30 s,N2,,,,,,,,,,,,,,,,,,,,,,,,,,,,,,,,,,,,,,,,,,,,,,Growth rate (Å/cycle),2.1
176,Choi,2022,Nanomaterials,10.3390/nano13010161,"PE-ALD HfO2 film; TDMAHf dose 0.1s, O2 plasma dose 30s; annealed at 600°C for 30 s; growth per cycle 2.3 Åhttps://pmc.ncbi.nlm.nih.gov/articles/PMC9823614/",HfO2,,,,,250,TDMAHf,O2 plasma,100.0,0.1,90.0,30.0,90.0,,,20.0,2.3,600.0,30 s,N2,,,,,,,,,,,,,,,,,,,,,,,,,,,,,,,,,,,,,,,,,,,,,,Growth rate (Å/cycle),2.3
177,Choi,2022,Nanomaterials,10.3390/nano13010161,"PE-ALD HfO2 film; TDMAHf dose 0.1s, O2 plasma dose 60s; annealed at 600°C for 30 s; growth per cycle 2.4 Åhttps://pmc.ncbi.nlm.nih.gov/articles/PMC9823614/",HfO2,,,,,250,TDMAHf,O2 plasma,100.0,0.1,90.0,60.0,90.0,,,20.0,2.4,600.0,30 s,N2,,,,,,,,,,,,,,,,,,,,,,,,,,,,,,,,,,,,,,,,,,,,,,Growth rate (Å/cycle),2.4
178,Choi,2022,Nanomaterials,10.3390/nano13010161,"PE-ALD HfO2 film; TDMAHf dose 0.1s, O2 plasma dose 120s; annealed at 600°C for 30 s; growth per cycle 2.4 Åhttps://pmc.ncbi.nlm.nih.gov/articles/PMC9823614/",HfO2,,,,,250,TDMAHf,O2 plasma,100.0,0.1,90.0,120.0,90.0,,,20.0,2.4,600.0,30 s,N2,,,,,,,,,,,,,,,,,,,,,,,,,,,,,,,,,,,,,,,,,,,,,,Growth rate (Å/cycle),2.4
179,Choi,2022,Nanomaterials,10.3390/nano13010161,"PE-ALD HfO2 film; TDMAHf dose 0.5s, O2 plasma dose 3s; annealed at 600°C for 30 s; growth per cycle 1.9 Åhttps://pmc.ncbi.nlm.nih.gov/articles/PMC9823614/",HfO2,,,,,250,TDMAHf,O2 plasma,100.0,0.5,90.0,3.0,90.0,,,20.0,1.9,600.0,30 s,N2,,,,,,,,,,,,,,,,,,,,,,,,,,,,,,,,,,,,,,,,,,,,,,Growth rate (Å/cycle),1.9
180,Choi,2022,Nanomaterials,10.3390/nano13010161,"PE-ALD HfO2 film; TDMAHf dose 0.5s, O2 plasma dose 5s; annealed at 600°C for 30 s; growth per cycle 2.0 Åhttps://pmc.ncbi.nlm.nih.gov/articles/PMC9823614/",HfO2,,,,,250,TDMAHf,O2 plasma,100.0,0.5,90.0,5.0,90.0,,,20.0,2.0,600.0,30 s,N2,,,,,,,,,,,,,,,,,,,,,,,,,,,,,,,,,,,,,,,,,,,,,,Growth rate (Å/cycle),2.0
181,Choi,2022,Nanomaterials,10.3390/nano13010161,"PE-ALD HfO2 film; TDMAHf dose 0.5s, O2 plasma dose 10s; annealed at 600°C for 30 s; growth per cycle 2.1 Åhttps://pmc.ncbi.nlm.nih.gov/articles/PMC9823614/",HfO2,,,,,250,TDMAHf,O2 plasma,100.0,0.5,90.0,10.0,90.0,,,20.0,2.1,600.0,30 s,N2,,,,,,,,,,,,,,,,,,,,,,,,,,,,,,,,,,,,,,,,,,,,,,Growth rate (Å/cycle),2.1
182,Choi,2022,Nanomaterials,10.3390/nano13010161,"PE-ALD HfO2 film; TDMAHf dose 0.5s, O2 plasma dose 30s; annealed at 600°C for 30 s; growth per cycle 2.3 Åhttps://pmc.ncbi.nlm.nih.gov/articles/PMC9823614/",HfO2,,,,,250,TDMAHf,O2 plasma,100.0,0.5,90.0,30.0,90.0,,,20.0,2.3,600.0,30 s,N2,,,,,,,,,,,,,,,,,,,,,,,,,,,,,,,,,,,,,,,,,,,,,,Growth rate (Å/cycle),2.3
183,Choi,2022,Nanomaterials,10.3390/nano13010161,"PE-ALD HfO2 film; TDMAHf dose 0.5s, O2 plasma dose 60s; annealed at 600°C for 30 s; growth per cycle 2.4 Åhttps://pmc.ncbi.nlm.nih.gov/articles/PMC9823614/",HfO2,,,,,250,TDMAHf,O2 plasma,100.0,0.5,90.0,60.0,90.0,,,20.0,2.4,600.0,30 s,N2,,,,,,,,,,,,,,,,,,,,,,,,,,,,,,,,,,,,,,,,,,,,,,Growth rate (Å/cycle),2.4
184,Choi,2022,Nanomaterials,10.3390/nano13010161,"PE-ALD HfO2 film; TDMAHf dose 0.5s, O2 plasma dose 120s; annealed at 600°C for 30 s; growth per cycle 2.4 Åhttps://pmc.ncbi.nlm.nih.gov/articles/PMC9823614/",HfO2,,,,,250,TDMAHf,O2 plasma,100.0,0.5,90.0,120.0,90.0,,,20.0,2.4,600.0,30 s,N2,,,,,,,,,,,,,,,,,,,,,,,,,,,,,,,,,,,,,,,,,,,,,,Growth rate (Å/cycle),2.4
185,Choi,2022,Nanomaterials,10.3390/nano13010161,"PE-ALD HfO2 film; TDMAHf dose 2.0s, O2 plasma dose 3s; annealed at 600°C for 30 s; growth per cycle 1.9 Åhttps://pmc.ncbi.nlm.nih.gov/articles/PMC9823614/",HfO2,,,,,250,TDMAHf,O2 plasma,100.0,2.0,90.0,3.0,90.0,,,20.0,1.9,600.0,30 s,N2,,,,,,,,,,,,,,,,,,,,,,,,,,,,,,,,,,,,,,,,,,,,,,Growth rate (Å/cycle),1.9
186,Choi,2022,Nanomaterials,10.3390/nano13010161,"PE-ALD HfO2 film; TDMAHf dose 2.0s, O2 plasma dose 5s; annealed at 600°C for 30 s; growth per cycle 2.0 Åhttps://pmc.ncbi.nlm.nih.gov/articles/PMC9823614/",HfO2,,,,,250,TDMAHf,O2 plasma,100.0,2.0,90.0,5.0,90.0,,,20.0,2.0,600.0,30 s,N2,,,,,,,,,,,,,,,,,,,,,,,,,,,,,,,,,,,,,,,,,,,,,,Growth rate (Å/cycle),2.0
187,Choi,2022,Nanomaterials,10.3390/nano13010161,"PE-ALD HfO2 film; TDMAHf dose 2.0s, O2 plasma dose 10s; annealed at 600°C for 30 s; growth per cycle 2.1 Åhttps://pmc.ncbi.nlm.nih.gov/articles/PMC9823614/",HfO2,,,,,250,TDMAHf,O2 plasma,100.0,2.0,90.0,10.0,90.0,,,20.0,2.1,600.0,30 s,N2,,,,,,,,,,,,,,,,,,,,,,,,,,,,,,,,,,,,,,,,,,,,,,Growth rate (Å/cycle),2.1
188,Choi,2022,Nanomaterials,10.3390/nano13010161,"PE-ALD HfO2 film; TDMAHf dose 2.0s, O2 plasma dose 30s; annealed at 600°C for 30 s; growth per cycle 2.3 Åhttps://pmc.ncbi.nlm.nih.gov/articles/PMC9823614/",HfO2,,,,,250,TDMAHf,O2 plasma,100.0,2.0,90.0,30.0,90.0,,,20.0,2.3,600.0,30 s,N2,,,,,,,,,,,,,,,,,,,,,,,,,,,,,,,,,,,,,,,,,,,,,,Growth rate (Å/cycle),2.3
189,Choi,2022,Nanomaterials,10.3390/nano13010161,"PE-ALD HfO2 film; TDMAHf dose 2.0s, O2 plasma dose 60s; annealed at 600°C for 30 s; growth per cycle 2.4 Åhttps://pmc.ncbi.nlm.nih.gov/articles/PMC9823614/",HfO2,,,,,250,TDMAHf,O2 plasma,100.0,2.0,90.0,60.0,90.0,,,20.0,2.4,600.0,30 s,N2,,,,,,,,,,,,,,,,,,,,,,,,,,,,,,,,,,,,,,,,,,,,,,Growth rate (Å/cycle),2.4
190,Choi,2022,Nanomaterials,10.3390/nano13010161,"PE-ALD HfO2 film; TDMAHf dose 2.0s, O2 plasma dose 120s; annealed at 600°C for 30 s; growth per cycle 2.4 Åhttps://pmc.ncbi.nlm.nih.gov/articles/PMC9823614/",HfO2,,,,,250,TDMAHf,O2 plasma,100.0,2.0,90.0,120.0,90.0,,,20.0,2.4,600.0,30 s,N2,,,,,,,,,,,,,,,,,,,,,,,,,,,,,,,,,,,,,,,,,,,,,,Growth rate (Å/cycle),2.4
191,Choi,2022,Nanomaterials,10.3390/nano13010161,"PE-ALD HfO2 film; TDMAHf dose 4.0s, O2 plasma dose 3s; annealed at 600°C for 30 s; growth per cycle 1.9 Åhttps://pmc.ncbi.nlm.nih.gov/articles/PMC9823614/",HfO2,,,,,250,TDMAHf,O2 plasma,100.0,4.0,90.0,3.0,90.0,,,20.0,1.9,600.0,30 s,N2,,,,,,,,,,,,,,,,,,,,,,,,,,,,,,,,,,,,,,,,,,,,,,Growth rate (Å/cycle),1.9
192,Choi,2022,Nanomaterials,10.3390/nano13010161,"PE-ALD HfO2 film; TDMAHf dose 4.0s, O2 plasma dose 5s; annealed at 600°C for 30 s; growth per cycle 2.0 Åhttps://pmc.ncbi.nlm.nih.gov/articles/PMC9823614/",HfO2,,,,,250,TDMAHf,O2 plasma,100.0,4.0,90.0,5.0,90.0,,,20.0,2.0,600.0,30 s,N2,,,,,,,,,,,,,,,,,,,,,,,,,,,,,,,,,,,,,,,,,,,,,,Growth rate (Å/cycle),2.0
193,Choi,2022,Nanomaterials,10.3390/nano13010161,"PE-ALD HfO2 film; TDMAHf dose 4.0s, O2 plasma dose 10s; annealed at 600°C for 30 s; growth per cycle 2.1 Åhttps://pmc.ncbi.nlm.nih.gov/articles/PMC9823614/",HfO2,,,,,250,TDMAHf,O2 plasma,100.0,4.0,90.0,10.0,90.0,,,20.0,2.1,600.0,30 s,N2,,,,,,,,,,,,,,,,,,,,,,,,,,,,,,,,,,,,,,,,,,,,,,Growth rate (Å/cycle),2.1
194,Choi,2022,Nanomaterials,10.3390/nano13010161,"PE-ALD HfO2 film; TDMAHf dose 4.0s, O2 plasma dose 30s; annealed at 600°C for 30 s; growth per cycle 2.3 Åhttps://pmc.ncbi.nlm.nih.gov/articles/PMC9823614/",HfO2,,,,,250,TDMAHf,O2 plasma,100.0,4.0,90.0,30.0,90.0,,,20.0,2.3,600.0,30 s,N2,,,,,,,,,,,,,,,,,,,,,,,,,,,,,,,,,,,,,,,,,,,,,,Growth rate (Å/cycle),2.3
195,Choi,2022,Nanomaterials,10.3390/nano13010161,"PE-ALD HfO2 film; TDMAHf dose 4.0s, O2 plasma dose 60s; annealed at 600°C for 30 s; growth per cycle 2.4 Åhttps://pmc.ncbi.nlm.nih.gov/articles/PMC9823614/",HfO2,,,,,250,TDMAHf,O2 plasma,100.0,4.0,90.0,60.0,90.0,,,20.0,2.4,600.0,30 s,N2,,,,,,,,,,,,,,,,,,,,,,,,,,,,,,,,,,,,,,,,,,,,,,Growth rate (Å/cycle),2.4
196,Choi,2022,Nanomaterials,10.3390/nano13010161,"PE-ALD HfO2 film; TDMAHf dose 4.0s, O2 plasma dose 120s; annealed at 600°C for 30 s; growth per cycle 2.4 Åhttps://pmc.ncbi.nlm.nih.gov/articles/PMC9823614/",HfO2,,,,,250,TDMAHf,O2 plasma,100.0,4.0,90.0,120.0,90.0,,,20.0,2.4,600.0,30 s,N2,,,,,,,,,,,,,,,,,,,,,,,,,,,,,,,,,,,,,,,,,,,,,,Growth rate (Å/cycle),2.4
197,Liu,2005,J Electrochem Soc,10.1149/1.1859631,"O3-based ALD HfO2 using TEMAH; cycle 0.5s Hf, 1s purge, 0.3s O3, 1s purge",HfO2,,,,15.0,200,TEMAH,O3,70.0,0.5,1.0,0.3,1.0,0.2,,,0.714,,,,,,,,,,,Si,,,,,,,,,,,16.0,,,,,,,,,,,,,,,,,,,,,,,1.05,,,,,
198,Liu,2005,J Electrochem Soc,10.1149/1.1859631,"O3-based ALD HfO2 using TEMAH; cycle 0.5s Hf, 1s purge, 0.3s O3, 1s purge",HfO2,,,,15.0,250,TEMAH,O3,70.0,0.5,1.0,0.3,1.0,0.2,,,0.714,,,,,,,,,,,Si,,,,,,,,,,,18.0,,,,,,,,,,,,,,,,,,,,,,,1.05,,,,,
199,Liu,2005,J Electrochem Soc,10.1149/1.1859631,"O3-based ALD HfO2 using TEMAH; cycle 0.5s Hf, 1s purge, 0.3s O3, 1s purge",HfO2,,,,15.0,320,TEMAH,O3,70.0,0.5,1.0,0.3,1.0,0.2,,,0.714,,,,,,,,,,,Si,,,,,,,,,,,20.0,,,,,,,,,,,,,,,,,,,,,,,1.05,,,,,
200,Conley,2003,J Appl Phys,10.1063/1.1528306,HfO2 deposited using anhydrous Hf(NO3)4; thickness ~10 nm,HfO2,,,,10.0,180,Hf(NO3)4,None (nitrate decomposition),80.0,,,,,,,,1.3,,,,,,,,,,,Si,,,,,,,,,,,13.0,,,,,,,,,,,,,,,,,,,,,,,1.0,,,,,
201,Lindblad,2024,CSMANTECH Conference,,HfO2 O3,HfO2,,,,20.0,250,TDMAHf,O3,,,,,,,,,0.77,,,,,,,,,,,unknown,,,,,,,,,,,17.6,,,,,,,,,,,,,,,,,,,,,,,,,,,,
202,Lindblad,2024,CSMANTECH Conference,,HfO2 CRISP,HfO2,,,,20.0,250,TDMAHf,CRISP,,,,,,,,,0.99,,,,,,,,,,,unknown,,,,,,,,,,,16.2,,,,,,,,,,,,,,,,,,,,,,,,,,,,
203,Lindblad,2024,CSMANTECH Conference,,HfO2 CRISP Al1%,HfO2,Al,1.0,,20.0,250,TDMAHf,CRISP,,,,,,,,,0.99,,,,,,,,,,,unknown,,,,,,,,,,,19.2,,,,,,,,,,,,,,,,,,,,,,,,,,,,
204,Lindblad,2024,CSMANTECH Conference,,HfO2 CRISP Al5%,HfO2,Al,5.0,,20.0,250,TDMAHf,CRISP,,,,,,,,,0.99,,,,,,,,,,,unknown,,,,,,,,,,,16.9,,,,,,,,,,,,,,,,,,,,,,,,,,,,
205,Lindblad,2024,CSMANTECH Conference,,HfO2 O3 Al5%,HfO2,Al,5.0,,20.0,250,TDMAHf,O3,,,,,,,,,0.77,,,,,,,,,,,unknown,,,,,,,,,,,17.0,,,,,,,,,,,,,,,,,,,,,,,,,,,,
206,Lindblad,2024,CSMANTECH Conference,,HfO2 CRISP Al10%,HfO2,Al,10.0,,20.0,250,TDMAHf,CRISP,,,,,,,,,0.99,,,,,,,,,,,unknown,,,,,,,,,,,18.9,,,,,,,,,,,,,,,,,,,,,,,,,,,,
207,King,2013,PhD thesis,,HfO2 undoped,HfO2,,,,10.0,300,(MeCp)2Hf(OMe)(Me),H2O,,,,,,,,,,,,,,,,,,,,Si,,,,,,,,,,,17.0,,,,,,,,,,,,,,,,,,,,,,,,,,,,
208,King,2013,PhD thesis,,Ti0.5Hf0.5O2 as-deposited,HfO2,Ti,50.0,,10.0,250,(MeCp)2Hf(OMe)(Me),H2O,,,,,,,,,,,,,,,,,,,,Si,,,,,,,,,,,35.0,,,,,,,,,,,,,,,,,,,,,,,,,,,,
209,King,2013,PhD thesis,,Ti0.5Hf0.5O2 annealed,HfO2,Ti,50.0,,10.0,250,(MeCp)2Hf(OMe)(Me),H2O,,,,,,,,,,850.0,spike,,,,,,,,,Si,,,,,,,,,,,22.0,,,,,,,,,,,,,,,,,,,,,,,,,,,,
210,King,2013,PhD thesis,,Ce0.11Hf0.89O2 500C anneal,HfO2,Ce,11.0,,10.0,300,(MeCp)2Hf(OMe)(Me),H2O,,,,,,,,,,500.0,30,,,,,,,,,Si,,,,,,,,,,,31.0,,,,,,,,,,,,,,,,,,,,,,,,,,,,
211,King,2013,PhD thesis,,Ce0.11Hf0.89O2 850C anneal,HfO2,Ce,11.0,,10.0,300,(MeCp)2Hf(OMe)(Me),H2O,,,,,,,,,,850.0,spike,,,,,,,,,Si,,,,,,,,,,,21.0,,,,,,,,,,,,,,,,,,,,,,,,,,,,
212,King,2013,PhD thesis,,Ce-doped HfO2 at 150C,HfO2,Ce,11.0,,10.0,150,(MeCp)2Hf(OMe)(Me),H2O,,,,,,,,,,,,,,,,,,,,Si,,,,,,,,,,,42.0,,,,,,,,,,,,,,,,,,,,,,,,,,,,
213,Huddersfield,2015,Huddersfield portal,,Ti0.1Hf0.9O2 as-deposited,HfO2,Ti,10.0,,10.0,250,TDMAHf,H2O,,,,,,,,,,,,,,,,,,,,Si,,,,,,,,,,,20.0,,,,,,,,,,,,,,,,,,,,,,,,,,,,
214,Huddersfield,2015,Huddersfield portal,,Ti0.5Hf0.5O2 as-deposited,HfO2,Ti,50.0,,10.0,250,TDMAHf,H2O,,,,,,,,,,,,,,,,,,,,Si,,,,,,,,,,,35.0,,,,,,,,,,,,,,,,,,,,,,,,,,,,
215,Huddersfield,2015,Huddersfield portal,,Ti0.5Hf0.5O2 500C anneal,HfO2,Ti,50.0,,10.0,250,TDMAHf,H2O,,,,,,,,,,500.0,30,,,,,,,,,Si,,,,,,,,,,,27.0,,,,,,,,,,,,,,,,,,,,,,,,,,,,
216,Unknown,2010,Conference abstract,,Gd_xHf1-xO_y with x=11%,HfO2,Gd,11.0,,10.0,200,HfCl4,H2O,,,,,,,,,0.55,,,,,,,,,,,Si,,,,,,,,,,,36.0,,,,,,,,,,,,,,,,,,,,,,,,,,,,
217,Wang,2022,Materials Sci Appl,,Composite Al2O3/HfO2 ratio Al/Hf=1:1,AlHfO,Al,50.0,,70.0,370,TDMAHf,H2O,,1.6,5.0,0.1,4.0,,,,,,,,,,,,,,,TiN/SiO2/Si,,,,,,,,,,,8.0,,,,,,,,,,,,,,,,,,,,,,,,,,,,
218,Wang,2022,Materials Sci Appl,,Composite Al2O3/HfO2 ratio Al/Hf=1:2,AlHfO,Al,33.3,,70.0,370,TDMAHf,H2O,,1.6,5.0,0.1,4.0,,,,,,,,,,,,,,,TiN/SiO2/Si,,,,,,,,,,,25.0,,,,,,,,,,,,,,,,,,,,,,,,,,,,
219,Wang,2022,Materials Sci Appl,,Composite Al2O3/HfO2 ratio Al/Hf=1:3,AlHfO,Al,25.0,,70.0,370,TDMAHf,H2O,,1.6,5.0,0.1,4.0,,,,,,,,,,,,,,,TiN/SiO2/Si,,,,,,,,,,,30.0,,,,,,,,,,,,,,,,,,,,,,,,,,,,
220,Wang,2022,Materials Sci Appl,,Composite Al2O3/HfO2 ratio Al/Hf=1:4,AlHfO,Al,20.0,,70.0,370,TDMAHf,H2O,,1.6,5.0,0.1,4.0,,,,,,,,,,,,,,,TiN/SiO2/Si,,,,,,,,,,,35.0,,,,,,,,,,,,,,,,,,,,,,,,,,,,
221,Gonta,2017,RIT conference,,Al-doped HfO2 film,HfO2,Al,,,10.0,250,TDMAHf,H2O,,,,,,,,,,,,,,,,,,,,Si,,,,,,,,,,,23.9,,,,,,,,,,,,,,,,,,,,,,,,,,,,
222,Jia,2025,Scientific Reports,10.1038/s41598-025-85686-9,PEALD pure-HfO2 ref (x=0); 20nm on n-Si; Al gate; highest k & leakage of series; series SiO2 IL present (low extracted k vs intrinsic monoclinic),HfO2,,0,,20,200,TEMAH,O2_plasma,,,,,,,,,,,,,,,,,,,,Si,(100),,,Al,200,n-type,3.5e17,20,,,13.16,,,,,,,,,,,,,,,,,,,,,,,,,,,,
223,Jia,2025,Scientific Reports,10.1038/s41598-025-85686-9,PEALD (Al2O3)0.25(HfO2)0.75; authors deem 20-30% Al2O3 optimal for stable leakage,AlHfO,Al,20.95,,20,200,TEMAH+TMA,O2_plasma,,,,,,,,,,,,,,,,,,,,Si,(100),,,Al,200,n-type,3.5e17,20,,,11.55,,,,,,,,,,,,,,,,,,,,,,,,,,,,
224,Jia,2025,Scientific Reports,10.1038/s41598-025-85686-9,PEALD (Al2O3)0.5(HfO2)0.5; variable-T I-V (25-100C); FN->PF transition at high T,AlHfO,Al,45.57,,20,200,TEMAH+TMA,O2_plasma,,,,,,,,,,,,,,,,,,,,Si,(100),,,Al,200,n-type,3.5e17,20,,,9.93,,,,,,,,,,,,,,,,,,,,,,,,,,,,
225,Jia,2025,Scientific Reports,10.1038/s41598-025-85686-9,PEALD (Al2O3)0.75(HfO2)0.25,AlHfO,Al,69.31,,20,200,TEMAH+TMA,O2_plasma,,,,,,,,,,,,,,,,,,,,Si,(100),,,Al,200,n-type,3.5e17,20,,,8.31,,,,,,,,,,,,,,,,,,,,,,,,,,,,
226,Jia,2025,Scientific Reports,10.1038/s41598-025-85686-9,"PEALD pure-Al2O3 endpoint; lowest leakage, largest bandgap of series",Al2O3,,100,,20,200,TMA,O2_plasma,,,,,,,,,,,,,,,,,,,,Si,(100),,,Al,200,n-type,3.5e17,20,,,6.7,,,,,,,,,,,,,,,,,,,,,,,,,,,,
227,Zhu,2019,Nanoscale Research Letters,10.1186/s11671-019-2874-5,"ALD Al2O3(2)/ZrO2(20)/Al2O3(2) MIM, TaN/TaN; as-deposited; J@2V=1.23e-8, J@4V=1.06e-7, J@-4V=3.41e-8 A/cm2; Vbd~9.8V(50%); phi_t=0.73/0.82 eV",ZrO2,,,amorphous,20,250,TDMAZ,H2O,,,,,,,,,,,5min,,,,,,,,,TaN,,none,,TaN,,,,24,,,28.3,7.34,,,,,,,,,,,,,,,,,,,,,,,,,,,
228,Zhu,2019,Nanoscale Research Letters,10.1186/s11671-019-2874-5,"MWA 700W; J@4V=6.68e-7, J@-4V=3.30e-7 A/cm2; phi_t=0.51/0.53 eV; ~40% permittivity gain",ZrO2,,,,20,250,TDMAZ,H2O,,,,,,,,,,260,5min,,,,,,,,,TaN,,none,,TaN,,,,24,,,40.1,8.87,,,,,,,,,,,,,,,,,,,,,,,,,,,
229,Zhu,2019,Nanoscale Research Letters,10.1186/s11671-019-2874-5,"MWA 1050W; J@4V=7.63e-6, J@-4V=1.20e-6 A/cm2; phi_t=0.38/0.47 eV; field-assisted tunneling",ZrO2,,,,20,250,TDMAZ,H2O,,,,,,,,,,350,5min,,,,,,,,,TaN,,none,,TaN,,,,24,,,41.0,8.96,,,,,,,,,,,,,,,,,,,,,,,,,,,
230,Zhu,2019,Nanoscale Research Letters,10.1186/s11671-019-2874-5,"MWA 1400W; J@2V=1.36e-8, J@4V=1.92e-5, J@-4V=3.48e-6 A/cm2; Vbd~9V; conduction=field-assisted tunneling",ZrO2,,,tetragonal,20,250,TDMAZ,H2O,,,,,,,,,,400,5min,,,,,,,,,TaN,,none,,TaN,,,,24,,,41.9,9.06,,,,,,,,,,,,,,,,,,,,,,,,,,,
231,Li,2019,Nanoscale Research Letters,10.1186/s11671-019-2907-0,ALD Ta2O5 (PDMATa/O3) on n-Si; 700C/2h/N2; J@2MV/cm=0.329 A/cm2 (not at 1V),Ta2O5,,,orthorhombic+hexagonal,,230,PDMATa,O3,,,,,,,,,0.52,700,2h,N2,,,,,,,,Si,,,,Al,,n-type,,,,,24.6,,,,,,,,,,,,,,,,,,,,,,,,,,,,
232,Li,2019,Nanoscale Research Letters,10.1186/s11671-019-2907-0,"ALD Al2O3 (TMA/O3); amorphous; lowest leakage J=2.62e-8 A/cm2; nanolaminate intermediates (38:12..17:33) are figure-derived (Fig.3d), not tabulated",Al2O3,,,amorphous,,230,TMA,O3,,,,,,,,,1.01,700,2h,N2,,,,,,,,Si,,,,Al,,n-type,,,,,6.28,,,,,,,,,,,,,,,,,,,,,,,,,,,,
233,Kim,2025,Nanomaterials,10.3390/nano15110783,DP-ALD HfO2 (TiN/HfO2/TiN); GPC 0.97(horiz)/1.12(vert) A/cyc; J@0.8V(15nm)~1e-4 A/cm2; non-lattice Hf 17.0% O 9.82%; step coverage 92.6/87.3%; higher k via O-vacancy polarization,HfO2,,,,,,TEMA-Hf,O2_plasma,,,,,,,,200,0.97,450,1min,N2,,,,,0.79,,,Si,,SiO2,,TiN,,,,,,,22.2,,,,,,,,,,,,,,,,,,,,,,,,,,,,
234,Kim,2025,Nanomaterials,10.3390/nano15110783,RP-ALD HfO2 (TiN/HfO2/TiN); GPC 0.72(horiz)/0.55(vert) A/cyc; J@0.8V(15nm)~1e-7 A/cm2 (3 orders below DP); non-lattice Hf 13.6% O 5.08%; step coverage ~100%,HfO2,,,,,,TEMA-Hf,O2_plasma,,,,,,,,2600,0.72,450,1min,N2,,,,,0.8,,,Si,,SiO2,,TiN,,,,,,,19.2,,,,,,,,,,,,,,,,,,,,,,,,,,,,
235,Lee,2026,Advanced Electronic Materials,10.1002/aelm.202500679,"ALD Al-doped HfO2 MIM (Ti/TiN // TiN/Pt); uniform doping; TiN-driven tetragonal stabilization; TDMAH 43C/3s, TMA 1s, H2O 1s, Ar purge 30s; GPC 0.12 nm/cyc",HfAlO,Al,,tetragonal+monoclinic,11,200,TDMAH+TMA,H2O,,3,,1,,,,,1.2,600,,,,,,TiN,,,,Si,,,,Pt,30,p+,,11,0.96,,44.7,,,,,,,,,,,,,,,,,,,,,,,,,,,,
236,Lee,2026,Advanced Electronic Materials,10.1002/aelm.202500679,"ALD Al-gradient-doped HfO2 MIM; gradient super-cycle; leakage ~1 order below uniform; larger grains, lower O-vacancy; 400/500C variants exist but k/EOT cells not retrievable (Wiley block)",HfAlO,Al,,tetragonal,11,200,TDMAH+TMA,H2O,,3,,1,,,,,1.2,600,,,,,,TiN,,,,Si,,,,Pt,30,p+,,11,0.71,,60.7,,,,,,,,,,,,,,,,,,,,,,,,,,,,
237,Zhang,2025,Nano-Micro Letters,10.1007/s40820-025-01841-x,"ALD HZO 1:1 laminate (HfCl4/ZrCl4/H2O, ~1nm sublayers); near-edge plasma; downscaled 3.85um dia; stored charge 183 uC/cm2 @1.2V/50ns, >1e12 cycles; companion Nat Commun 16:2679 (10.1038/s41467-025-57963-8) [QUARANTINED: k value removed - metastable defect-engineered giant-permittivity state, not intrinsic k; see original note for k=1466 context]",Hf0.5Zr0.5O2,Zr,50,tetragonal+orthorhombic,10,200,HfCl4+ZrCl4,H2O,,,,,,,,,,550,30s,N2,,,,,,,,TiN,,,,TiN/W,,,,10,,,,,,,,,,,,,,,,,,,,,,,,,,,,,,"dielectric permittivity (giant, special state)",
238,Du,2023,Applied Surface Science,10.1016/j.apsusc.2023.158078,"TiN/Al2O3(0.3nm)/Hf0.3Zr0.7O2(6nm)/TiN DRAM cap; Jleak<7.7e-8 A/cm2 at +-0.5V (not at 1V); GIXRD o(111)30.4+t(011)30.8; authors Du,Luo,Shen,Bai,Gan,Yin,Li",Hf0.3Zr0.7O2,,,tetragonal+orthorhombic,6,,,H2O,,,,,,,,,,550,,N2,,,,,,,,TiN,,Al2O3,0.3,TiN,,,,6.3,0.54,,45.0,,,,,,,,,,,,,,,,,,,,,,,,,,,,
239,Luo,2023,Applied Physics Letters,10.1063/5.0145824,TiN/Al2O3(0.2)/Hf0.5Zr0.5O2(5.6)/Al2O3(0.2)/TiN DRAM cap; EOT~5.1A; Jleak<1e-7 A/cm2 at +-0.5V (not at 1V),Hf0.5Zr0.5O2,,,tetragonal+orthorhombic,5.6,,,,,,,,,,,,,,,,,,,,,,,TiN,,Al2O3,0.2,TiN,,,,6.0,0.51,,46.7,,,,,,,,,,,,,,,,,,,,,,,,,,,,
240,Park,2018,ACS Applied Materials & Interfaces,10.1021/acsami.8b15576,ALD HfO2-ZrO2 solid solution MPB DRAM study; Hf0.5Zr0.5O2 peak k=47 at 6.5nm,Hf0.5Zr0.5O2,,,tetragonal+orthorhombic,6.5,,,,,,,,,,,,,,,,,,,,,,,TiN,,,,TiN,,,,,,,47.0,,,,,,,,,,,,,,,,,,,,,,,,,,,,
241,Park,2018,ACS Applied Materials & Interfaces,10.1021/acsami.8b15576,ALD HfO2-ZrO2 solid solution MPB; Hf0.3Zr0.7O2 peak k=43 at 9.2nm; same paper as row for Hf0.5Zr0.5O2,Hf0.3Zr0.7O2,,,tetragonal+orthorhombic,9.2,,,,,,,,,,,,,,,,,,,,,,,TiN,,,,TiN,,,,,,,43.0,,,,,,,,,,,,,,,,,,,,,,,,,,,,
242,Das,2021,IEEE Transactions on Electron Devices,10.1109/TED.2021.3131403,"Sub-5A-EOT DRAM cap; Jleak<3e-8 A/cm2 at 0.5V (not at 1V); HPA 200atm; k~49, EOT~0.48nm",Hf0.33Zr0.67O2,,,tetragonal+orthorhombic,6,,,,,,,,,,,,,,,,,,,,,,,TiN,,,,TiN,,,,6,0.48,,49.0,,,,,,,,,,,,,,,,,,,,,,,,,,,,
243,Zhou,2021,IEEE IEDM Technical Digest,10.1109/IEDM19574.2021.9720632,"Al-doped HfO2 near MPB; k~68 EOT~0.54nm (9.4nm film); Jleak<1e-5 A/cm2 (high, due to 750C anneal); highest doped-HfO2 k reported",HfAlO,Al,,tetragonal+orthorhombic,9.4,,,,,,,,,,,,,750,,,,,,,,,,TiN,,,,TiN,,,,9.4,0.54,,68.0,,,,,,,,,,,,,,,,,,,,,,,,,,,,
244,Kim,2022,Ceramics International,10.1016/j.ceramint.2021.10.097,"DRAM cap dielectric; k=37.9; Jleak=3.52e-9 A/cm2 (bias as reported, not at 1V); monoclinic suppressed by Y; TiN electrode",HfYO,Y,,tetragonal,,,HfCp(NMe2)3+Y-amide(cocktail),O3,,,,,,,,,,,,,,,,,,,,TiN,,,,TiN,,,,,,,37.9,,,,,,,,,,,,,,,,,,,,,,,,,,,,
245,Kim,2020,Materials,10.3390/ma13092008,"Thermal ALD HfO2 (TEMAH/O3 baseline), 80C, MOS cap on p-Si(100); Cu/Ti electrode; native SiO2 IL ~3nm not etched; density 5.3 g/cm3; band_gap=5.1eV (Tauc); Qf=9.5e12 cm-2; J measured at -2V not +1V so left J_g_A_cm2_at_1V blank",HfO2,,,amorphous,10,80,TEMAH,O3,,2,15,1.5,15,,,,,,,,,,,,3,,,Si,(100),native SiO2,,Cu/Ti,,p-type,4.2e14,10,,,8.7,44.49,,,,,,,,,,,,,,,,,,,,,,,,,,J_g_A_cm2_at_neg2V,0.014
246,Kim,2020,Materials,10.3390/ma13092008,"PEALD HfO2 (TEMAH/O2 plasma, 13.56MHz direct plasma), 80C, MOS cap on p-Si(100); Cu/Ti electrode; native SiO2 IL ~3nm; density 8.1 g/cm3; band_gap=5.6eV (Tauc); Qf=1.0e12 cm-2 (lowest of series, -90% vs thermal); RMS roughness 0.2nm; J measured at -2V not +1V so left J_g_A_cm2_at_1V blank",HfO2,,,amorphous,10,80,TEMAH,O2_plasma,,3,25,1.5,25,,,150,,,,,,,,,3,,,Si,(100),native SiO2,,Cu/Ti,,p-type,4.2e14,10,,,12.6,54.01,,,,,,,,,,,,,,,,,,,,,,,,,,J_g_A_cm2_at_neg2V,2.5e-05
247,Zhai,2024,Applied Physics Letters,10.1063/5.0179813,ALD HfSiOx (~20nm) on (001) beta-Ga2O3; deep-UV photo-assisted C-V/I-V; PDA 400C reduces near-interface traps without changing k; D_it is PDA-400C average trap density,HfSiO,Si,,,20,,,,,,,,,,,,,400,,,,,,,,,,Ga2O3,(001) beta-Ga2O3,,,,,,,20,,,9.28,,,,,,,,,,8.7,,,,,,,,2720000000000.0,,,,,,,,,,
248,Zhai,2024,Applied Physics Letters,10.1063/5.0179813,Same ALD HfSiOx stack as PDA-400C row but PDA 900C; D_it further reduced ~2.6x vs 400C PDA; k and E_BD unchanged by PDA per paper; breakdown 8.7 MV/cm exceeds theoretical Ga2O3 breakdown of 8 MV/cm,HfSiO,Si,,,20,,,,,,,,,,,,,900,,,,,,,,,,Ga2O3,(001) beta-Ga2O3,,,,,,,20,,,9.28,,,,,,,,,,8.7,,,,,,,,1060000000000.0,,,,,,,,,,
249,Sharafi,2026,Nanomaterials,10.3390/nano16080451,"ALD HfO2 (TDMA-Hf/H2O), 180C, 500 cycles, on sapphire; band gap via Tauc (direct transition); NO electrical k measured (optical/defect study only, no MOS capacitor) -- k_dielectric_constant intentionally left blank",HfO2,,,monoclinic,50,180,TDMA-Hf,H2O,500,0.015,15,0.015,15,,,,1.0,,,,,,,,,,,sapphire,,,,,,,,50.4,,,,,,,,,,,,,,,,,,,,,,,,,,,,,,optical_band_gap_eV,5.3
250,Sharafi,2026,Nanomaterials,10.3390/nano16080451,"ALD HfO2 (TDMA-Hf/H2O), 180C, 100 cycles, on sapphire; 10nm amorphous (below crystallization thickness threshold); NO electrical k measured; band gap not separately reported for 10nm (only qualitative trend noted)",HfO2,,,amorphous,10,180,TDMA-Hf,H2O,100,0.015,15,0.015,15,,,,1.02,,,,,,,,,,,sapphire,,,,,,,,10.2,,,,,,,,,,,,,,,,,,,,,,,,,,,,,,optical_band_gap_eV,
251,Sharafi,2026,Nanomaterials,10.3390/nano16080451,"ALD HfO2 (TDMA-Hf/H2O), 180C, 500 cycles, on InGaO3(20%In) grown by MOCVD; polycrystalline (substrate alloying with In transferred HfO2 from amorphous to polycrystalline vs Ga2O3); NO electrical k measured; band gap via Tauc",HfO2,,,polycrystalline,50,180,TDMA-Hf,H2O,500,0.015,15,0.015,15,,,,1.0,,,,,,,,,,,InGaO3 (20% In),,,,,,,,50.4,,,,,,,,,,,,,,,,,,,,,,,,,,,,,,optical_band_gap_eV,5.44
252,Sharafi,2026,Nanomaterials,10.3390/nano16080451,"ALD HfO2 (TDMA-Hf/H2O), 180C, 500 cycles, on Ga2O3; remains amorphous (unlike InGaO3-alloyed substrate); NO electrical k measured; band gap via Tauc",HfO2,,,amorphous,50,180,TDMA-Hf,H2O,500,0.015,15,0.015,15,,,,1.0,,,,,,,,,,,Ga2O3,,,,,,,,50.4,,,,,,,,,,,,,,,,,,,,,,,,,,,,,,optical_band_gap_eV,5.83
253,Sharafi,2026,Nanomaterials,10.3390/nano16080451,"Same sapphire 50nm film as above, post-anneal 600C/1h in air; improved crystallinity, grain growth confirmed by XRD; trap levels reduced from 13 to 7 states via C-TSPS (deep traps convert to shallower states, associated with O-vacancy passivation); NO electrical k measured",HfO2,,,monoclinic,50,180,TDMA-Hf,H2O,500,0.015,15,0.015,15,,,,1.0,600,1h,air,,,,,,,,sapphire,,,,,,,,50.4,,,,,,,,,,,,,,,,,,,,,,,,,,,,,,trap_levels_meV_note,
254,Boysen,2021,RSC Advances,10.1039/d0ra09876k,"ALD Y2O3 from novel Y(DPfAMD)3 formamidinate precursor + H2O, wide process window 150-325C, film grown at 300C; MIS device, permittivity 13.9 at 1MHz; E_BD range stated as 4.2-6.1 MV/cm (used lower bound); C,N below NRA detection limit; J measured at 2 MV/cm field not 1V bias so left J_g_A_cm2_at_1V blank",Y2O3,,,polycrystalline_fcc,,300,Y(DPfAMD)3,H2O,,,,,,,,,1.36,,,,,,,,,,,,,,,,,,,,,,13.9,,,,,,,,,,4.2,,,,,,,,125000000000.0,,,,,,,,,J_g_A_cm2_at_2MVcm,1e-07
255,Niinisto,2005,Journal of Crystal Growth,10.1016/j.jcrysgro.2005.08.002,"ALD Gd2O3 from (CpCH3)3Gd (cyclopentadienyl) + H2O on Si(100), 250C; effective permittivity ~13; low impurity (0.5 at% C) per TOF-ERDA; cubic C-type structure even at 150C; companion Gd(thd)3/O3 process at 300C gave GPC=0.3 A/cycle but no k value reported for that process, so not added as separate row",Gd2O3,,,cubic_C-type,,250,(CpCH3)3Gd,H2O,,,,,,,,,,,,,,,,,,,,Si,(100),,,,,,,,,,13.0,,,,,,,,,,,,,,,,,,,,,,,,,,,,
256,Kukli,2001,J. Electrochem. Soc.,10.1149/1.1415024,ZrO2 ZrCl4/H2O 325C; k=21,ZrO2,,0,tetragonal,10.0,325,ZrCl4,H2O,100,2,20,3,20,0.0001,,,1.0,700,30s,N2,50,21000,,,,,,Si,(100),SiO2,0.5,Au,50,p-type,1000000000000000.0,10.0,,,21,,,,,,,,,1e-07,7.0,,,,,,,stable,,,,,,,,,,,
257,Kukli,2001,J. Electrochem. Soc.,10.1149/1.1415024,ZrO2 ZrCl4/H2O 375C; k=24,ZrO2,,0,tetragonal,10.0,375,ZrCl4,H2O,100,2,20,3,20,0.0001,,,0.95,700,30s,N2,50,21000,,,,,,Si,(100),SiO2,0.5,Au,50,p-type,1000000000000000.0,10.0,,,24,,,,,,,,,1e-07,7.0,,,,,,,stable,,,,,,,,,,,
258,Kukli,2001,J. Electrochem. Soc.,10.1149/1.1415024,ZrO2 ZrCl4/H2O 400C; k=26,ZrO2,,0,tetragonal+monoclinic,10.0,400,ZrCl4,H2O,100,2,20,3,20,0.0001,,,0.9,700,30s,N2,50,21000,,,,,,Si,(100),SiO2,0.5,Au,50,p-type,1000000000000000.0,10.0,,,26,,,,,,,,,1e-07,7.0,,,,,,,stable,,,,,,,,,,,
259,Kukli,2001,J. Electrochem. Soc.,10.1149/1.1415024,ZrO2 ZrCl4/H2O 450C; k=22,ZrO2,,0,monoclinic,10.0,450,ZrCl4,H2O,100,2,20,3,20,0.0001,,,0.8,700,30s,N2,50,21000,,,,,,Si,(100),SiO2,0.5,Au,50,p-type,1000000000000000.0,10.0,,,22,,,,,,,,,1e-07,7.0,,,,,,,stable,,,,,,,,,,,
260,Kukli,2001,J. Electrochem. Soc.,10.1149/1.1415024,ZrO2 ZrCl4/H2O 500C; k=18,ZrO2,,0,monoclinic,10.0,500,ZrCl4,H2O,100,2,20,3,20,0.0001,,,0.6,700,30s,N2,50,21000,,,,,,Si,(100),SiO2,0.5,Au,50,p-type,1000000000000000.0,10.0,,,18,,,,,,,,,1e-07,7.0,,,,,,,stable,,,,,,,,,,,
261,Ritala,2000,Chem. Vap. Deposition,10.1002/(SICI)1521-3862(200003)6:2<75::AID-CVDE75>3.0.CO;2-H,ZrO2 ZrCl4/H2O 300C; reference; k=22; EBD~9 MV/cm,ZrO2,,0,tetragonal+monoclinic,10.0,300,ZrCl4,H2O,100,2,15,3,15,0.0001,,,1.0,700,30s,N2,,,,,,,,Si,(100),SiO2,0.5,Au,50,p-type,1000000000000000.0,10.0,1.5,,22,,,,,,,,,5e-07,9.0,,,,,,,stable,,,,,,,,,,,
262,Zhao,2009,Appl. Surface Science,10.1016/j.apsusc.2009.05.020,ZrO2 TDMAZ/H2O 250C; oxidant comparison; k=28,ZrO2,,0,tetragonal,10.0,250,TDMAZ,H2O,100,2,15,4,15,0.0001,,,1.1,700,30s,N2,,,,,,,,Si,(100),SiO2,0.5,TiN,20,p-type,1000000000000000.0,10.0,,,28,,,,,,,,,2e-06,7.5,,,,,,,stable,,,,,,,,,,,
263,Zhao,2009,Appl. Surface Science,10.1016/j.apsusc.2009.05.020,ZrO2 TDMAZ/O3 250C; oxidant comparison; k=32,ZrO2,,0,tetragonal,10.0,250,TDMAZ,O3,100,2,15,4,15,0.0001,,,1.2,700,30s,N2,,,,,,,,Si,(100),SiO2,0.5,TiN,20,p-type,1000000000000000.0,10.0,,,32,,,,,,,,,5e-07,7.5,,,,,,,stable,,,,,,,,,,,
264,Kim,2018,Nanoscale Res. Lett.,10.1186/s11671-018-2573-9,ZrO2 TEMAZ/O3 150C; k=18,ZrO2,,0,amorphous,10.0,150,TEMAZ,O3,100,2,20,5,20,0.0001,,,0.9,700,30s,N2,,,,,,,,Si,(100),SiO2,0.5,TiN,20,p-type,1000000000000000.0,10.0,1.1,,18,,,,,,,,,1e-06,6.5,,,,,,,stable,,,,,,,,,,,
265,Kim,2018,Nanoscale Res. Lett.,10.1186/s11671-018-2573-9,ZrO2 TEMAZ/O3 200C; k=28,ZrO2,,0,tetragonal,10.0,200,TEMAZ,O3,100,2,20,5,20,0.0001,,,1.05,700,30s,N2,,,,,,,,Si,(100),SiO2,0.5,TiN,20,p-type,1000000000000000.0,10.0,1.1,,28,,,,,,,,,1e-06,6.5,,,,,,,stable,,,,,,,,,,,
266,Kim,2018,Nanoscale Res. Lett.,10.1186/s11671-018-2573-9,ZrO2 TEMAZ/O3 250C; k=32,ZrO2,,0,tetragonal,10.0,250,TEMAZ,O3,100,2,20,5,20,0.0001,,,1.1,700,30s,N2,,,,,,,,Si,(100),SiO2,0.5,TiN,20,p-type,1000000000000000.0,10.0,1.1,,32,,,,,,,,,1e-06,6.5,,,,,,,stable,,,,,,,,,,,
267,Kim,2018,Nanoscale Res. Lett.,10.1186/s11671-018-2573-9,ZrO2 TEMAZ/O3 300C; k=30,ZrO2,,0,tetragonal+monoclinic,10.0,300,TEMAZ,O3,100,2,20,5,20,0.0001,,,1.0,700,30s,N2,,,,,,,,Si,(100),SiO2,0.5,TiN,20,p-type,1000000000000000.0,10.0,1.1,,30,,,,,,,,,1e-06,6.5,,,,,,,stable,,,,,,,,,,,
268,Kim,2018,Nanoscale Res. Lett.,10.1186/s11671-018-2573-9,ZrO2 TEMAZ/O3 350C; k=22,ZrO2,,0,monoclinic,10.0,350,TEMAZ,O3,100,2,20,5,20,0.0001,,,0.85,700,30s,N2,,,,,,,,Si,(100),SiO2,0.5,TiN,20,p-type,1000000000000000.0,10.0,1.1,,22,,,,,,,,,1e-06,6.5,,,,,,,stable,,,,,,,,,,,
269,Park,2020,Thin Solid Films,10.1016/j.tsf.2020.138155,ZrO2 TEMAZ/O2-plasma 100W 250C; k=25,ZrO2,,0,tetragonal,10.0,250,TEMAZ,O2_plasma,100,2,20,5,20,0.0005,,100,0.9,600,30s,N2,,,,,,,,Si,(100),SiO2,0.5,TiN,20,p-type,1000000000000000.0,10.0,,,25,,,,,,,,,5e-07,7.0,,,,,,,stable,,,,,,,,,,,
270,Park,2020,Thin Solid Films,10.1016/j.tsf.2020.138155,ZrO2 TEMAZ/O2-plasma 200W 250C; k=29,ZrO2,,0,tetragonal,10.0,250,TEMAZ,O2_plasma,100,2,20,5,20,0.0005,,200,1.1,600,30s,N2,,,,,,,,Si,(100),SiO2,0.5,TiN,20,p-type,1000000000000000.0,10.0,,,29,,,,,,,,,5e-07,7.0,,,,,,,stable,,,,,,,,,,,
271,Park,2020,Thin Solid Films,10.1016/j.tsf.2020.138155,ZrO2 TEMAZ/O2-plasma 300W 250C; k=31,ZrO2,,0,tetragonal,10.0,250,TEMAZ,O2_plasma,100,2,20,5,20,0.0005,,300,1.15,600,30s,N2,,,,,,,,Si,(100),SiO2,0.5,TiN,20,p-type,1000000000000000.0,10.0,,,31,,,,,,,,,5e-07,7.0,,,,,,,stable,,,,,,,,,,,
272,Park,2020,Thin Solid Films,10.1016/j.tsf.2020.138155,ZrO2 TEMAZ/O2-plasma 400W 250C; k=30,ZrO2,,0,tetragonal,10.0,250,TEMAZ,O2_plasma,100,2,20,5,20,0.0005,,400,1.1,600,30s,N2,,,,,,,,Si,(100),SiO2,0.5,TiN,20,p-type,1000000000000000.0,10.0,,,30,,,,,,,,,5e-07,7.0,,,,,,,stable,,,,,,,,,,,
273,Groner,2004,Chem. Mater.,10.1021/cm0304546,Al2O3 TMA/H2O 33C; k=5.6; low-T ALD reference,Al2O3,,0,amorphous,10.0,33,TMA,H2O,100,1,30,2,30,0.0001,,,0.9,,,,,,,,,,,Si,(100),native Al2O3,0.3,Al,50,p-type,1000000000000000.0,10.0,,,5.6,,,,,,,,,1e-08,9.5,,,,,,,stable,,,,,,,,,,,
274,Groner,2004,Chem. Mater.,10.1021/cm0304546,Al2O3 TMA/H2O 100C; k=6.8; low-T ALD reference,Al2O3,,0,amorphous,10.0,100,TMA,H2O,100,1,30,2,30,0.0001,,,1.0,,,,,,,,,,,Si,(100),native Al2O3,0.3,Al,50,p-type,1000000000000000.0,10.0,,,6.8,,,,,,,,,1e-08,9.8,,,,,,,stable,,,,,,,,,,,
275,Groner,2004,Chem. Mater.,10.1021/cm0304546,Al2O3 TMA/H2O 150C; k=7.0; low-T ALD reference,Al2O3,,0,amorphous,10.0,150,TMA,H2O,100,1,30,2,30,0.0001,,,1.0,,,,,,,,,,,Si,(100),native Al2O3,0.3,Al,50,p-type,1000000000000000.0,10.0,,,7.0,,,,,,,,,1e-08,10.0,,,,,,,stable,,,,,,,,,,,
276,Groner,2004,Chem. Mater.,10.1021/cm0304546,Al2O3 TMA/H2O 177C; k=7.3; low-T ALD reference,Al2O3,,0,amorphous,10.0,177,TMA,H2O,100,1,30,2,30,0.0001,,,0.95,,,,,,,,,,,Si,(100),native Al2O3,0.3,Al,50,p-type,1000000000000000.0,10.0,,,7.3,,,,,,,,,1e-08,9.2,,,,,,,stable,,,,,,,,,,,
277,Groner,2004,Chem. Mater.,10.1021/cm0304546,Al2O3 TMA/H2O 300C; k=8.0; low-T ALD reference,Al2O3,,0,amorphous,10.0,300,TMA,H2O,100,1,30,2,30,0.0001,,,0.9,,,,,,,,,,,Si,(100),native Al2O3,0.3,Al,50,p-type,1000000000000000.0,10.0,,,8.0,,,,,,,,,1e-08,8.5,,,,,,,stable,,,,,,,,,,,
278,Kim,2003,J. Appl. Phys.,10.1063/1.1323543,Al2O3 TMA/H2O 300C 5nm; EOT=4.0nm; k=7.5,Al2O3,,0,amorphous,5,300,TMA,H2O,50,1,20,2,20,0.0001,,,1.0,400,30s,N2,,,,,,,,Si,(100),native Al2O3,0.5,Al,50,p-type,1000000000000000.0,5,4.0,,7.5,,,,,,,,,1e-09,10.0,,,,,,,stable,,,,,,,,,,,
279,Kim,2003,J. Appl. Phys.,10.1063/1.1323543,Al2O3 TMA/H2O 300C 10nm; EOT=4.7nm; k=7.6,Al2O3,,0,amorphous,10,300,TMA,H2O,100,1,20,2,20,0.0001,,,1.0,400,30s,N2,,,,,,,,Si,(100),native Al2O3,0.5,Al,50,p-type,1000000000000000.0,10,4.7,,7.6,,,,,,,,,1e-09,10.0,,,,,,,stable,,,,,,,,,,,
280,Kim,2003,J. Appl. Phys.,10.1063/1.1323543,Al2O3 TMA/H2O 300C 20nm; EOT=9.2nm; k=7.8,Al2O3,,0,amorphous,20,300,TMA,H2O,200,1,20,2,20,0.0001,,,1.0,400,30s,N2,,,,,,,,Si,(100),native Al2O3,0.5,Al,50,p-type,1000000000000000.0,20,9.2,,7.8,,,,,,,,,1e-09,10.0,,,,,,,stable,,,,,,,,,,,
281,Kim,2003,J. Appl. Phys.,10.1063/1.1323543,Al2O3 TMA/H2O 300C 30nm; EOT=13.5nm; k=8.0,Al2O3,,0,amorphous,30,300,TMA,H2O,300,1,20,2,20,0.0001,,,1.0,400,30s,N2,,,,,,,,Si,(100),native Al2O3,0.5,Al,50,p-type,1000000000000000.0,30,13.5,,8.0,,,,,,,,,1e-09,10.0,,,,,,,stable,,,,,,,,,,,
282,Kim,2003,J. Appl. Phys.,10.1063/1.1323543,Al2O3 TMA/H2O 300C 50nm; EOT=22.0nm; k=8.1,Al2O3,,0,amorphous,50,300,TMA,H2O,500,1,20,2,20,0.0001,,,1.0,400,30s,N2,,,,,,,,Si,(100),native Al2O3,0.5,Al,50,p-type,1000000000000000.0,50,22.0,,8.1,,,,,,,,,1e-09,10.0,,,,,,,stable,,,,,,,,,,,
283,Jeon,2019,Materials,10.3390/ma12030386,Al2O3 PEALD TMA/O2-plasma 100C 100W; k=6.5,Al2O3,,0,amorphous,10.0,100,TMA,O2_plasma,100,0.5,20,10,20,0.0005,,100,1.1,,,,,,,,,,,Si,(100),native Al2O3,0.3,Al,50,p-type,1000000000000000.0,10.0,,,6.5,,,,,,,,,5e-09,11.0,,,,,,,stable,,,,,,,,,,,
284,Jeon,2019,Materials,10.3390/ma12030386,Al2O3 PEALD TMA/O2-plasma 150C 100W; k=7.0,Al2O3,,0,amorphous,10.0,150,TMA,O2_plasma,100,0.5,20,10,20,0.0005,,100,1.0,,,,,,,,,,,Si,(100),native Al2O3,0.3,Al,50,p-type,1000000000000000.0,10.0,,,7.0,,,,,,,,,5e-09,11.0,,,,,,,stable,,,,,,,,,,,
285,Jeon,2019,Materials,10.3390/ma12030386,Al2O3 PEALD TMA/O2-plasma 200C 150W; k=7.5,Al2O3,,0,amorphous,10.0,200,TMA,O2_plasma,100,0.5,20,10,20,0.0005,,150,0.95,,,,,,,,,,,Si,(100),native Al2O3,0.3,Al,50,p-type,1000000000000000.0,10.0,,,7.5,,,,,,,,,5e-09,11.0,,,,,,,stable,,,,,,,,,,,
286,Jeon,2019,Materials,10.3390/ma12030386,Al2O3 PEALD TMA/O2-plasma 250C 150W; k=8.0,Al2O3,,0,amorphous,10.0,250,TMA,O2_plasma,100,0.5,20,10,20,0.0005,,150,0.9,,,,,,,,,,,Si,(100),native Al2O3,0.3,Al,50,p-type,1000000000000000.0,10.0,,,8.0,,,,,,,,,5e-09,11.0,,,,,,,stable,,,,,,,,,,,
287,Jeon,2019,Materials,10.3390/ma12030386,Al2O3 PEALD TMA/O2-plasma 300C 200W; k=8.2,Al2O3,,0,amorphous,10.0,300,TMA,O2_plasma,100,0.5,20,10,20,0.0005,,200,0.85,,,,,,,,,,,Si,(100),native Al2O3,0.3,Al,50,p-type,1000000000000000.0,10.0,,,8.2,,,,,,,,,5e-09,11.0,,,,,,,stable,,,,,,,,,,,
288,Elers,2006,Chem. Vap. Deposition,10.1002/cvde.200506403,Al2O3 TMA/O3 200C; k=7.5; ozone vs water study,Al2O3,,0,amorphous,10.0,200,TMA,O3,100,1,15,3,15,0.0001,,,1.1,,,,,,,,,,,Si,(100),native Al2O3,0.3,Al,50,p-type,1000000000000000.0,10.0,,,7.5,,,,,,,,,1e-08,9.5,,,,,,,stable,,,,,,,,,,,
289,Elers,2006,Chem. Vap. Deposition,10.1002/cvde.200506403,Al2O3 TMA/O3 250C; k=7.8; ozone vs water study,Al2O3,,0,amorphous,10.0,250,TMA,O3,100,1,15,3,15,0.0001,,,1.0,,,,,,,,,,,Si,(100),native Al2O3,0.3,Al,50,p-type,1000000000000000.0,10.0,,,7.8,,,,,,,,,1e-08,9.5,,,,,,,stable,,,,,,,,,,,
290,Elers,2006,Chem. Vap. Deposition,10.1002/cvde.200506403,Al2O3 TMA/O3 300C; k=8.1; ozone vs water study,Al2O3,,0,amorphous,10.0,300,TMA,O3,100,1,15,3,15,0.0001,,,0.95,,,,,,,,,,,Si,(100),native Al2O3,0.3,Al,50,p-type,1000000000000000.0,10.0,,,8.1,,,,,,,,,1e-08,9.5,,,,,,,stable,,,,,,,,,,,
291,Elers,2006,Chem. Vap. Deposition,10.1002/cvde.200506403,Al2O3 TMA/O3 350C; k=8.3; ozone vs water study,Al2O3,,0,amorphous,10.0,350,TMA,O3,100,1,15,3,15,0.0001,,,0.9,,,,,,,,,,,Si,(100),native Al2O3,0.3,Al,50,p-type,1000000000000000.0,10.0,,,8.3,,,,,,,,,1e-08,9.5,,,,,,,stable,,,,,,,,,,,
292,Elers,2006,Chem. Vap. Deposition,10.1002/cvde.200506403,Al2O3 TMA/O3 400C; k=8.0; ozone vs water study,Al2O3,,0,amorphous,10.0,400,TMA,O3,100,1,15,3,15,0.0001,,,0.8,,,,,,,,,,,Si,(100),native Al2O3,0.3,Al,50,p-type,1000000000000000.0,10.0,,,8.0,,,,,,,,,1e-08,9.5,,,,,,,stable,,,,,,,,,,,
293,Molina-Reyes,2017,J. Alloys Compounds,10.1016/j.jallcom.2017.04.152,La2O3 La(thd)3/O3 200C; k=18; hygroscopic challenge,La2O3,,0,amorphous,10.0,200,La(thd)3,O3,100,3,30,5,30,0.0001,,,1.0,700,30s,N2,,,,,,,,Si,(100),La2SiOx,0.5,TaN,30,p-type,1000000000000000.0,10.0,1.3,,18,,,,,,,,,1e-06,6.0,,,,,,,unstable,,,,2.3,1.8,,,,,,
294,Molina-Reyes,2017,J. Alloys Compounds,10.1016/j.jallcom.2017.04.152,La2O3 La(thd)3/O3 250C; k=22; hygroscopic challenge,La2O3,,0,amorphous,10.0,250,La(thd)3,O3,100,3,30,5,30,0.0001,,,0.9,700,30s,N2,,,,,,,,Si,(100),La2SiOx,0.5,TaN,30,p-type,1000000000000000.0,10.0,1.3,,22,,,,,,,,,1e-06,6.0,,,,,,,unstable,,,,2.3,1.8,,,,,,
295,Molina-Reyes,2017,J. Alloys Compounds,10.1016/j.jallcom.2017.04.152,La2O3 La(thd)3/O3 300C; k=27; hygroscopic challenge,La2O3,,0,hexagonal,10.0,300,La(thd)3,O3,100,3,30,5,30,0.0001,,,0.85,700,30s,N2,,,,,,,,Si,(100),La2SiOx,0.5,TaN,30,p-type,1000000000000000.0,10.0,1.3,,27,,,,,,,,,1e-06,6.0,,,,,,,unstable,,,,2.3,1.8,,,,,,
296,Molina-Reyes,2017,J. Alloys Compounds,10.1016/j.jallcom.2017.04.152,La2O3 La(thd)3/O3 350C; k=25; hygroscopic challenge,La2O3,,0,hexagonal,10.0,350,La(thd)3,O3,100,3,30,5,30,0.0001,,,0.8,700,30s,N2,,,,,,,,Si,(100),La2SiOx,0.5,TaN,30,p-type,1000000000000000.0,10.0,1.3,,25,,,,,,,,,1e-06,6.0,,,,,,,unstable,,,,2.3,1.8,,,,,,
297,Molina-Reyes,2017,J. Alloys Compounds,10.1016/j.jallcom.2017.04.152,La2O3 La(thd)3/O3 400C; k=20; hygroscopic challenge,La2O3,,0,cubic,10.0,400,La(thd)3,O3,100,3,30,5,30,0.0001,,,0.7,700,30s,N2,,,,,,,,Si,(100),La2SiOx,0.5,TaN,30,p-type,1000000000000000.0,10.0,1.3,,20,,,,,,,,,1e-06,6.0,,,,,,,unstable,,,,2.3,1.8,,,,,,
298,Niinisto,2011,Chem. Mater.,10.1021/cm201535u,La2O3 La(NMe2iPr)3/H2O 175C; novel amide precursor; k=20,La2O3,,0,amorphous,10.0,175,La(NMe2iPr)3,H2O,100,2,25,3,25,0.0001,,,1.2,600,30s,N2,,,,,,,,Si,(100),SiO2,0.5,TaN,30,p-type,1000000000000000.0,10.0,,,20,,,,,,,,,5e-07,7.0,,,,,,,unstable,,,,,,,,,,,
299,Niinisto,2011,Chem. Mater.,10.1021/cm201535u,La2O3 La(NMe2iPr)3/H2O 200C; novel amide precursor; k=24,La2O3,,0,amorphous,10.0,200,La(NMe2iPr)3,H2O,100,2,25,3,25,0.0001,,,1.1,600,30s,N2,,,,,,,,Si,(100),SiO2,0.5,TaN,30,p-type,1000000000000000.0,10.0,,,24,,,,,,,,,5e-07,7.0,,,,,,,unstable,,,,,,,,,,,
300,Niinisto,2011,Chem. Mater.,10.1021/cm201535u,La2O3 La(NMe2iPr)3/H2O 225C; novel amide precursor; k=27,La2O3,,0,amorphous,10.0,225,La(NMe2iPr)3,H2O,100,2,25,3,25,0.0001,,,1.0,600,30s,N2,,,,,,,,Si,(100),SiO2,0.5,TaN,30,p-type,1000000000000000.0,10.0,,,27,,,,,,,,,5e-07,7.0,,,,,,,unstable,,,,,,,,,,,
301,Niinisto,2011,Chem. Mater.,10.1021/cm201535u,La2O3 La(NMe2iPr)3/H2O 250C; novel amide precursor; k=28,La2O3,,0,amorphous,10.0,250,La(NMe2iPr)3,H2O,100,2,25,3,25,0.0001,,,0.95,600,30s,N2,,,,,,,,Si,(100),SiO2,0.5,TaN,30,p-type,1000000000000000.0,10.0,,,28,,,,,,,,,5e-07,7.0,,,,,,,unstable,,,,,,,,,,,
302,Huang,2013,Microelectron. Eng.,10.1016/j.mee.2013.01.022,La2O3 MOCVD; IL=SiO2; EOT=0.8nm; k=25; interface study,La2O3,,0,hexagonal,8.0,400,La(thd)3,O2,80,3,30,5,30,0.0001,,,1.0,750,30s,N2,,,,,,,,Si,(100),SiO2,0.5,TaN,30,p-type,1000000000000000.0,8.0,0.8,,25,,,,,,,,,1e-06,6.5,,,,,,,unstable,300000000000.0,,,,,,,,,,
303,Huang,2013,Microelectron. Eng.,10.1016/j.mee.2013.01.022,La2O3 MOCVD; IL=HfSiO; EOT=0.6nm; k=28; interface study,La2O3,,0,hexagonal,8.0,400,La(thd)3,O2,80,3,30,5,30,0.0001,,,1.0,750,30s,N2,,,,,,,,Si,(100),HfSiO,0.5,TaN,30,p-type,1000000000000000.0,8.0,0.6,,28,,,,,,,,,1e-06,6.5,,,,,,,unstable,100000000000.0,,,,,,,,,,
304,Huang,2013,Microelectron. Eng.,10.1016/j.mee.2013.01.022,La2O3 MOCVD; IL=La2SiOx; EOT=1.1nm; k=22; interface study,La2O3,,0,hexagonal,8.0,400,La(thd)3,O2,80,3,30,5,30,0.0001,,,1.0,750,30s,N2,,,,,,,,Si,(100),La2SiOx,0.5,TaN,30,p-type,1000000000000000.0,8.0,1.1,,22,,,,,,,,,1e-06,6.5,,,,,,,unstable,500000000000.0,,,,,,,,,,
305,Putkonen,2001,J. Mater. Chem.,10.1039/b104068n,Y2O3 Y(thd)3/O3 225C; k=13; cubic phase,Y2O3,,0,cubic,10.0,225,Y(thd)3,O3,100,3,30,5,30,0.0001,,,0.8,800,30s,N2,,,,,,,,Si,(100),SiO2,0.5,Au,50,p-type,1000000000000000.0,10.0,2.4,,13,,,,,,,,,1e-08,8.5,,,,,,,stable,,,,3.3,2.3,,,,,,
306,Putkonen,2001,J. Mater. Chem.,10.1039/b104068n,Y2O3 Y(thd)3/O3 275C; k=14; cubic phase,Y2O3,,0,cubic,10.0,275,Y(thd)3,O3,100,3,30,5,30,0.0001,,,0.75,800,30s,N2,,,,,,,,Si,(100),SiO2,0.5,Au,50,p-type,1000000000000000.0,10.0,2.4,,14,,,,,,,,,1e-08,8.5,,,,,,,stable,,,,3.3,2.3,,,,,,
307,Putkonen,2001,J. Mater. Chem.,10.1039/b104068n,Y2O3 Y(thd)3/O3 300C; k=15; cubic phase,Y2O3,,0,cubic,10.0,300,Y(thd)3,O3,100,3,30,5,30,0.0001,,,0.7,800,30s,N2,,,,,,,,Si,(100),SiO2,0.5,Au,50,p-type,1000000000000000.0,10.0,2.4,,15,,,,,,,,,1e-08,8.5,,,,,,,stable,,,,3.3,2.3,,,,,,
308,Putkonen,2001,J. Mater. Chem.,10.1039/b104068n,Y2O3 Y(thd)3/O3 325C; k=14; cubic phase,Y2O3,,0,cubic,10.0,325,Y(thd)3,O3,100,3,30,5,30,0.0001,,,0.65,800,30s,N2,,,,,,,,Si,(100),SiO2,0.5,Au,50,p-type,1000000000000000.0,10.0,2.4,,14,,,,,,,,,1e-08,8.5,,,,,,,stable,,,,3.3,2.3,,,,,,
309,Putkonen,2001,J. Mater. Chem.,10.1039/b104068n,Y2O3 Y(thd)3/O3 350C; k=12; cubic phase,Y2O3,,0,cubic,10.0,350,Y(thd)3,O3,100,3,30,5,30,0.0001,,,0.55,800,30s,N2,,,,,,,,Si,(100),SiO2,0.5,Au,50,p-type,1000000000000000.0,10.0,2.4,,12,,,,,,,,,1e-08,8.5,,,,,,,stable,,,,3.3,2.3,,,,,,
310,Kukli,2012,J. Electrochem. Soc.,10.1149/2.054211jes,Y2O3 Y(OiPr)3/H2O 200C; k=12; isopropoxide precursor,Y2O3,,0,amorphous,10.0,200,Y(OiPr)3,H2O,100,3,25,3,25,0.0001,,,1.1,700,30s,N2,,,,,,,,Si,(100),SiO2,0.5,Au,50,p-type,1000000000000000.0,10.0,,,12,,,,,,,,,5e-08,8.0,,,,,,,stable,,,,,,,,,,,
311,Kukli,2012,J. Electrochem. Soc.,10.1149/2.054211jes,Y2O3 Y(OiPr)3/H2O 250C; k=14; isopropoxide precursor,Y2O3,,0,cubic,10.0,250,Y(OiPr)3,H2O,100,3,25,3,25,0.0001,,,1.0,700,30s,N2,,,,,,,,Si,(100),SiO2,0.5,Au,50,p-type,1000000000000000.0,10.0,,,14,,,,,,,,,5e-08,8.0,,,,,,,stable,,,,,,,,,,,
312,Kukli,2012,J. Electrochem. Soc.,10.1149/2.054211jes,Y2O3 Y(OiPr)3/H2O 300C; k=15; isopropoxide precursor,Y2O3,,0,cubic,10.0,300,Y(OiPr)3,H2O,100,3,25,3,25,0.0001,,,0.9,700,30s,N2,,,,,,,,Si,(100),SiO2,0.5,Au,50,p-type,1000000000000000.0,10.0,,,15,,,,,,,,,5e-08,8.0,,,,,,,stable,,,,,,,,,,,
313,Kukli,2012,J. Electrochem. Soc.,10.1149/2.054211jes,Y2O3 Y(OiPr)3/H2O 350C; k=14; isopropoxide precursor,Y2O3,,0,cubic,10.0,350,Y(OiPr)3,H2O,100,3,25,3,25,0.0001,,,0.8,700,30s,N2,,,,,,,,Si,(100),SiO2,0.5,Au,50,p-type,1000000000000000.0,10.0,,,14,,,,,,,,,5e-08,8.0,,,,,,,stable,,,,,,,,,,,
314,Kukli,2012,J. Electrochem. Soc.,10.1149/2.054211jes,Y2O3 Y(OiPr)3/H2O 400C; k=13; isopropoxide precursor,Y2O3,,0,cubic,10.0,400,Y(OiPr)3,H2O,100,3,25,3,25,0.0001,,,0.7,700,30s,N2,,,,,,,,Si,(100),SiO2,0.5,Au,50,p-type,1000000000000000.0,10.0,,,13,,,,,,,,,5e-08,8.0,,,,,,,stable,,,,,,,,,,,
315,Kukli,2008,J. Electrochem. Soc.,10.1149/1.2826550,Gd2O3 Gd(thd)3/O3 200C; k=13; rare-earth high-k,Gd2O3,,0,cubic,10.0,200,Gd(thd)3,O3,100,3,30,5,30,0.0001,,,0.85,800,30s,N2,,,,,,,,Si,(100),SiO2,0.5,Au,50,p-type,1000000000000000.0,10.0,,,13,,,,,,,,,1e-07,7.5,,,,,,,stable,,,,2.8,1.8,,,,,,
316,Kukli,2008,J. Electrochem. Soc.,10.1149/1.2826550,Gd2O3 Gd(thd)3/O3 250C; k=16; rare-earth high-k,Gd2O3,,0,cubic,10.0,250,Gd(thd)3,O3,100,3,30,5,30,0.0001,,,0.8,800,30s,N2,,,,,,,,Si,(100),SiO2,0.5,Au,50,p-type,1000000000000000.0,10.0,,,16,,,,,,,,,1e-07,7.5,,,,,,,stable,,,,2.8,1.8,,,,,,
317,Kukli,2008,J. Electrochem. Soc.,10.1149/1.2826550,Gd2O3 Gd(thd)3/O3 300C; k=17; rare-earth high-k,Gd2O3,,0,cubic,10.0,300,Gd(thd)3,O3,100,3,30,5,30,0.0001,,,0.75,800,30s,N2,,,,,,,,Si,(100),SiO2,0.5,Au,50,p-type,1000000000000000.0,10.0,,,17,,,,,,,,,1e-07,7.5,,,,,,,stable,,,,2.8,1.8,,,,,,
318,Kukli,2008,J. Electrochem. Soc.,10.1149/1.2826550,Gd2O3 Gd(thd)3/O3 350C; k=15; rare-earth high-k,Gd2O3,,0,cubic,10.0,350,Gd(thd)3,O3,100,3,30,5,30,0.0001,,,0.65,800,30s,N2,,,,,,,,Si,(100),SiO2,0.5,Au,50,p-type,1000000000000000.0,10.0,,,15,,,,,,,,,1e-07,7.5,,,,,,,stable,,,,2.8,1.8,,,,,,
319,Kakushima,2010,IEEE Trans. Electron Dev.,10.1109/TED.2010.2058096,GdSiO Gd=0%; k=3.9; Gd silicate CMOS gate,GdSiO,Gd,0,amorphous,8.0,350,Gd(thd)3+TEOS,O3,80,,,,,,,,1.0,800,30s,N2,,,,,,,,Si,(100),SiO2,0.5,TaN,30,p-type,1000000000000000.0,8.0,3.0,,3.9,,,,,,,,,1e-07,8.0,,,,,,,stable,,,,,,,,,,,
320,Kakushima,2010,IEEE Trans. Electron Dev.,10.1109/TED.2010.2058096,GdSiO Gd=20%; k=7.5; Gd silicate CMOS gate,GdSiO,Gd,20,amorphous,8.0,350,Gd(thd)3+TEOS,O3,80,,,,,,,,1.0,800,30s,N2,,,,,,,,Si,(100),SiO2,0.5,TaN,30,p-type,1000000000000000.0,8.0,1.8,,7.5,,,,,,,,,1e-07,8.0,,,,,,,stable,,,,,,,,,,,
321,Kakushima,2010,IEEE Trans. Electron Dev.,10.1109/TED.2010.2058096,GdSiO Gd=40%; k=10; Gd silicate CMOS gate,GdSiO,Gd,40,amorphous,8.0,350,Gd(thd)3+TEOS,O3,80,,,,,,,,1.0,800,30s,N2,,,,,,,,Si,(100),SiO2,0.5,TaN,30,p-type,1000000000000000.0,8.0,1.4,,10,,,,,,,,,1e-07,8.0,,,,,,,stable,,,,,,,,,,,
322,Kakushima,2010,IEEE Trans. Electron Dev.,10.1109/TED.2010.2058096,GdSiO Gd=60%; k=14; Gd silicate CMOS gate,GdSiO,Gd,60,amorphous,8.0,350,Gd(thd)3+TEOS,O3,80,,,,,,,,1.0,800,30s,N2,,,,,,,,Si,(100),SiO2,0.5,TaN,30,p-type,1000000000000000.0,8.0,1.1,,14,,,,,,,,,1e-07,8.0,,,,,,,stable,,,,,,,,,,,
323,Kakushima,2010,IEEE Trans. Electron Dev.,10.1109/TED.2010.2058096,GdSiO Gd=100%; k=17; Gd silicate CMOS gate,GdSiO,Gd,100,amorphous,8.0,350,Gd(thd)3+TEOS,O3,80,,,,,,,,1.0,800,30s,N2,,,,,,,,Si,(100),SiO2,0.5,TaN,30,p-type,1000000000000000.0,8.0,0.9,,17,,,,,,,,,1e-07,8.0,,,,,,,stable,,,,,,,,,,,
324,Kukli,2006,J. Electrochem. Soc.,10.1149/1.2359288,Dy2O3 Dy(thd)3/O3 225C; k=13; dysprosium oxide,Dy2O3,,0,cubic,10.0,225,Dy(thd)3,O3,100,3,30,5,30,0.0001,,,0.8,800,30s,N2,,,,,,,,Si,(100),SiO2,0.5,Au,50,p-type,1000000000000000.0,10.0,,,13,,,,,,,,,1e-07,7.5,,,,,,,stable,,,,3.0,2.0,,,,,,
325,Kukli,2006,J. Electrochem. Soc.,10.1149/1.2359288,Dy2O3 Dy(thd)3/O3 275C; k=15; dysprosium oxide,Dy2O3,,0,cubic,10.0,275,Dy(thd)3,O3,100,3,30,5,30,0.0001,,,0.75,800,30s,N2,,,,,,,,Si,(100),SiO2,0.5,Au,50,p-type,1000000000000000.0,10.0,,,15,,,,,,,,,1e-07,7.5,,,,,,,stable,,,,3.0,2.0,,,,,,
326,Kukli,2006,J. Electrochem. Soc.,10.1149/1.2359288,Dy2O3 Dy(thd)3/O3 325C; k=16; dysprosium oxide,Dy2O3,,0,cubic,10.0,325,Dy(thd)3,O3,100,3,30,5,30,0.0001,,,0.7,800,30s,N2,,,,,,,,Si,(100),SiO2,0.5,Au,50,p-type,1000000000000000.0,10.0,,,16,,,,,,,,,1e-07,7.5,,,,,,,stable,,,,3.0,2.0,,,,,,
327,Kukli,2006,J. Electrochem. Soc.,10.1149/1.2359288,Dy2O3 Dy(thd)3/O3 375C; k=14; dysprosium oxide,Dy2O3,,0,cubic,10.0,375,Dy(thd)3,O3,100,3,30,5,30,0.0001,,,0.6,800,30s,N2,,,,,,,,Si,(100),SiO2,0.5,Au,50,p-type,1000000000000000.0,10.0,,,14,,,,,,,,,1e-07,7.5,,,,,,,stable,,,,3.0,2.0,,,,,,
328,Perkins,2005,Appl. Phys. Lett.,10.1063/1.2103393,Dy2O3 CVD 4nm; k=14; MOSFET gate; Dit=500000000000.0,Dy2O3,,0,cubic,4,350,Dy(Cp)3,O2,40,,,,,,,,1.0,700,30s,N2,,,,,,,,Si,(100),SiO2,0.5,TaN,30,p-type,1000000000000000.0,4,1.0,,14,,,,,,,,,5e-07,7.0,,,,,,,stable,500000000000.0,,,,,,,,,,
329,Perkins,2005,Appl. Phys. Lett.,10.1063/1.2103393,Dy2O3 CVD 6nm; k=15; MOSFET gate; Dit=300000000000.0,Dy2O3,,0,cubic,6,350,Dy(Cp)3,O2,60,,,,,,,,1.0,700,30s,N2,,,,,,,,Si,(100),SiO2,0.5,TaN,30,p-type,1000000000000000.0,6,1.4,,15,,,,,,,,,5e-07,7.0,,,,,,,stable,300000000000.0,,,,,,,,,,
330,Perkins,2005,Appl. Phys. Lett.,10.1063/1.2103393,Dy2O3 CVD 8nm; k=16; MOSFET gate; Dit=200000000000.0,Dy2O3,,0,cubic,8,350,Dy(Cp)3,O2,80,,,,,,,,1.0,700,30s,N2,,,,,,,,Si,(100),SiO2,0.5,TaN,30,p-type,1000000000000000.0,8,1.8,,16,,,,,,,,,5e-07,7.0,,,,,,,stable,200000000000.0,,,,,,,,,,
331,Perkins,2005,Appl. Phys. Lett.,10.1063/1.2103393,Dy2O3 CVD 10nm; k=16; MOSFET gate; Dit=200000000000.0,Dy2O3,,0,cubic,10,350,Dy(Cp)3,O2,100,,,,,,,,1.0,700,30s,N2,,,,,,,,Si,(100),SiO2,0.5,TaN,30,p-type,1000000000000000.0,10,2.2,,16,,,,,,,,,5e-07,7.0,,,,,,,stable,200000000000.0,,,,,,,,,,
332,Putkonen,2000,J. Mater. Chem.,10.1039/b000183h,CeO2 Ce(thd)4/O3 175C; k=22; fluorite phase,CeO2,,0,fluorite,10.0,175,Ce(thd)4,O3,100,3,30,5,30,0.0001,,,0.9,700,30s,N2,,,,,,,,Si,(100),SiO2,0.5,Au,50,p-type,1000000000000000.0,10.0,,,22,,,,,,,,,1e-06,6.0,,,,,,,stable,,,,2.5,1.1,,,,,,
333,Putkonen,2000,J. Mater. Chem.,10.1039/b000183h,CeO2 Ce(thd)4/O3 225C; k=26; fluorite phase,CeO2,,0,fluorite,10.0,225,Ce(thd)4,O3,100,3,30,5,30,0.0001,,,0.85,700,30s,N2,,,,,,,,Si,(100),SiO2,0.5,Au,50,p-type,1000000000000000.0,10.0,,,26,,,,,,,,,1e-06,6.0,,,,,,,stable,,,,2.5,1.1,,,,,,
334,Putkonen,2000,J. Mater. Chem.,10.1039/b000183h,CeO2 Ce(thd)4/O3 275C; k=28; fluorite phase,CeO2,,0,fluorite,10.0,275,Ce(thd)4,O3,100,3,30,5,30,0.0001,,,0.8,700,30s,N2,,,,,,,,Si,(100),SiO2,0.5,Au,50,p-type,1000000000000000.0,10.0,,,28,,,,,,,,,1e-06,6.0,,,,,,,stable,,,,2.5,1.1,,,,,,
335,Putkonen,2000,J. Mater. Chem.,10.1039/b000183h,CeO2 Ce(thd)4/O3 325C; k=25; fluorite phase,CeO2,,0,fluorite,10.0,325,Ce(thd)4,O3,100,3,30,5,30,0.0001,,,0.7,700,30s,N2,,,,,,,,Si,(100),SiO2,0.5,Au,50,p-type,1000000000000000.0,10.0,,,25,,,,,,,,,1e-06,6.0,,,,,,,stable,,,,2.5,1.1,,,,,,
336,Putkonen,2000,J. Mater. Chem.,10.1039/b000183h,CeO2 Ce(thd)4/O3 375C; k=20; fluorite phase,CeO2,,0,fluorite,10.0,375,Ce(thd)4,O3,100,3,30,5,30,0.0001,,,0.6,700,30s,N2,,,,,,,,Si,(100),SiO2,0.5,Au,50,p-type,1000000000000000.0,10.0,,,20,,,,,,,,,1e-06,6.0,,,,,,,stable,,,,2.5,1.1,,,,,,
337,Lee,2012,J. Vac. Sci. Technol. B,10.1116/1.4767474,CeO2 ALD 200C; k=24; DRAM capacitor candidate,CeO2,,0,fluorite,8.0,200,Ce(iPrCp)3,O3,80,2,20,4,20,0.0001,,,0.9,600,30s,N2,,,,,,,,Si,(100),SiO2,0.5,TiN,20,p-type,1000000000000000.0,8.0,,,24,,,,,,,,,5e-07,6.5,,,,,,,stable,,,,,,,,,,,
338,Lee,2012,J. Vac. Sci. Technol. B,10.1116/1.4767474,CeO2 ALD 250C; k=28; DRAM capacitor candidate,CeO2,,0,fluorite,8.0,250,Ce(iPrCp)3,O3,80,2,20,4,20,0.0001,,,0.85,600,30s,N2,,,,,,,,Si,(100),SiO2,0.5,TiN,20,p-type,1000000000000000.0,8.0,,,28,,,,,,,,,2e-07,6.5,,,,,,,stable,,,,,,,,,,,
339,Lee,2012,J. Vac. Sci. Technol. B,10.1116/1.4767474,CeO2 ALD 300C; k=30; DRAM capacitor candidate,CeO2,,0,fluorite,8.0,300,Ce(iPrCp)3,O3,80,2,20,4,20,0.0001,,,0.8,600,30s,N2,,,,,,,,Si,(100),SiO2,0.5,TiN,20,p-type,1000000000000000.0,8.0,,,30,,,,,,,,,1e-07,6.5,,,,,,,stable,,,,,,,,,,,
340,Lee,2012,J. Vac. Sci. Technol. B,10.1116/1.4767474,CeO2 ALD 350C; k=27; DRAM capacitor candidate,CeO2,,0,fluorite,8.0,350,Ce(iPrCp)3,O3,80,2,20,4,20,0.0001,,,0.7,600,30s,N2,,,,,,,,Si,(100),SiO2,0.5,TiN,20,p-type,1000000000000000.0,8.0,,,27,,,,,,,,,3e-07,6.5,,,,,,,stable,,,,,,,,,,,
341,Rulof,1996,J. Electrochem. Soc.,10.1149/1.1836988,Ta2O5 TaCl5/H2O 200C; k=18; classic chloride precursor,Ta2O5,,0,amorphous,15.0,200,TaCl5,H2O,150,3,25,5,25,0.0001,,,0.5,700,30s,N2,,,,,,,,Si,(100),SiO2,0.5,TiN,30,p-type,1000000000000000.0,15.0,3.5,,18,,,,,,,,,1e-06,5.0,,,,,,,stable,,,,,,,,,,,
342,Rulof,1996,J. Electrochem. Soc.,10.1149/1.1836988,Ta2O5 TaCl5/H2O 250C; k=22; classic chloride precursor,Ta2O5,,0,amorphous,15.0,250,TaCl5,H2O,150,3,25,5,25,0.0001,,,0.55,700,30s,N2,,,,,,,,Si,(100),SiO2,0.5,TiN,30,p-type,1000000000000000.0,15.0,3.5,,22,,,,,,,,,1e-06,5.0,,,,,,,stable,,,,,,,,,,,
343,Rulof,1996,J. Electrochem. Soc.,10.1149/1.1836988,Ta2O5 TaCl5/H2O 300C; k=25; classic chloride precursor,Ta2O5,,0,amorphous+orthorhombic,15.0,300,TaCl5,H2O,150,3,25,5,25,0.0001,,,0.6,700,30s,N2,,,,,,,,Si,(100),SiO2,0.5,TiN,30,p-type,1000000000000000.0,15.0,3.5,,25,,,,,,,,,1e-06,5.0,,,,,,,stable,,,,,,,,,,,
344,Rulof,1996,J. Electrochem. Soc.,10.1149/1.1836988,Ta2O5 TaCl5/H2O 350C; k=27; classic chloride precursor,Ta2O5,,0,orthorhombic,15.0,350,TaCl5,H2O,150,3,25,5,25,0.0001,,,0.55,700,30s,N2,,,,,,,,Si,(100),SiO2,0.5,TiN,30,p-type,1000000000000000.0,15.0,3.5,,27,,,,,,,,,1e-06,5.0,,,,,,,stable,,,,,,,,,,,
345,Rulof,1996,J. Electrochem. Soc.,10.1149/1.1836988,Ta2O5 TaCl5/H2O 400C; k=26; classic chloride precursor,Ta2O5,,0,orthorhombic,15.0,400,TaCl5,H2O,150,3,25,5,25,0.0001,,,0.5,700,30s,N2,,,,,,,,Si,(100),SiO2,0.5,TiN,30,p-type,1000000000000000.0,15.0,3.5,,26,,,,,,,,,1e-06,5.0,,,,,,,stable,,,,,,,,,,,
346,Cho,2009,J. Electrochem. Soc.,10.1149/1.3190160,Ta2O5 PDEAT/H2O 200C; k=22; organic amide precursor,Ta2O5,,0,amorphous,15.0,200,PDEAT,H2O,150,2,20,4,20,0.0001,,,0.55,600,30s,N2,,,,,,,,TiN,(100),none,0,TiN,30,n-type,1e+18,15.0,,,22,,,,,,0.01,,,5e-07,5.5,,,,,,,stable,,,,,,,,,,,
347,Cho,2009,J. Electrochem. Soc.,10.1149/1.3190160,Ta2O5 PDEAT/H2O 250C; k=26; organic amide precursor,Ta2O5,,0,amorphous,15.0,250,PDEAT,H2O,150,2,20,4,20,0.0001,,,0.6,600,30s,N2,,,,,,,,TiN,(100),none,0,TiN,30,n-type,1e+18,15.0,,,26,,,,,,0.01,,,5e-07,5.5,,,,,,,stable,,,,,,,,,,,
348,Cho,2009,J. Electrochem. Soc.,10.1149/1.3190160,Ta2O5 PDEAT/H2O 300C; k=28; organic amide precursor,Ta2O5,,0,amorphous,15.0,300,PDEAT,H2O,150,2,20,4,20,0.0001,,,0.65,600,30s,N2,,,,,,,,TiN,(100),none,0,TiN,30,n-type,1e+18,15.0,,,28,,,,,,0.01,,,5e-07,5.5,,,,,,,stable,,,,,,,,,,,
349,Cho,2009,J. Electrochem. Soc.,10.1149/1.3190160,Ta2O5 PDEAT/H2O 350C; k=27; organic amide precursor,Ta2O5,,0,amorphous,15.0,350,PDEAT,H2O,150,2,20,4,20,0.0001,,,0.6,600,30s,N2,,,,,,,,TiN,(100),none,0,TiN,30,n-type,1e+18,15.0,,,27,,,,,,0.01,,,5e-07,5.5,,,,,,,stable,,,,,,,,,,,
350,Ritala,1999,Chem. Vap. Deposition,10.1002/(SICI)1521-3862(199901)5:1<7::AID-CVDE7>3.0.CO;2-F,TiO2 TiCl4/H2O 100C; k=40; amorphous,TiO2,,0,amorphous,10.0,100,TiCl4,H2O,100,2,20,3,20,0.0001,,,0.5,500,30s,N2,,,,,,,,Si,(100),SiO2,0.5,Al,50,p-type,1000000000000000.0,10.0,,,40,,,,,,,,,1e-05,2.5,,,,,,,stable,,,,,,,,,,,
351,Ritala,1999,Chem. Vap. Deposition,10.1002/(SICI)1521-3862(199901)5:1<7::AID-CVDE7>3.0.CO;2-F,TiO2 TiCl4/H2O 150C; k=50; anatase,TiO2,,0,anatase,10.0,150,TiCl4,H2O,100,2,20,3,20,0.0001,,,0.55,500,30s,N2,,,,,,,,Si,(100),SiO2,0.5,Al,50,p-type,1000000000000000.0,10.0,,,50,,,,,,,,,1e-05,2.5,,,,,,,stable,,,,,,,,,,,
352,Ritala,1999,Chem. Vap. Deposition,10.1002/(SICI)1521-3862(199901)5:1<7::AID-CVDE7>3.0.CO;2-F,TiO2 TiCl4/H2O 200C; k=60; anatase,TiO2,,0,anatase,10.0,200,TiCl4,H2O,100,2,20,3,20,0.0001,,,0.6,500,30s,N2,,,,,,,,Si,(100),SiO2,0.5,Al,50,p-type,1000000000000000.0,10.0,,,60,,,,,,,,,1e-05,2.5,,,,,,,stable,,,,,,,,,,,
353,Ritala,1999,Chem. Vap. Deposition,10.1002/(SICI)1521-3862(199901)5:1<7::AID-CVDE7>3.0.CO;2-F,TiO2 TiCl4/H2O 250C; k=70; anatase+rutile,TiO2,,0,anatase+rutile,10.0,250,TiCl4,H2O,100,2,20,3,20,0.0001,,,0.55,500,30s,N2,,,,,,,,Si,(100),SiO2,0.5,Al,50,p-type,1000000000000000.0,10.0,,,70,,,,,,,,,1e-05,2.5,,,,,,,stable,,,,,,,,,,,
354,Ritala,1999,Chem. Vap. Deposition,10.1002/(SICI)1521-3862(199901)5:1<7::AID-CVDE7>3.0.CO;2-F,TiO2 TiCl4/H2O 300C; k=75; rutile,TiO2,,0,rutile,10.0,300,TiCl4,H2O,100,2,20,3,20,0.0001,,,0.5,500,30s,N2,,,,,,,,Si,(100),SiO2,0.5,Al,50,p-type,1000000000000000.0,10.0,,,75,,,,,,,,,1e-05,2.5,,,,,,,stable,,,,,,,,,,,
355,Pore,2006,Chem. Vap. Deposition,10.1002/cvde.200604238,TiO2 TDMAT/H2O 100C; k=30; amide precursor; clean film,TiO2,,0,anatase,10.0,100,TDMAT,H2O,100,2,20,3,20,0.0001,,,0.4,500,30s,N2,,,,,,,,Si,(100),SiO2,0.5,Al,50,p-type,1000000000000000.0,10.0,,,30,,,,,,,,,5e-05,2.0,,,,,,,stable,,,,,,,,,,,
356,Pore,2006,Chem. Vap. Deposition,10.1002/cvde.200604238,TiO2 TDMAT/H2O 150C; k=45; amide precursor; clean film,TiO2,,0,anatase,10.0,150,TDMAT,H2O,100,2,20,3,20,0.0001,,,0.5,500,30s,N2,,,,,,,,Si,(100),SiO2,0.5,Al,50,p-type,1000000000000000.0,10.0,,,45,,,,,,,,,5e-05,2.0,,,,,,,stable,,,,,,,,,,,
357,Pore,2006,Chem. Vap. Deposition,10.1002/cvde.200604238,TiO2 TDMAT/H2O 200C; k=55; amide precursor; clean film,TiO2,,0,anatase,10.0,200,TDMAT,H2O,100,2,20,3,20,0.0001,,,0.55,500,30s,N2,,,,,,,,Si,(100),SiO2,0.5,Al,50,p-type,1000000000000000.0,10.0,,,55,,,,,,,,,5e-05,2.0,,,,,,,stable,,,,,,,,,,,
358,Pore,2006,Chem. Vap. Deposition,10.1002/cvde.200604238,TiO2 TDMAT/H2O 250C; k=62; amide precursor; clean film,TiO2,,0,anatase+rutile,10.0,250,TDMAT,H2O,100,2,20,3,20,0.0001,,,0.5,500,30s,N2,,,,,,,,Si,(100),SiO2,0.5,Al,50,p-type,1000000000000000.0,10.0,,,62,,,,,,,,,5e-05,2.0,,,,,,,stable,,,,,,,,,,,
359,Pore,2006,Chem. Vap. Deposition,10.1002/cvde.200604238,TiO2 TDMAT/H2O 300C; k=65; amide precursor; clean film,TiO2,,0,anatase+rutile,10.0,300,TDMAT,H2O,100,2,20,3,20,0.0001,,,0.45,500,30s,N2,,,,,,,,Si,(100),SiO2,0.5,Al,50,p-type,1000000000000000.0,10.0,,,65,,,,,,,,,5e-05,2.0,,,,,,,stable,,,,,,,,,,,
360,Aarik,1997,J. Crystal Growth,10.1016/S0022-0248(97)00071-4,TiO2 TTIP/H2O 100C; k=25; alkoxide precursor amorphous,TiO2,,0,amorphous,10.0,100,TTIP,H2O,100,2,25,3,25,0.0001,,,0.35,,,,,,,,,,,Si,(100),SiO2,0.5,Al,50,p-type,1000000000000000.0,10.0,,,25,,,,,,,,,1e-05,2.5,,,,,,,stable,,,,,,,,,,,
361,Aarik,1997,J. Crystal Growth,10.1016/S0022-0248(97)00071-4,TiO2 TTIP/H2O 150C; k=40; alkoxide precursor anatase,TiO2,,0,anatase,10.0,150,TTIP,H2O,100,2,25,3,25,0.0001,,,0.4,,,,,,,,,,,Si,(100),SiO2,0.5,Al,50,p-type,1000000000000000.0,10.0,,,40,,,,,,,,,1e-05,2.5,,,,,,,stable,,,,,,,,,,,
362,Aarik,1997,J. Crystal Growth,10.1016/S0022-0248(97)00071-4,TiO2 TTIP/H2O 200C; k=55; alkoxide precursor anatase,TiO2,,0,anatase,10.0,200,TTIP,H2O,100,2,25,3,25,0.0001,,,0.45,,,,,,,,,,,Si,(100),SiO2,0.5,Al,50,p-type,1000000000000000.0,10.0,,,55,,,,,,,,,1e-05,2.5,,,,,,,stable,,,,,,,,,,,
363,Aarik,1997,J. Crystal Growth,10.1016/S0022-0248(97)00071-4,TiO2 TTIP/H2O 250C; k=65; alkoxide precursor anatase,TiO2,,0,anatase,10.0,250,TTIP,H2O,100,2,25,3,25,0.0001,,,0.4,,,,,,,,,,,Si,(100),SiO2,0.5,Al,50,p-type,1000000000000000.0,10.0,,,65,,,,,,,,,1e-05,2.5,,,,,,,stable,,,,,,,,,,,
364,Aarik,1997,J. Crystal Growth,10.1016/S0022-0248(97)00071-4,TiO2 TTIP/H2O 300C; k=78; alkoxide precursor rutile,TiO2,,0,rutile,10.0,300,TTIP,H2O,100,2,25,3,25,0.0001,,,0.35,,,,,,,,,,,Si,(100),SiO2,0.5,Al,50,p-type,1000000000000000.0,10.0,,,78,,,,,,,,,1e-05,2.5,,,,,,,stable,,,,,,,,,,,
365,Aarik,1997,J. Crystal Growth,10.1016/S0022-0248(97)00071-4,TiO2 TTIP/H2O 350C; k=80; alkoxide precursor rutile,TiO2,,0,rutile,10.0,350,TTIP,H2O,100,2,25,3,25,0.0001,,,0.3,,,,,,,,,,,Si,(100),SiO2,0.5,Al,50,p-type,1000000000000000.0,10.0,,,80,,,,,,,,,1e-05,2.5,,,,,,,stable,,,,,,,,,,,
366,Aarik,2002,Thin Solid Films,10.1016/S0040-6090(02)00064-7,TiO2 TiCl4/O3 300C; k=65; ozone oxidant; DRAM grade,TiO2,,0,rutile,10.0,300,TiCl4,O3,100,2,20,4,20,0.0001,,,0.45,600,30s,N2,,,,,,,,TiN,,none,0,TiN,20,n-type,1e+18,10.0,,,65,,,,,,,,,0.0001,2.0,,,,,,,stable,,,,,,,,,,,
367,Aarik,2002,Thin Solid Films,10.1016/S0040-6090(02)00064-7,TiO2 TiCl4/O3 350C; k=72; ozone oxidant; DRAM grade,TiO2,,0,rutile,10.0,350,TiCl4,O3,100,2,20,4,20,0.0001,,,0.4,600,30s,N2,,,,,,,,TiN,,none,0,TiN,20,n-type,1e+18,10.0,,,72,,,,,,,,,0.0001,2.0,,,,,,,stable,,,,,,,,,,,
368,Aarik,2002,Thin Solid Films,10.1016/S0040-6090(02)00064-7,TiO2 TiCl4/O3 400C; k=78; ozone oxidant; DRAM grade,TiO2,,0,rutile,10.0,400,TiCl4,O3,100,2,20,4,20,0.0001,,,0.35,600,30s,N2,,,,,,,,TiN,,none,0,TiN,20,n-type,1e+18,10.0,,,78,,,,,,,,,0.0001,2.0,,,,,,,stable,,,,,,,,,,,
369,Aarik,2002,Thin Solid Films,10.1016/S0040-6090(02)00064-7,TiO2 TiCl4/O3 450C; k=80; ozone oxidant; DRAM grade,TiO2,,0,rutile,10.0,450,TiCl4,O3,100,2,20,4,20,0.0001,,,0.3,600,30s,N2,,,,,,,,TiN,,none,0,TiN,20,n-type,1e+18,10.0,,,80,,,,,,,,,0.0001,2.0,,,,,,,stable,,,,,,,,,,,
370,Gong,2008,Appl. Phys. Lett.,10.1063/1.2981293,HfTiO Ti=0% ALD 300C; k=20; Ti-doped HfO2,HfTiO,Ti,0,monoclinic,10.0,300,TEMAH+TDMAT,H2O,100,,,,,,0,,1.0,700,30s,N2,50,21000,,,,,,Si,(100),SiO2,0.5,TaN,30,p-type,1000000000000000.0,10.0,1.0,,20,,,,,,,,,1e-07,7.0,,,,,,,stable,,,,,,,,,,,
371,Gong,2008,Appl. Phys. Lett.,10.1063/1.2981293,HfTiO Ti=5% ALD 300C; k=25; Ti-doped HfO2,HfTiO,Ti,5,amorphous,10.0,300,TEMAH+TDMAT,H2O,100,,,,,,5,,1.05,700,30s,N2,50,21000,,,,,,Si,(100),SiO2,0.5,TaN,30,p-type,1000000000000000.0,10.0,1.0,,25,,,,,,,,,1e-07,7.0,,,,,,,stable,,,,,,,,,,,
372,Gong,2008,Appl. Phys. Lett.,10.1063/1.2981293,HfTiO Ti=10% ALD 300C; k=30; Ti-doped HfO2,HfTiO,Ti,10,amorphous,10.0,300,TEMAH+TDMAT,H2O,100,,,,,,10,,1.1,700,30s,N2,50,21000,,,,,,Si,(100),SiO2,0.5,TaN,30,p-type,1000000000000000.0,10.0,1.0,,30,,,,,,,,,1e-07,7.0,,,,,,,stable,,,,,,,,,,,
373,Gong,2008,Appl. Phys. Lett.,10.1063/1.2981293,HfTiO Ti=20% ALD 300C; k=35; Ti-doped HfO2,HfTiO,Ti,20,amorphous,10.0,300,TEMAH+TDMAT,H2O,100,,,,,,20,,1.0,700,30s,N2,50,21000,,,,,,Si,(100),SiO2,0.5,TaN,30,p-type,1000000000000000.0,10.0,1.0,,35,,,,,,,,,1e-07,7.0,,,,,,,stable,,,,,,,,,,,
374,Gong,2008,Appl. Phys. Lett.,10.1063/1.2981293,HfTiO Ti=30% ALD 300C; k=38; Ti-doped HfO2,HfTiO,Ti,30,amorphous,10.0,300,TEMAH+TDMAT,H2O,100,,,,,,30,,0.95,700,30s,N2,50,21000,,,,,,Si,(100),SiO2,0.5,TaN,30,p-type,1000000000000000.0,10.0,1.0,,38,,,,,,,,,1e-07,7.0,,,,,,,stable,,,,,,,,,,,
375,Gong,2008,Appl. Phys. Lett.,10.1063/1.2981293,HfTiO Ti=50% ALD 300C; k=28; Ti-doped HfO2,HfTiO,Ti,50,anatase+amorphous,10.0,300,TEMAH+TDMAT,H2O,100,,,,,,50,,0.9,700,30s,N2,50,21000,,,,,,Si,(100),SiO2,0.5,TaN,30,p-type,1000000000000000.0,10.0,1.0,,28,,,,,,,,,1e-07,7.0,,,,,,,stable,,,,,,,,,,,
376,Zhao,2010,Microelectron. Eng.,10.1016/j.mee.2010.02.003,HfGdO Gd=0% ALD 300C; k=20; EOT=1.2nm,HfGdO,Gd,0,monoclinic,8.0,300,TEMAH+Gd(thd)3,O3,80,,,,,,0,,1.0,700,30s,N2,50,21000,,,,,,Si,(100),SiO2,0.5,TiN,20,p-type,1000000000000000.0,8.0,1.2,,20,,,,,,,,,1e-07,8.0,,,,,,,stable,,,,,,,,,,,
377,Zhao,2010,Microelectron. Eng.,10.1016/j.mee.2010.02.003,HfGdO Gd=3% ALD 300C; k=25; EOT=1.0nm,HfGdO,Gd,3,monoclinic,8.0,300,TEMAH+Gd(thd)3,O3,80,,,,,,3,,1.0,700,30s,N2,50,21000,,,,,,Si,(100),SiO2,0.5,TiN,20,p-type,1000000000000000.0,8.0,1.0,,25,,,,,,,,,8e-08,8.0,,,,,,,stable,,,,,,,,,,,
378,Zhao,2010,Microelectron. Eng.,10.1016/j.mee.2010.02.003,HfGdO Gd=5% ALD 300C; k=28; EOT=0.9nm,HfGdO,Gd,5,amorphous,8.0,300,TEMAH+Gd(thd)3,O3,80,,,,,,5,,1.0,700,30s,N2,50,21000,,,,,,Si,(100),SiO2,0.5,TiN,20,p-type,1000000000000000.0,8.0,0.9,,28,,,,,,,,,5e-08,8.0,,,,,,,stable,,,,,,,,,,,
379,Zhao,2010,Microelectron. Eng.,10.1016/j.mee.2010.02.003,HfGdO Gd=8% ALD 300C; k=32; EOT=0.85nm,HfGdO,Gd,8,amorphous,8.0,300,TEMAH+Gd(thd)3,O3,80,,,,,,8,,1.0,700,30s,N2,50,21000,,,,,,Si,(100),SiO2,0.5,TiN,20,p-type,1000000000000000.0,8.0,0.85,,32,,,,,,,,,3e-08,8.0,,,,,,,stable,,,,,,,,,,,
380,Zhao,2010,Microelectron. Eng.,10.1016/j.mee.2010.02.003,HfGdO Gd=10% ALD 300C; k=30; EOT=0.9nm,HfGdO,Gd,10,amorphous,8.0,300,TEMAH+Gd(thd)3,O3,80,,,,,,10,,1.0,700,30s,N2,50,21000,,,,,,Si,(100),SiO2,0.5,TiN,20,p-type,1000000000000000.0,8.0,0.9,,30,,,,,,,,,5e-08,8.0,,,,,,,stable,,,,,,,,,,,
381,Zhao,2010,Microelectron. Eng.,10.1016/j.mee.2010.02.003,HfGdO Gd=15% ALD 300C; k=26; EOT=1.0nm,HfGdO,Gd,15,amorphous,8.0,300,TEMAH+Gd(thd)3,O3,80,,,,,,15,,1.0,700,30s,N2,50,21000,,,,,,Si,(100),SiO2,0.5,TiN,20,p-type,1000000000000000.0,8.0,1.0,,26,,,,,,,,,1e-07,8.0,,,,,,,stable,,,,,,,,,,,
382,Kukli,2006,Electrochem. Solid-State Lett.,10.1149/1.2362729,HfDyO Dy=0% 300C; k=20; Dy-doped HfO2,HfDyO,Dy,0,monoclinic+amorphous,10.0,300,TEMAH+Dy(thd)3,O3,100,,,,,,0,,1.0,700,30s,N2,,,,,,,,Si,(100),SiO2,0.5,TiN,20,p-type,1000000000000000.0,10.0,,,20,,,,,,,,,5e-08,8.5,,,,,,,stable,,,,,,,,,,,
383,Kukli,2006,Electrochem. Solid-State Lett.,10.1149/1.2362729,HfDyO Dy=5% 300C; k=24; Dy-doped HfO2,HfDyO,Dy,5,monoclinic+amorphous,10.0,300,TEMAH+Dy(thd)3,O3,100,,,,,,5,,1.0,700,30s,N2,,,,,,,,Si,(100),SiO2,0.5,TiN,20,p-type,1000000000000000.0,10.0,,,24,,,,,,,,,5e-08,8.5,,,,,,,stable,,,,,,,,,,,
384,Kukli,2006,Electrochem. Solid-State Lett.,10.1149/1.2362729,HfDyO Dy=10% 300C; k=28; Dy-doped HfO2,HfDyO,Dy,10,amorphous,10.0,300,TEMAH+Dy(thd)3,O3,100,,,,,,10,,1.0,700,30s,N2,,,,,,,,Si,(100),SiO2,0.5,TiN,20,p-type,1000000000000000.0,10.0,,,28,,,,,,,,,5e-08,8.5,,,,,,,stable,,,,,,,,,,,
385,Kukli,2006,Electrochem. Solid-State Lett.,10.1149/1.2362729,HfDyO Dy=15% 300C; k=30; Dy-doped HfO2,HfDyO,Dy,15,amorphous,10.0,300,TEMAH+Dy(thd)3,O3,100,,,,,,15,,0.95,700,30s,N2,,,,,,,,Si,(100),SiO2,0.5,TiN,20,p-type,1000000000000000.0,10.0,,,30,,,,,,,,,5e-08,8.5,,,,,,,stable,,,,,,,,,,,
386,Kukli,2006,Electrochem. Solid-State Lett.,10.1149/1.2362729,HfDyO Dy=20% 300C; k=29; Dy-doped HfO2,HfDyO,Dy,20,amorphous,10.0,300,TEMAH+Dy(thd)3,O3,100,,,,,,20,,0.9,700,30s,N2,,,,,,,,Si,(100),SiO2,0.5,TiN,20,p-type,1000000000000000.0,10.0,,,29,,,,,,,,,5e-08,8.5,,,,,,,stable,,,,,,,,,,,
387,Kukli,2006,Electrochem. Solid-State Lett.,10.1149/1.2362729,HfDyO Dy=30% 300C; k=25; Dy-doped HfO2,HfDyO,Dy,30,amorphous,10.0,300,TEMAH+Dy(thd)3,O3,100,,,,,,30,,0.85,700,30s,N2,,,,,,,,Si,(100),SiO2,0.5,TiN,20,p-type,1000000000000000.0,10.0,,,25,,,,,,,,,5e-08,8.5,,,,,,,stable,,,,,,,,,,,
388,Wang,2016,Appl. Surface Science,10.1016/j.apsusc.2016.04.055,HfCeO Ce=0% 300C; k=20; cubic-phase stabilization,HfCeO,Ce,0,tetragonal+monoclinic,8.0,300,TEMAH+Ce(iPrCp)3,O3,80,,,,,,0,,1.0,700,30s,N2,,,,,,,,Si,(100),SiO2,0.5,TiN,20,p-type,1000000000000000.0,8.0,1.2,,20,,,,,,,,,1e-07,7.5,,,,,,,stable,,,,,,,,,,,
389,Wang,2016,Appl. Surface Science,10.1016/j.apsusc.2016.04.055,HfCeO Ce=3% 300C; k=26; cubic-phase stabilization,HfCeO,Ce,3,tetragonal+monoclinic,8.0,300,TEMAH+Ce(iPrCp)3,O3,80,,,,,,3,,1.0,700,30s,N2,,,,,,,,Si,(100),SiO2,0.5,TiN,20,p-type,1000000000000000.0,8.0,0.95,,26,,,,,,,,,1e-07,7.5,,,,,,,stable,,,,,,,,,,,
390,Wang,2016,Appl. Surface Science,10.1016/j.apsusc.2016.04.055,HfCeO Ce=5% 300C; k=30; cubic-phase stabilization,HfCeO,Ce,5,cubic,8.0,300,TEMAH+Ce(iPrCp)3,O3,80,,,,,,5,,1.0,700,30s,N2,,,,,,,,Si,(100),SiO2,0.5,TiN,20,p-type,1000000000000000.0,8.0,0.85,,30,,,,,,,,,1e-07,7.5,,,,,,,stable,,,,,,,,,,,
391,Wang,2016,Appl. Surface Science,10.1016/j.apsusc.2016.04.055,HfCeO Ce=8% 300C; k=34; cubic-phase stabilization,HfCeO,Ce,8,cubic,8.0,300,TEMAH+Ce(iPrCp)3,O3,80,,,,,,8,,1.0,700,30s,N2,,,,,,,,Si,(100),SiO2,0.5,TiN,20,p-type,1000000000000000.0,8.0,0.8,,34,,,,,,,,,1e-07,7.5,,,,,,,stable,,,,,,,,,,,
392,Wang,2016,Appl. Surface Science,10.1016/j.apsusc.2016.04.055,HfCeO Ce=10% 300C; k=32; cubic-phase stabilization,HfCeO,Ce,10,cubic,8.0,300,TEMAH+Ce(iPrCp)3,O3,80,,,,,,10,,1.0,700,30s,N2,,,,,,,,Si,(100),SiO2,0.5,TiN,20,p-type,1000000000000000.0,8.0,0.85,,32,,,,,,,,,1e-07,7.5,,,,,,,stable,,,,,,,,,,,
393,Wang,2016,Appl. Surface Science,10.1016/j.apsusc.2016.04.055,HfCeO Ce=15% 300C; k=28; cubic-phase stabilization,HfCeO,Ce,15,cubic,8.0,300,TEMAH+Ce(iPrCp)3,O3,80,,,,,,15,,1.0,700,30s,N2,,,,,,,,Si,(100),SiO2,0.5,TiN,20,p-type,1000000000000000.0,8.0,0.9,,28,,,,,,,,,1e-07,7.5,,,,,,,stable,,,,,,,,,,,
394,Machala,2019,J. Phys. Chem. C,10.1021/acs.jpcc.9b00972,HfScO Sc=0% ALD 300C; k=20; monoclinic,HfScO,Sc,0,monoclinic,10.0,300,TEMAH+Sc(Cp)3,O3,100,,,,,,0,,1.0,700,30s,N2,,,,,,,,Si,(100),SiO2,0.5,TiN,20,p-type,1000000000000000.0,10.0,1.0,,20,,,,,,,,,5e-08,8.5,,,,,,,stable,,,,,,,,,,,
395,Machala,2019,J. Phys. Chem. C,10.1021/acs.jpcc.9b00972,HfScO Sc=2% ALD 300C; k=22; tetragonal+monoclinic,HfScO,Sc,2,tetragonal+monoclinic,10.0,300,TEMAH+Sc(Cp)3,O3,100,,,,,,2,,1.0,700,30s,N2,,,,,,,,Si,(100),SiO2,0.5,TiN,20,p-type,1000000000000000.0,10.0,1.0,,22,,,,,,,,,5e-08,8.5,,,,,,,stable,,,,,,,,,,,
396,Machala,2019,J. Phys. Chem. C,10.1021/acs.jpcc.9b00972,HfScO Sc=4% ALD 300C; k=26; tetragonal,HfScO,Sc,4,tetragonal,10.0,300,TEMAH+Sc(Cp)3,O3,100,,,,,,4,,1.0,700,30s,N2,,,,,,,,Si,(100),SiO2,0.5,TiN,20,p-type,1000000000000000.0,10.0,1.0,,26,,,,,,,,,5e-08,8.5,,,,,,,stable,,,,,,,,,,,
397,Machala,2019,J. Phys. Chem. C,10.1021/acs.jpcc.9b00972,HfScO Sc=6% ALD 300C; k=28; tetragonal,HfScO,Sc,6,tetragonal,10.0,300,TEMAH+Sc(Cp)3,O3,100,,,,,,6,,1.0,700,30s,N2,,,,,,,,Si,(100),SiO2,0.5,TiN,20,p-type,1000000000000000.0,10.0,1.0,,28,,,,,,,,,5e-08,8.5,,,,,,,stable,,,,,,,,,,,
398,Machala,2019,J. Phys. Chem. C,10.1021/acs.jpcc.9b00972,HfScO Sc=8% ALD 300C; k=30; cubic,HfScO,Sc,8,cubic,10.0,300,TEMAH+Sc(Cp)3,O3,100,,,,,,8,,1.0,700,30s,N2,,,,,,,,Si,(100),SiO2,0.5,TiN,20,p-type,1000000000000000.0,10.0,1.0,,30,,,,,,,,,5e-08,8.5,,,,,,,stable,,,,,,,,,,,
399,Machala,2019,J. Phys. Chem. C,10.1021/acs.jpcc.9b00972,HfScO Sc=10% ALD 300C; k=29; cubic,HfScO,Sc,10,cubic,10.0,300,TEMAH+Sc(Cp)3,O3,100,,,,,,10,,1.0,700,30s,N2,,,,,,,,Si,(100),SiO2,0.5,TiN,20,p-type,1000000000000000.0,10.0,1.0,,29,,,,,,,,,5e-08,8.5,,,,,,,stable,,,,,,,,,,,
400,Machala,2019,J. Phys. Chem. C,10.1021/acs.jpcc.9b00972,HfScO Sc=15% ALD 300C; k=25; cubic,HfScO,Sc,15,cubic,10.0,300,TEMAH+Sc(Cp)3,O3,100,,,,,,15,,1.0,700,30s,N2,,,,,,,,Si,(100),SiO2,0.5,TiN,20,p-type,1000000000000000.0,10.0,1.0,,25,,,,,,,,,5e-08,8.5,,,,,,,stable,,,,,,,,,,,
401,Niinisto,2008,Chem. Mater.,10.1021/cm8003158,HfNbO Nb=0% 300C; k=20; monoclinic,HfNbO,Nb,0,monoclinic,10.0,300,TEMAH+Nb(OEt)5,H2O,100,,,,,,0,,1.0,700,30s,N2,,,,,,,,Si,(100),SiO2,0.5,TiN,20,p-type,1000000000000000.0,10.0,,,20,,,,,,,,,1e-07,7.5,,,,,,,stable,,,,,,,,,,,
402,Niinisto,2008,Chem. Mater.,10.1021/cm8003158,HfNbO Nb=5% 300C; k=24; tetragonal,HfNbO,Nb,5,tetragonal,10.0,300,TEMAH+Nb(OEt)5,H2O,100,,,,,,5,,1.0,700,30s,N2,,,,,,,,Si,(100),SiO2,0.5,TiN,20,p-type,1000000000000000.0,10.0,,,24,,,,,,,,,1e-07,7.5,,,,,,,stable,,,,,,,,,,,
403,Niinisto,2008,Chem. Mater.,10.1021/cm8003158,HfNbO Nb=10% 300C; k=28; tetragonal,HfNbO,Nb,10,tetragonal,10.0,300,TEMAH+Nb(OEt)5,H2O,100,,,,,,10,,1.0,700,30s,N2,,,,,,,,Si,(100),SiO2,0.5,TiN,20,p-type,1000000000000000.0,10.0,,,28,,,,,,,,,1e-07,7.5,,,,,,,stable,,,,,,,,,,,
404,Niinisto,2008,Chem. Mater.,10.1021/cm8003158,HfNbO Nb=15% 300C; k=30; tetragonal+cubic,HfNbO,Nb,15,tetragonal+cubic,10.0,300,TEMAH+Nb(OEt)5,H2O,100,,,,,,15,,1.0,700,30s,N2,,,,,,,,Si,(100),SiO2,0.5,TiN,20,p-type,1000000000000000.0,10.0,,,30,,,,,,,,,1e-07,7.5,,,,,,,stable,,,,,,,,,,,
405,Niinisto,2008,Chem. Mater.,10.1021/cm8003158,HfNbO Nb=20% 300C; k=28; cubic,HfNbO,Nb,20,cubic,10.0,300,TEMAH+Nb(OEt)5,H2O,100,,,,,,20,,1.0,700,30s,N2,,,,,,,,Si,(100),SiO2,0.5,TiN,20,p-type,1000000000000000.0,10.0,,,28,,,,,,,,,1e-07,7.5,,,,,,,stable,,,,,,,,,,,
406,Niinisto,2008,Chem. Mater.,10.1021/cm8003158,HfNbO Nb=25% 300C; k=25; cubic,HfNbO,Nb,25,cubic,10.0,300,TEMAH+Nb(OEt)5,H2O,100,,,,,,25,,1.0,700,30s,N2,,,,,,,,Si,(100),SiO2,0.5,TiN,20,p-type,1000000000000000.0,10.0,,,25,,,,,,,,,1e-07,7.5,,,,,,,stable,,,,,,,,,,,
407,Zhao,2009,Appl. Phys. Lett.,10.1063/1.3143626,ZrSiO Si=0% 300C; k=32; Si reduces k but improves thermal stability,ZrSiO,Si,0,tetragonal,5.0,300,TDMAZ+TEOS,O3,50,,,,,,0,,1.0,900,30s,N2,,,,,,,,Si,(100),SiO2,0.5,TaN,30,p-type,1000000000000000.0,5.0,0.9,,32,,,,,,,,,1e-07,8.5,,,,,,,stable,,,,,,,,,,,
408,Zhao,2009,Appl. Phys. Lett.,10.1063/1.3143626,ZrSiO Si=5% 300C; k=25; Si reduces k but improves thermal stability,ZrSiO,Si,5,amorphous,5.0,300,TDMAZ+TEOS,O3,50,,,,,,5,,1.0,900,30s,N2,,,,,,,,Si,(100),SiO2,0.5,TaN,30,p-type,1000000000000000.0,5.0,1.0,,25,,,,,,,,,1e-07,8.5,,,,,,,stable,,,,,,,,,,,
409,Zhao,2009,Appl. Phys. Lett.,10.1063/1.3143626,ZrSiO Si=10% 300C; k=20; Si reduces k but improves thermal stability,ZrSiO,Si,10,amorphous,5.0,300,TDMAZ+TEOS,O3,50,,,,,,10,,1.0,900,30s,N2,,,,,,,,Si,(100),SiO2,0.5,TaN,30,p-type,1000000000000000.0,5.0,1.1,,20,,,,,,,,,1e-07,8.5,,,,,,,stable,,,,,,,,,,,
410,Zhao,2009,Appl. Phys. Lett.,10.1063/1.3143626,ZrSiO Si=15% 300C; k=16; Si reduces k but improves thermal stability,ZrSiO,Si,15,amorphous,5.0,300,TDMAZ+TEOS,O3,50,,,,,,15,,1.0,900,30s,N2,,,,,,,,Si,(100),SiO2,0.5,TaN,30,p-type,1000000000000000.0,5.0,1.3,,16,,,,,,,,,1e-07,8.5,,,,,,,stable,,,,,,,,,,,
411,Zhao,2009,Appl. Phys. Lett.,10.1063/1.3143626,ZrSiO Si=20% 300C; k=13; Si reduces k but improves thermal stability,ZrSiO,Si,20,amorphous,5.0,300,TDMAZ+TEOS,O3,50,,,,,,20,,1.0,900,30s,N2,,,,,,,,Si,(100),SiO2,0.5,TaN,30,p-type,1000000000000000.0,5.0,1.6,,13,,,,,,,,,1e-07,8.5,,,,,,,stable,,,,,,,,,,,
412,Kyrkis,2021,J. Mater. Chem. C,10.1039/D1TC00501D,LaYO La=100% ALD 300C; k=27; mixed rare-earth oxide,LaYO,Y,0,hexagonal,10.0,300,La(NMe2iPr)3+Y(thd)3,O3,100,,,,,,0,,0.9,700,30s,N2,,,,,,,,Si,(100),SiO2,0.5,TaN,30,p-type,1000000000000000.0,10.0,1.2,,27,,,,,,,,,1e-07,7.5,,,,,,,stable,,,,,,,,,,,
413,Kyrkis,2021,J. Mater. Chem. C,10.1039/D1TC00501D,LaYO La=75% ALD 300C; k=24; mixed rare-earth oxide,LaYO,Y,25,amorphous,10.0,300,La(NMe2iPr)3+Y(thd)3,O3,100,,,,,,25,,0.9,700,30s,N2,,,,,,,,Si,(100),SiO2,0.5,TaN,30,p-type,1000000000000000.0,10.0,1.2,,24,,,,,,,,,1e-07,7.5,,,,,,,stable,,,,,,,,,,,
414,Kyrkis,2021,J. Mater. Chem. C,10.1039/D1TC00501D,LaYO La=50% ALD 300C; k=20; mixed rare-earth oxide,LaYO,Y,50,cubic,10.0,300,La(NMe2iPr)3+Y(thd)3,O3,100,,,,,,50,,0.9,700,30s,N2,,,,,,,,Si,(100),SiO2,0.5,TaN,30,p-type,1000000000000000.0,10.0,1.2,,20,,,,,,,,,1e-07,7.5,,,,,,,stable,,,,,,,,,,,
415,Kyrkis,2021,J. Mater. Chem. C,10.1039/D1TC00501D,LaYO La=25% ALD 300C; k=17; mixed rare-earth oxide,LaYO,Y,75,cubic,10.0,300,La(NMe2iPr)3+Y(thd)3,O3,100,,,,,,75,,0.9,700,30s,N2,,,,,,,,Si,(100),SiO2,0.5,TaN,30,p-type,1000000000000000.0,10.0,1.2,,17,,,,,,,,,1e-07,7.5,,,,,,,stable,,,,,,,,,,,
416,Kyrkis,2021,J. Mater. Chem. C,10.1039/D1TC00501D,LaYO La=0% ALD 300C; k=15; mixed rare-earth oxide,LaYO,Y,100,cubic,10.0,300,La(NMe2iPr)3+Y(thd)3,O3,100,,,,,,100,,0.9,700,30s,N2,,,,,,,,Si,(100),SiO2,0.5,TaN,30,p-type,1000000000000000.0,10.0,1.2,,15,,,,,,,,,1e-07,7.5,,,,,,,stable,,,,,,,,,,,
417,Kim,2016,J. Alloys Compounds,10.1016/j.jallcom.2016.05.018,AlTiO Al=0% ALD 250C; k=55; Al lowers k but improves EBD,AlTiO,Al,0,anatase,10.0,250,TMA+TDMAT,H2O,100,,,,,,0,,0.8,500,30s,N2,,,,,,,,Si,(100),SiO2,0.5,Al,50,p-type,1000000000000000.0,10.0,,,55,,,,,,,,,1e-08,8.0,,,,,,,stable,,,,,,,,,,,
418,Kim,2016,J. Alloys Compounds,10.1016/j.jallcom.2016.05.018,AlTiO Al=10% ALD 250C; k=35; Al lowers k but improves EBD,AlTiO,Al,10,amorphous,10.0,250,TMA+TDMAT,H2O,100,,,,,,10,,0.8,500,30s,N2,,,,,,,,Si,(100),SiO2,0.5,Al,50,p-type,1000000000000000.0,10.0,,,35,,,,,,,,,1e-08,8.0,,,,,,,stable,,,,,,,,,,,
419,Kim,2016,J. Alloys Compounds,10.1016/j.jallcom.2016.05.018,AlTiO Al=20% ALD 250C; k=25; Al lowers k but improves EBD,AlTiO,Al,20,amorphous,10.0,250,TMA+TDMAT,H2O,100,,,,,,20,,0.8,500,30s,N2,,,,,,,,Si,(100),SiO2,0.5,Al,50,p-type,1000000000000000.0,10.0,,,25,,,,,,,,,1e-08,8.0,,,,,,,stable,,,,,,,,,,,
420,Kim,2016,J. Alloys Compounds,10.1016/j.jallcom.2016.05.018,AlTiO Al=30% ALD 250C; k=18; Al lowers k but improves EBD,AlTiO,Al,30,amorphous,10.0,250,TMA+TDMAT,H2O,100,,,,,,30,,0.8,500,30s,N2,,,,,,,,Si,(100),SiO2,0.5,Al,50,p-type,1000000000000000.0,10.0,,,18,,,,,,,,,1e-08,8.0,,,,,,,stable,,,,,,,,,,,
421,Kim,2016,J. Alloys Compounds,10.1016/j.jallcom.2016.05.018,AlTiO Al=50% ALD 250C; k=12; Al lowers k but improves EBD,AlTiO,Al,50,amorphous,10.0,250,TMA+TDMAT,H2O,100,,,,,,50,,0.8,500,30s,N2,,,,,,,,Si,(100),SiO2,0.5,Al,50,p-type,1000000000000000.0,10.0,,,12,,,,,,,,,1e-08,8.0,,,,,,,stable,,,,,,,,,,,
422,Kim,2016,J. Alloys Compounds,10.1016/j.jallcom.2016.05.018,AlTiO Al=100% ALD 250C; k=7.5; Al lowers k but improves EBD,AlTiO,Al,100,amorphous,10.0,250,TMA+TDMAT,H2O,100,,,,,,100,,0.8,500,30s,N2,,,,,,,,Si,(100),SiO2,0.5,Al,50,p-type,1000000000000000.0,10.0,,,7.5,,,,,,,,,1e-08,8.0,,,,,,,stable,,,,,,,,,,,
423,Park,2016,J. Appl. Phys.,10.1063/1.4959607,HfO2/TiO2 nanolaminate 1:1 ALD 300C; k=28; EOT=1.0nm,HfO2/TiO2_nanolaminate,Ti,30,amorphous,10.0,300,TEMAH+TDMAT,H2O,100,,,,,,,,1.0,600,30s,N2,,,,,,,,Si,(100),SiO2,0.5,TiN,20,p-type,1000000000000000.0,10.0,1.0,,28,,,,,,,,,5e-08,8.0,,,,,,,stable,,,,,,,,,,,
424,Park,2016,J. Appl. Phys.,10.1063/1.4959607,HfO2/TiO2 nanolaminate 2:1 ALD 300C; k=24; EOT=1.1nm,HfO2/TiO2_nanolaminate,Ti,30,amorphous,10.0,300,TEMAH+TDMAT,H2O,100,,,,,,,,1.0,600,30s,N2,,,,,,,,Si,(100),SiO2,0.5,TiN,20,p-type,1000000000000000.0,10.0,1.1,,24,,,,,,,,,5e-08,8.0,,,,,,,stable,,,,,,,,,,,
425,Park,2016,J. Appl. Phys.,10.1063/1.4959607,HfO2/TiO2 nanolaminate 3:1 ALD 300C; k=22; EOT=1.15nm,HfO2/TiO2_nanolaminate,Ti,30,amorphous,10.0,300,TEMAH+TDMAT,H2O,100,,,,,,,,1.0,600,30s,N2,,,,,,,,Si,(100),SiO2,0.5,TiN,20,p-type,1000000000000000.0,10.0,1.15,,22,,,,,,,,,5e-08,8.0,,,,,,,stable,,,,,,,,,,,
426,Park,2016,J. Appl. Phys.,10.1063/1.4959607,HfO2/TiO2 nanolaminate 1:2 ALD 300C; k=32; EOT=0.95nm,HfO2/TiO2_nanolaminate,Ti,30,amorphous,10.0,300,TEMAH+TDMAT,H2O,100,,,,,,,,1.0,600,30s,N2,,,,,,,,Si,(100),SiO2,0.5,TiN,20,p-type,1000000000000000.0,10.0,0.95,,32,,,,,,,,,5e-08,8.0,,,,,,,stable,,,,,,,,,,,
427,Park,2016,J. Appl. Phys.,10.1063/1.4959607,HfO2/TiO2 nanolaminate 1:3 ALD 300C; k=38; EOT=0.85nm,HfO2/TiO2_nanolaminate,Ti,30,amorphous,10.0,300,TEMAH+TDMAT,H2O,100,,,,,,,,1.0,600,30s,N2,,,,,,,,Si,(100),SiO2,0.5,TiN,20,p-type,1000000000000000.0,10.0,0.85,,38,,,,,,,,,5e-08,8.0,,,,,,,stable,,,,,,,,,,,
428,Klenov,2005,Appl. Phys. Lett.,10.1063/1.2040014,SrHfO3 Sr=0% ALD 300C; k=20; perovskite high-k,SrHfO3,Sr,0,monoclinic,10.0,300,TEMAH+Sr(thd)2,O3,100,,,,,,0,,1.0,800,60s,O2,,,,,,,,Si,(100),SrSiOx,0.5,Pt,30,p-type,1000000000000000.0,10.0,,,20,,,,,,,,,1e-05,4.0,,,,,,,metastable,,,,,,,,,,,
429,Klenov,2005,Appl. Phys. Lett.,10.1063/1.2040014,SrHfO3 Sr=25% ALD 300C; k=30; perovskite high-k,SrHfO3,Sr,25,amorphous,10.0,300,TEMAH+Sr(thd)2,O3,100,,,,,,25,,1.0,800,60s,O2,,,,,,,,Si,(100),SrSiOx,0.5,Pt,30,p-type,1000000000000000.0,10.0,,,30,,,,,,,,,1e-05,4.0,,,,,,,metastable,,,,,,,,,,,
430,Klenov,2005,Appl. Phys. Lett.,10.1063/1.2040014,SrHfO3 Sr=50% ALD 300C; k=35; perovskite high-k,SrHfO3,Sr,50,perovskite_amorphous,10.0,300,TEMAH+Sr(thd)2,O3,100,,,,,,50,,1.0,800,60s,O2,,,,,,,,Si,(100),SrSiOx,0.5,Pt,30,p-type,1000000000000000.0,10.0,,,35,,,,,,,,,1e-05,4.0,,,,,,,metastable,,,,,,,,,,,
431,Klenov,2005,Appl. Phys. Lett.,10.1063/1.2040014,SrHfO3 Sr=75% ALD 300C; k=40; perovskite high-k,SrHfO3,Sr,75,perovskite,10.0,300,TEMAH+Sr(thd)2,O3,100,,,,,,75,,1.0,800,60s,O2,,,,,,,,Si,(100),SrSiOx,0.5,Pt,30,p-type,1000000000000000.0,10.0,,,40,,,,,,,,,1e-05,4.0,,,,,,,metastable,,,,,,,,,,,
432,Klenov,2005,Appl. Phys. Lett.,10.1063/1.2040014,SrHfO3 Sr=100% ALD 300C; k=60; perovskite high-k,SrHfO3,Sr,100,perovskite,10.0,300,TEMAH+Sr(thd)2,O3,100,,,,,,100,,1.0,800,60s,O2,,,,,,,,Si,(100),SrSiOx,0.5,Pt,30,p-type,1000000000000000.0,10.0,,,60,,,,,,,,,1e-05,4.0,,,,,,,metastable,,,,,,,,,,,
433,Choi,2011,J. Electrochem. Soc.,10.1149/1.3569756,HfSiON N=0at% ALD; k=15; N-passivated interface,HfSiON,Si+N,15,amorphous,5.0,300,TEMAH+TEOS,N2O_plasma,50,,,,,,,,1.0,900,30s,N2,,,,,,,,Si,(100),SiON,0.5,TaN,30,p-type,1000000000000000.0,5.0,1.0,,15,,,,,,,,,1e-08,9.0,,,,,,,stable,300000000000.0,,,,,,0,,,,
434,Choi,2011,J. Electrochem. Soc.,10.1149/1.3569756,HfSiON N=2at% ALD; k=16; N-passivated interface,HfSiON,Si+N,15,amorphous,5.0,300,TEMAH+TEOS,N2O_plasma,50,,,,,,,,1.0,900,30s,N2,,,,,,,,Si,(100),SiON,0.5,TaN,30,p-type,1000000000000000.0,5.0,1.0,,16,,,,,,,,,1e-08,9.0,,,,,,,stable,200000000000.0,,,,,,2,,,,
435,Choi,2011,J. Electrochem. Soc.,10.1149/1.3569756,HfSiON N=5at% ALD; k=17; N-passivated interface,HfSiON,Si+N,15,amorphous,5.0,300,TEMAH+TEOS,N2O_plasma,50,,,,,,,,1.0,900,30s,N2,,,,,,,,Si,(100),SiON,0.5,TaN,30,p-type,1000000000000000.0,5.0,0.95,,17,,,,,,,,,1e-08,9.0,,,,,,,stable,100000000000.0,,,,,,5,,,,
436,Choi,2011,J. Electrochem. Soc.,10.1149/1.3569756,HfSiON N=8at% ALD; k=18; N-passivated interface,HfSiON,Si+N,15,amorphous,5.0,300,TEMAH+TEOS,N2O_plasma,50,,,,,,,,1.0,900,30s,N2,,,,,,,,Si,(100),SiON,0.5,TaN,30,p-type,1000000000000000.0,5.0,0.9,,18,,,,,,,,,1e-08,9.0,,,,,,,stable,80000000000.0,,,,,,8,,,,
437,Choi,2011,J. Electrochem. Soc.,10.1149/1.3569756,HfSiON N=10at% ALD; k=18; N-passivated interface,HfSiON,Si+N,15,amorphous,5.0,300,TEMAH+TEOS,N2O_plasma,50,,,,,,,,1.0,900,30s,N2,,,,,,,,Si,(100),SiON,0.5,TaN,30,p-type,1000000000000000.0,5.0,0.9,,18,,,,,,,,,1e-08,9.0,,,,,,,stable,100000000000.0,,,,,,10,,,,
438,Kukli,2009,J. Electrochem. Soc.,10.1149/1.3143568,Sc2O3 Sc(thd)3/O3 175C; k=12; large band gap ~6.3eV,Sc2O3,,0,cubic,10.0,175,Sc(thd)3,O3,100,3,30,5,30,0.0001,,,0.7,700,30s,N2,,,,,,,,Si,(100),SiO2,0.5,Au,50,p-type,1000000000000000.0,10.0,,,12,,,,,,,,,1e-08,10.0,,,,,,,stable,,,,3.5,2.1,,,,,,
439,Kukli,2009,J. Electrochem. Soc.,10.1149/1.3143568,Sc2O3 Sc(thd)3/O3 225C; k=14; large band gap ~6.3eV,Sc2O3,,0,cubic,10.0,225,Sc(thd)3,O3,100,3,30,5,30,0.0001,,,0.75,700,30s,N2,,,,,,,,Si,(100),SiO2,0.5,Au,50,p-type,1000000000000000.0,10.0,,,14,,,,,,,,,1e-08,10.0,,,,,,,stable,,,,3.5,2.1,,,,,,
440,Kukli,2009,J. Electrochem. Soc.,10.1149/1.3143568,Sc2O3 Sc(thd)3/O3 275C; k=15; large band gap ~6.3eV,Sc2O3,,0,cubic,10.0,275,Sc(thd)3,O3,100,3,30,5,30,0.0001,,,0.7,700,30s,N2,,,,,,,,Si,(100),SiO2,0.5,Au,50,p-type,1000000000000000.0,10.0,,,15,,,,,,,,,1e-08,10.0,,,,,,,stable,,,,3.5,2.1,,,,,,
441,Kukli,2009,J. Electrochem. Soc.,10.1149/1.3143568,Sc2O3 Sc(thd)3/O3 325C; k=14; large band gap ~6.3eV,Sc2O3,,0,cubic,10.0,325,Sc(thd)3,O3,100,3,30,5,30,0.0001,,,0.6,700,30s,N2,,,,,,,,Si,(100),SiO2,0.5,Au,50,p-type,1000000000000000.0,10.0,,,14,,,,,,,,,1e-08,10.0,,,,,,,stable,,,,3.5,2.1,,,,,,
442,Lupan,2010,J. Alloys Compounds,10.1016/j.jallcom.2010.06.085,Pr2O3 Pr(thd)3/O3 200C; k=20; Pr 4f states enhance k,Pr2O3,,0,amorphous,10.0,200,Pr(thd)3,O3,100,3,30,5,30,0.0001,,,1.0,700,30s,N2,,,,,,,,Si,(100),PrSiOx,0.5,TaN,30,p-type,1000000000000000.0,10.0,,,20,,,,,,,,,1e-06,5.5,,,,,,,unstable,,,,2.7,0.8,,,,,,
443,Lupan,2010,J. Alloys Compounds,10.1016/j.jallcom.2010.06.085,Pr2O3 Pr(thd)3/O3 250C; k=25; Pr 4f states enhance k,Pr2O3,,0,cubic,10.0,250,Pr(thd)3,O3,100,3,30,5,30,0.0001,,,0.9,700,30s,N2,,,,,,,,Si,(100),PrSiOx,0.5,TaN,30,p-type,1000000000000000.0,10.0,,,25,,,,,,,,,1e-06,5.5,,,,,,,unstable,,,,2.7,0.8,,,,,,
444,Lupan,2010,J. Alloys Compounds,10.1016/j.jallcom.2010.06.085,Pr2O3 Pr(thd)3/O3 300C; k=26; Pr 4f states enhance k,Pr2O3,,0,cubic,10.0,300,Pr(thd)3,O3,100,3,30,5,30,0.0001,,,0.85,700,30s,N2,,,,,,,,Si,(100),PrSiOx,0.5,TaN,30,p-type,1000000000000000.0,10.0,,,26,,,,,,,,,1e-06,5.5,,,,,,,unstable,,,,2.7,0.8,,,,,,
445,Lupan,2010,J. Alloys Compounds,10.1016/j.jallcom.2010.06.085,Pr2O3 Pr(thd)3/O3 350C; k=24; Pr 4f states enhance k,Pr2O3,,0,cubic,10.0,350,Pr(thd)3,O3,100,3,30,5,30,0.0001,,,0.75,700,30s,N2,,,,,,,,Si,(100),PrSiOx,0.5,TaN,30,p-type,1000000000000000.0,10.0,,,24,,,,,,,,,1e-06,5.5,,,,,,,unstable,,,,2.7,0.8,,,,,,
446,Kukli,2007,J. Electrochem. Soc.,10.1149/1.2799539,Nd2O3 Nd(thd)3/O3 200C; k=18; Nd oxide high-k,Nd2O3,,0,amorphous,10.0,200,Nd(thd)3,O3,100,3,30,5,30,0.0001,,,0.95,700,30s,N2,,,,,,,,Si,(100),NdSiOx,0.5,TaN,30,p-type,1000000000000000.0,10.0,,,18,,,,,,,,,5e-07,6.5,,,,,,,unstable,,,,2.5,1.0,,,,,,
447,Kukli,2007,J. Electrochem. Soc.,10.1149/1.2799539,Nd2O3 Nd(thd)3/O3 250C; k=22; Nd oxide high-k,Nd2O3,,0,hexagonal,10.0,250,Nd(thd)3,O3,100,3,30,5,30,0.0001,,,0.9,700,30s,N2,,,,,,,,Si,(100),NdSiOx,0.5,TaN,30,p-type,1000000000000000.0,10.0,,,22,,,,,,,,,5e-07,6.5,,,,,,,unstable,,,,2.5,1.0,,,,,,
448,Kukli,2007,J. Electrochem. Soc.,10.1149/1.2799539,Nd2O3 Nd(thd)3/O3 300C; k=24; Nd oxide high-k,Nd2O3,,0,hexagonal,10.0,300,Nd(thd)3,O3,100,3,30,5,30,0.0001,,,0.85,700,30s,N2,,,,,,,,Si,(100),NdSiOx,0.5,TaN,30,p-type,1000000000000000.0,10.0,,,24,,,,,,,,,5e-07,6.5,,,,,,,unstable,,,,2.5,1.0,,,,,,
449,Kukli,2007,J. Electrochem. Soc.,10.1149/1.2799539,Nd2O3 Nd(thd)3/O3 350C; k=22; Nd oxide high-k,Nd2O3,,0,hexagonal,10.0,350,Nd(thd)3,O3,100,3,30,5,30,0.0001,,,0.75,700,30s,N2,,,,,,,,Si,(100),NdSiOx,0.5,TaN,30,p-type,1000000000000000.0,10.0,,,22,,,,,,,,,5e-07,6.5,,,,,,,unstable,,,,2.5,1.0,,,,,,
450,Son,2020,ACS Appl. Electron. Mater.,10.1021/acsaelm.0c00413,Ga2O3 TMG/O3 200C; k=10; amorphous-Ga2O3 power device,Ga2O3,,0,amorphous,10.0,200,TMGa,O3,100,1,15,3,15,0.0001,,,1.1,600,30s,N2,,,,,,,,Si,(100),SiO2,0.5,Au,50,p-type,1000000000000000.0,10.0,,,10,,,,,,,,,1e-08,9.0,,,,,,,stable,,,,4.0,0.2,,,,,,
451,Son,2020,ACS Appl. Electron. Mater.,10.1021/acsaelm.0c00413,Ga2O3 TMG/O3 250C; k=12; epsilon-Ga2O3 power device,Ga2O3,,0,epsilon,10.0,250,TMGa,O3,100,1,15,3,15,0.0001,,,1.0,600,30s,N2,,,,,,,,Si,(100),SiO2,0.5,Au,50,p-type,1000000000000000.0,10.0,,,12,,,,,,,,,1e-08,9.0,,,,,,,stable,,,,4.0,0.2,,,,,,
452,Son,2020,ACS Appl. Electron. Mater.,10.1021/acsaelm.0c00413,Ga2O3 TMG/O3 300C; k=13; epsilon-Ga2O3 power device,Ga2O3,,0,epsilon,10.0,300,TMGa,O3,100,1,15,3,15,0.0001,,,0.95,600,30s,N2,,,,,,,,Si,(100),SiO2,0.5,Au,50,p-type,1000000000000000.0,10.0,,,13,,,,,,,,,1e-08,9.0,,,,,,,stable,,,,4.0,0.2,,,,,,
453,Son,2020,ACS Appl. Electron. Mater.,10.1021/acsaelm.0c00413,Ga2O3 TMG/O3 400C; k=15; beta-Ga2O3 power device,Ga2O3,,0,beta,10.0,400,TMGa,O3,100,1,15,3,15,0.0001,,,0.85,600,30s,N2,,,,,,,,Si,(100),SiO2,0.5,Au,50,p-type,1000000000000000.0,10.0,,,15,,,,,,,,,1e-08,9.0,,,,,,,stable,,,,4.0,0.2,,,,,,
454,Son,2020,ACS Appl. Electron. Mater.,10.1021/acsaelm.0c00413,Ga2O3 TMG/O3 500C; k=16; beta-Ga2O3 power device,Ga2O3,,0,beta,10.0,500,TMGa,O3,100,1,15,3,15,0.0001,,,0.7,600,30s,N2,,,,,,,,Si,(100),SiO2,0.5,Au,50,p-type,1000000000000000.0,10.0,,,16,,,,,,,,,1e-08,9.0,,,,,,,stable,,,,4.0,0.2,,,,,,
455,Vehkamaki,2004,J. Crystal Growth,10.1016/j.jcrysgro.2004.08.035,Nb2O5 NbCl5/H2O 150C; k=20; MIM capacitor,Nb2O5,,0,amorphous,15.0,150,NbCl5,H2O,150,3,25,5,25,0.0001,,,0.5,600,30s,N2,,,,,,,,TiN,,none,0,TiN,30,n-type,1e+18,15.0,,,20,,,,,,0.008,,,1e-05,4.5,,,,,,,stable,,,,,,,,,,,
456,Vehkamaki,2004,J. Crystal Growth,10.1016/j.jcrysgro.2004.08.035,Nb2O5 NbCl5/H2O 200C; k=30; MIM capacitor,Nb2O5,,0,amorphous,15.0,200,NbCl5,H2O,150,3,25,5,25,0.0001,,,0.6,600,30s,N2,,,,,,,,TiN,,none,0,TiN,30,n-type,1e+18,15.0,,,30,,,,,,0.008,,,1e-05,4.5,,,,,,,stable,,,,,,,,,,,
457,Vehkamaki,2004,J. Crystal Growth,10.1016/j.jcrysgro.2004.08.035,Nb2O5 NbCl5/H2O 250C; k=38; MIM capacitor,Nb2O5,,0,amorphous,15.0,250,NbCl5,H2O,150,3,25,5,25,0.0001,,,0.65,600,30s,N2,,,,,,,,TiN,,none,0,TiN,30,n-type,1e+18,15.0,,,38,,,,,,0.008,,,1e-05,4.5,,,,,,,stable,,,,,,,,,,,
458,Vehkamaki,2004,J. Crystal Growth,10.1016/j.jcrysgro.2004.08.035,Nb2O5 NbCl5/H2O 300C; k=40; MIM capacitor,Nb2O5,,0,amorphous,15.0,300,NbCl5,H2O,150,3,25,5,25,0.0001,,,0.6,600,30s,N2,,,,,,,,TiN,,none,0,TiN,30,n-type,1e+18,15.0,,,40,,,,,,0.008,,,1e-05,4.5,,,,,,,stable,,,,,,,,,,,
459,Vehkamaki,2004,J. Crystal Growth,10.1016/j.jcrysgro.2004.08.035,Nb2O5 NbCl5/H2O 350C; k=35; MIM capacitor,Nb2O5,,0,amorphous,15.0,350,NbCl5,H2O,150,3,25,5,25,0.0001,,,0.5,600,30s,N2,,,,,,,,TiN,,none,0,TiN,30,n-type,1e+18,15.0,,,35,,,,,,0.008,,,1e-05,4.5,,,,,,,stable,,,,,,,,,,,
460,Boscke,2011,Appl. Phys. Lett.,10.1063/1.3634052,HfSiO2 Si=0% ALD; Pr=0 uC/cm2; FE-HfO2 discovery,HfSiO2_FE,Si,0,monoclinic,10.0,300,TEMAH+TEOS,O3,100,,,,,,0,,1.0,600,20s,N2,50,12000,400,TiN,,,,Si,(100),SiO2,0.5,TiN,10,p-type,1000000000000000.0,10.0,,,20,,,,,,,0,0,1e-08,7.5,,,,,,,stable,,,,,,,,,,,
461,Boscke,2011,Appl. Phys. Lett.,10.1063/1.3634052,HfSiO2 Si=2% ALD; Pr=8 uC/cm2; FE-HfO2 discovery,HfSiO2_FE,Si,2,orthorhombic,10.0,300,TEMAH+TEOS,O3,100,,,,,,2,,1.0,600,20s,N2,50,12000,400,TiN,,,,Si,(100),SiO2,0.5,TiN,10,p-type,1000000000000000.0,10.0,,,28,,,,,,,8,0.9,1e-08,7.5,,,,,,,stable,,,,,,,,,,,
462,Boscke,2011,Appl. Phys. Lett.,10.1063/1.3634052,HfSiO2 Si=4% ALD; Pr=14 uC/cm2; FE-HfO2 discovery,HfSiO2_FE,Si,4,orthorhombic,10.0,300,TEMAH+TEOS,O3,100,,,,,,4,,1.0,600,20s,N2,50,12000,400,TiN,,,,Si,(100),SiO2,0.5,TiN,10,p-type,1000000000000000.0,10.0,,,35,,,,,,,14,1.0,1e-08,7.5,,,,,,,stable,,,,,,,,,,,
463,Boscke,2011,Appl. Phys. Lett.,10.1063/1.3634052,HfSiO2 Si=6% ALD; Pr=10 uC/cm2; FE-HfO2 discovery,HfSiO2_FE,Si,6,orthorhombic,10.0,300,TEMAH+TEOS,O3,100,,,,,,6,,1.0,600,20s,N2,50,12000,400,TiN,,,,Si,(100),SiO2,0.5,TiN,10,p-type,1000000000000000.0,10.0,,,30,,,,,,,10,1.1,1e-08,7.5,,,,,,,stable,,,,,,,,,,,
464,Boscke,2011,Appl. Phys. Lett.,10.1063/1.3634052,HfSiO2 Si=8% ALD; Pr=5 uC/cm2; FE-HfO2 discovery,HfSiO2_FE,Si,8,monoclinic,10.0,300,TEMAH+TEOS,O3,100,,,,,,8,,1.0,600,20s,N2,50,12000,400,TiN,,,,Si,(100),SiO2,0.5,TiN,10,p-type,1000000000000000.0,10.0,,,26,,,,,,,5,1.2,1e-08,7.5,,,,,,,stable,,,,,,,,,,,
465,Muller,2012,Nano Lett.,10.1021/nl302049k,HZO 5nm TiN/HZO/TiN; Pr=8 uC/cm2; thickness effect,Hf0.5Zr0.5O2,Zr,50,orthorhombic,5,250,TEMAH+TEMAZr,O3,50,,,,,,50,,1.0,600,20s,N2,50,12000,400,TiN,,,,Si,(100),SiO2,0.3,TiN,10,p-type,1000000000000000.0,5,0.14285714285714285,,28,,,,,,,8,1.4,5e-08,7.0,,,,,,,stable,,,,,,,,,,,
466,Muller,2012,Nano Lett.,10.1021/nl302049k,HZO 8nm TiN/HZO/TiN; Pr=16 uC/cm2; thickness effect,Hf0.5Zr0.5O2,Zr,50,orthorhombic,8,250,TEMAH+TEMAZr,O3,80,,,,,,50,,1.0,600,20s,N2,50,12000,400,TiN,,,,Si,(100),SiO2,0.3,TiN,10,p-type,1000000000000000.0,8,0.22857142857142856,,33,,,,,,,16,1.1,5e-08,7.0,,,,,,,stable,,,,,,,,,,,
467,Muller,2012,Nano Lett.,10.1021/nl302049k,HZO 10nm TiN/HZO/TiN; Pr=22 uC/cm2; thickness effect,Hf0.5Zr0.5O2,Zr,50,orthorhombic,10,250,TEMAH+TEMAZr,O3,100,,,,,,50,,1.0,600,20s,N2,50,12000,400,TiN,,,,Si,(100),SiO2,0.3,TiN,10,p-type,1000000000000000.0,10,0.2857142857142857,,35,,,,,,,22,1.0,5e-08,7.0,,,,,,,stable,,,,,,,,,,,
468,Muller,2012,Nano Lett.,10.1021/nl302049k,HZO 15nm TiN/HZO/TiN; Pr=19 uC/cm2; thickness effect,Hf0.5Zr0.5O2,Zr,50,orthorhombic,15,250,TEMAH+TEMAZr,O3,150,,,,,,50,,1.0,600,20s,N2,50,12000,400,TiN,,,,Si,(100),SiO2,0.3,TiN,10,p-type,1000000000000000.0,15,0.42857142857142855,,34,,,,,,,19,0.95,5e-08,7.0,,,,,,,stable,,,,,,,,,,,
469,Muller,2012,Nano Lett.,10.1021/nl302049k,HZO 20nm TiN/HZO/TiN; Pr=14 uC/cm2; thickness effect,Hf0.5Zr0.5O2,Zr,50,orthorhombic,20,250,TEMAH+TEMAZr,O3,200,,,,,,50,,1.0,600,20s,N2,50,12000,400,TiN,,,,Si,(100),SiO2,0.3,TiN,10,p-type,1000000000000000.0,20,0.5714285714285714,,32,,,,,,,14,0.9,5e-08,7.0,,,,,,,stable,,,,,,,,,,,
470,Muller,2012,Nano Lett.,10.1021/nl302049k,HZO 30nm TiN/HZO/TiN; Pr=8 uC/cm2; thickness effect,Hf0.5Zr0.5O2,Zr,50,orthorhombic,30,250,TEMAH+TEMAZr,O3,300,,,,,,50,,1.0,600,20s,N2,50,12000,400,TiN,,,,Si,(100),SiO2,0.3,TiN,10,p-type,1000000000000000.0,30,0.8571428571428571,,28,,,,,,,8,0.85,5e-08,7.0,,,,,,,stable,,,,,,,,,,,
471,Starschich,2017,Chem. Mater.,10.1021/acs.chemmater.6b04478,HfO2 Zr-doped 50%; Pr=22 uC/cm2; dopant comparison,HfZrO2_FE,Zr,50,orthorhombic,10.0,300,TEMAH+Zr_precursor,O3,100,,,,,,50,,1.0,600,20s,N2,,,400,TiN,,,,Si,(100),SiO2,0.3,TiN,10,p-type,1000000000000000.0,10.0,,,35,,,,,,,22,1.0,1e-08,7.5,,,,,,,stable,,,,,,,,,,,
472,Starschich,2017,Chem. Mater.,10.1021/acs.chemmater.6b04478,HfO2 Si-doped 4%; Pr=14 uC/cm2; dopant comparison,HfSiO2_FE,Si,4,orthorhombic,10.0,300,TEMAH+Si_precursor,O3,100,,,,,,4,,1.0,600,20s,N2,,,400,TiN,,,,Si,(100),SiO2,0.3,TiN,10,p-type,1000000000000000.0,10.0,,,28,,,,,,,14,1.0,1e-08,7.5,,,,,,,stable,,,,,,,,,,,
473,Starschich,2017,Chem. Mater.,10.1021/acs.chemmater.6b04478,HfO2 Y-doped 5%; Pr=18 uC/cm2; dopant comparison,HfYO2_FE,Y,5,orthorhombic,10.0,300,TEMAH+Y_precursor,O3,100,,,,,,5,,1.0,600,20s,N2,,,400,TiN,,,,Si,(100),SiO2,0.3,TiN,10,p-type,1000000000000000.0,10.0,,,32,,,,,,,18,1.0,1e-08,7.5,,,,,,,stable,,,,,,,,,,,
474,Starschich,2017,Chem. Mater.,10.1021/acs.chemmater.6b04478,HfO2 Al-doped 3.5%; Pr=16 uC/cm2; dopant comparison,HfAlO2_FE,Al,3.5,orthorhombic,10.0,300,TEMAH+Al_precursor,O3,100,,,,,,3.5,,1.0,600,20s,N2,,,400,TiN,,,,Si,(100),SiO2,0.3,TiN,10,p-type,1000000000000000.0,10.0,,,30,,,,,,,16,1.0,1e-08,7.5,,,,,,,stable,,,,,,,,,,,
475,Starschich,2017,Chem. Mater.,10.1021/acs.chemmater.6b04478,HfO2 La-doped 3%; Pr=20 uC/cm2; dopant comparison,HfLaO2_FE,La,3,orthorhombic,10.0,300,TEMAH+La_precursor,O3,100,,,,,,3,,1.0,600,20s,N2,,,400,TiN,,,,Si,(100),SiO2,0.3,TiN,10,p-type,1000000000000000.0,10.0,,,33,,,,,,,20,1.0,1e-08,7.5,,,,,,,stable,,,,,,,,,,,
476,Starschich,2017,Chem. Mater.,10.1021/acs.chemmater.6b04478,HfO2 Ca-doped 2%; Pr=12 uC/cm2; dopant comparison,HfCaO2_FE,Ca,2,orthorhombic,10.0,300,TEMAH+Ca_precursor,O3,100,,,,,,2,,1.0,600,20s,N2,,,400,TiN,,,,Si,(100),SiO2,0.3,TiN,10,p-type,1000000000000000.0,10.0,,,27,,,,,,,12,1.0,1e-08,7.5,,,,,,,stable,,,,,,,,,,,
477,Park,2015,Adv. Mater.,10.1002/adma.201501095,HZO Zr=10% 10nm; Pr=0; composition sweep,Hf1-xZrxO2,Zr,10,monoclinic,10.0,280,TEMAH+TEMAZr,O3,100,,,,,,10,,1.0,600,20s,N2,,,400,TiN,,,,Si,(100),SiO2,0.3,TiN,10,p-type,1000000000000000.0,10.0,0.9,,20,,,,,,,0,0,1e-08,7.5,,,,,,,stable,,,,,,,,,,,
478,Park,2015,Adv. Mater.,10.1002/adma.201501095,HZO Zr=20% 10nm; Pr=5; composition sweep,Hf1-xZrxO2,Zr,20,monoclinic+orthorhombic,10.0,280,TEMAH+TEMAZr,O3,100,,,,,,20,,1.0,600,20s,N2,,,400,TiN,,,,Si,(100),SiO2,0.3,TiN,10,p-type,1000000000000000.0,10.0,0.9,,25,,,,,,,5,0.8,1e-08,7.5,,,,,,,stable,,,,,,,,,,,
479,Park,2015,Adv. Mater.,10.1002/adma.201501095,HZO Zr=30% 10nm; Pr=12; composition sweep,Hf1-xZrxO2,Zr,30,orthorhombic,10.0,280,TEMAH+TEMAZr,O3,100,,,,,,30,,1.0,600,20s,N2,,,400,TiN,,,,Si,(100),SiO2,0.3,TiN,10,p-type,1000000000000000.0,10.0,0.9,,30,,,,,,,12,1.0,1e-08,7.5,,,,,,,stable,,,,,,,,,,,
480,Park,2015,Adv. Mater.,10.1002/adma.201501095,HZO Zr=40% 10nm; Pr=18; composition sweep,Hf1-xZrxO2,Zr,40,orthorhombic,10.0,280,TEMAH+TEMAZr,O3,100,,,,,,40,,1.0,600,20s,N2,,,400,TiN,,,,Si,(100),SiO2,0.3,TiN,10,p-type,1000000000000000.0,10.0,0.9,,33,,,,,,,18,1.0,1e-08,7.5,,,,,,,stable,,,,,,,,,,,
481,Park,2015,Adv. Mater.,10.1002/adma.201501095,HZO Zr=50% 10nm; Pr=24; composition sweep,Hf1-xZrxO2,Zr,50,orthorhombic,10.0,280,TEMAH+TEMAZr,O3,100,,,,,,50,,1.0,600,20s,N2,,,400,TiN,,,,Si,(100),SiO2,0.3,TiN,10,p-type,1000000000000000.0,10.0,0.9,,35,,,,,,,24,1.0,1e-08,7.5,,,,,,,stable,,,,,,,,,,,
482,Park,2015,Adv. Mater.,10.1002/adma.201501095,HZO Zr=60% 10nm; Pr=20; composition sweep,Hf1-xZrxO2,Zr,60,orthorhombic,10.0,280,TEMAH+TEMAZr,O3,100,,,,,,60,,1.0,600,20s,N2,,,400,TiN,,,,Si,(100),SiO2,0.3,TiN,10,p-type,1000000000000000.0,10.0,0.9,,34,,,,,,,20,0.95,1e-08,7.5,,,,,,,stable,,,,,,,,,,,
483,Park,2015,Adv. Mater.,10.1002/adma.201501095,HZO Zr=70% 10nm; Pr=14; composition sweep,Hf1-xZrxO2,Zr,70,orthorhombic+tetragonal,10.0,280,TEMAH+TEMAZr,O3,100,,,,,,70,,1.0,600,20s,N2,,,400,TiN,,,,Si,(100),SiO2,0.3,TiN,10,p-type,1000000000000000.0,10.0,0.9,,32,,,,,,,14,0.9,1e-08,7.5,,,,,,,stable,,,,,,,,,,,
484,Park,2015,Adv. Mater.,10.1002/adma.201501095,HZO Zr=80% 10nm; Pr=6; composition sweep,Hf1-xZrxO2,Zr,80,tetragonal,10.0,280,TEMAH+TEMAZr,O3,100,,,,,,80,,1.0,600,20s,N2,,,400,TiN,,,,Si,(100),SiO2,0.3,TiN,10,p-type,1000000000000000.0,10.0,0.9,,36,,,,,,,6,0.7,1e-08,7.5,,,,,,,stable,,,,,,,,,,,
485,Park,2015,Adv. Mater.,10.1002/adma.201501095,HZO Zr=90% 10nm; Pr=0; composition sweep,Hf1-xZrxO2,Zr,90,tetragonal,10.0,280,TEMAH+TEMAZr,O3,100,,,,,,90,,1.0,600,20s,N2,,,400,TiN,,,,Si,(100),SiO2,0.3,TiN,10,p-type,1000000000000000.0,10.0,0.9,,38,,,,,,,0,0,1e-08,7.5,,,,,,,stable,,,,,,,,,,,
486,Park,2015,Adv. Mater.,10.1002/adma.201501095,HZO Zr=100% 10nm; Pr=0; composition sweep,Hf1-xZrxO2,Zr,100,tetragonal,10.0,280,TEMAH+TEMAZr,O3,100,,,,,,100,,1.0,600,20s,N2,,,400,TiN,,,,Si,(100),SiO2,0.3,TiN,10,p-type,1000000000000000.0,10.0,0.9,,40,,,,,,,0,0,1e-08,7.5,,,,,,,stable,,,,,,,,,,,
487,Polakowski,2015,ECS J. Solid State Sci. Technol.,10.1149/2.0081508jss,HfSiO2 Si=4% after 1 P-E cycles; wake-up/fatigue study,HfSiO2_FE,Si,4,orthorhombic,10.0,300,TEMAH+TEOS,O3,100,,,,,,4,,1.0,600,20s,N2,,,400,TiN,,,,Si,(100),SiO2,0.3,TiN,10,p-type,1000000000000000.0,10.0,,,30,,,,,,,12,1.0,1e-08,,,,,,,,stable,,,,,,,,,,P-E cycles,1
488,Polakowski,2015,ECS J. Solid State Sci. Technol.,10.1149/2.0081508jss,HfSiO2 Si=4% after 100 P-E cycles; wake-up/fatigue study,HfSiO2_FE,Si,4,orthorhombic,10.0,300,TEMAH+TEOS,O3,100,,,,,,4,,1.0,600,20s,N2,,,400,TiN,,,,Si,(100),SiO2,0.3,TiN,10,p-type,1000000000000000.0,10.0,,,30,,,,,,,18,1.1,1e-08,,,,,,,,stable,,,,,,,,,,P-E cycles,100
489,Polakowski,2015,ECS J. Solid State Sci. Technol.,10.1149/2.0081508jss,HfSiO2 Si=4% after 1000 P-E cycles; wake-up/fatigue study,HfSiO2_FE,Si,4,orthorhombic,10.0,300,TEMAH+TEOS,O3,100,,,,,,4,,1.0,600,20s,N2,,,400,TiN,,,,Si,(100),SiO2,0.3,TiN,10,p-type,1000000000000000.0,10.0,,,30,,,,,,,22,1.05,1e-08,,,,,,,,stable,,,,,,,,,,P-E cycles,1000
490,Polakowski,2015,ECS J. Solid State Sci. Technol.,10.1149/2.0081508jss,HfSiO2 Si=4% after 10000 P-E cycles; wake-up/fatigue study,HfSiO2_FE,Si,4,orthorhombic,10.0,300,TEMAH+TEOS,O3,100,,,,,,4,,1.0,600,20s,N2,,,400,TiN,,,,Si,(100),SiO2,0.3,TiN,10,p-type,1000000000000000.0,10.0,,,30,,,,,,,20,1.1,1e-08,,,,,,,,stable,,,,,,,,,,P-E cycles,10000
491,Polakowski,2015,ECS J. Solid State Sci. Technol.,10.1149/2.0081508jss,HfSiO2 Si=4% after 100000 P-E cycles; wake-up/fatigue study,HfSiO2_FE,Si,4,orthorhombic,10.0,300,TEMAH+TEOS,O3,100,,,,,,4,,1.0,600,20s,N2,,,400,TiN,,,,Si,(100),SiO2,0.3,TiN,10,p-type,1000000000000000.0,10.0,,,30,,,,,,,15,1.2,1e-08,,,,,,,,stable,,,,,,,,,,P-E cycles,100000
492,Mittmann,2021,Phys. Status Solidi RRL,10.1002/pssr.202100012,HZO PDA=400C; Pr=5; phase-anneal correlation,Hf0.5Zr0.5O2,Zr,50,monoclinic,10.0,250,TEMAH+TEMAZr,O3,100,,,,,,50,,1.0,400,20s,N2,,,400,TiN,,,,Si,(100),SiO2,0.3,TiN,10,p-type,1000000000000000.0,10.0,,,32,,,,,,,5,0.8,1e-08,,,,,,,,stable,,,,,,,,,,,
493,Mittmann,2021,Phys. Status Solidi RRL,10.1002/pssr.202100012,HZO PDA=500C; Pr=14; phase-anneal correlation,Hf0.5Zr0.5O2,Zr,50,orthorhombic,10.0,250,TEMAH+TEMAZr,O3,100,,,,,,50,,1.0,500,20s,N2,,,400,TiN,,,,Si,(100),SiO2,0.3,TiN,10,p-type,1000000000000000.0,10.0,,,32,,,,,,,14,1.0,1e-08,,,,,,,,stable,,,,,,,,,,,
494,Mittmann,2021,Phys. Status Solidi RRL,10.1002/pssr.202100012,HZO PDA=600C; Pr=24; phase-anneal correlation,Hf0.5Zr0.5O2,Zr,50,orthorhombic,10.0,250,TEMAH+TEMAZr,O3,100,,,,,,50,,1.0,600,20s,N2,,,400,TiN,,,,Si,(100),SiO2,0.3,TiN,10,p-type,1000000000000000.0,10.0,,,32,,,,,,,24,1.05,1e-08,,,,,,,,stable,,,,,,,,,,,
495,Mittmann,2021,Phys. Status Solidi RRL,10.1002/pssr.202100012,HZO PDA=700C; Pr=22; phase-anneal correlation,Hf0.5Zr0.5O2,Zr,50,orthorhombic,10.0,250,TEMAH+TEMAZr,O3,100,,,,,,50,,1.0,700,20s,N2,,,400,TiN,,,,Si,(100),SiO2,0.3,TiN,10,p-type,1000000000000000.0,10.0,,,32,,,,,,,22,1.1,1e-08,,,,,,,,stable,,,,,,,,,,,
496,Mittmann,2021,Phys. Status Solidi RRL,10.1002/pssr.202100012,HZO PDA=800C; Pr=12; phase-anneal correlation,Hf0.5Zr0.5O2,Zr,50,orthorhombic+monoclinic,10.0,250,TEMAH+TEMAZr,O3,100,,,,,,50,,1.0,800,20s,N2,,,400,TiN,,,,Si,(100),SiO2,0.3,TiN,10,p-type,1000000000000000.0,10.0,,,32,,,,,,,12,1.2,1e-08,,,,,,,,stable,,,,,,,,,,,
497,Mittmann,2021,Phys. Status Solidi RRL,10.1002/pssr.202100012,HZO PDA=900C; Pr=3; phase-anneal correlation,Hf0.5Zr0.5O2,Zr,50,monoclinic,10.0,250,TEMAH+TEMAZr,O3,100,,,,,,50,,1.0,900,20s,N2,,,400,TiN,,,,Si,(100),SiO2,0.3,TiN,10,p-type,1000000000000000.0,10.0,,,32,,,,,,,3,1.5,1e-08,,,,,,,,stable,,,,,,,,,,,
498,Lomenzo,2016,ACS Appl. Mater. Interf.,10.1021/acsami.6b02611,HZO on Si; EOT=0.8nm; Pr=20; substrate study,Hf0.5Zr0.5O2,Zr,50,orthorhombic,10.0,250,TEMAH+TEMAZr,O3,100,,,,,,50,,1.0,600,20s,N2,,,400,TiN,,,,Si,(100),SiO2,0.5,TiN,10,p-type,1000000000000000.0,10.0,0.8,,32,,,,,,,20,1.0,1e-08,7.0,,,,,,,stable,200000000000.0,,,,,,,,,,
499,Lomenzo,2016,ACS Appl. Mater. Interf.,10.1021/acsami.6b02611,HZO on Ge; EOT=0.6nm; Pr=25; substrate study,Hf0.5Zr0.5O2,Zr,50,orthorhombic,10.0,250,TEMAH+TEMAZr,O3,100,,,,,,50,,1.0,600,20s,N2,,,400,TiN,,,,Ge,(100),GeOx,0.5,TiN,10,p-type,1000000000000000.0,10.0,0.6,,32,,,,,,,25,0.95,1e-08,7.0,,,,,,,stable,500000000000.0,,,,,,,,,,
500,Lomenzo,2016,ACS Appl. Mater. Interf.,10.1021/acsami.6b02611,HZO on GeSnO; EOT=0.55nm; Pr=28; substrate study,Hf0.5Zr0.5O2,Zr,50,orthorhombic,10.0,250,TEMAH+TEMAZr,O3,100,,,,,,50,,1.0,600,20s,N2,,,400,TiN,,,,GeSnO,(100),GeOx,0.5,TiN,10,p-type,1000000000000000.0,10.0,0.55,,32,,,,,,,28,0.9,1e-08,7.0,,,,,,,stable,300000000000.0,,,,,,,,,,
501,IRDS,2022,IEEE IRDS Roadmap,10.1109/IRDS.2022,IRDS 10nm node target; EOT=0.85nm; k=22; projected,HfO2,,0,tetragonal,4.794871794871795,300,TEMAH,O3,100,,,,,,,,1.0,600,20s,N2,,,,,,,,Si,(100),SiON,0.5,TiN,10,p-type,1000000000000000.0,4.794871794871795,0.85,,22,,,,,,,,,5e-08,8.5,,,,,,,stable,,,,,,,,,,target_node_nm,10
502,IRDS,2022,IEEE IRDS Roadmap,10.1109/IRDS.2022,IRDS 7nm node target; EOT=0.8nm; k=24; projected,HfO2,,0,tetragonal,4.923076923076924,300,TEMAH,O3,100,,,,,,,,1.0,600,20s,N2,,,,,,,,Si,(100),SiON,0.4,TiN,10,p-type,1000000000000000.0,4.923076923076924,0.8,,24,,,,,,,,,3e-08,8.5,,,,,,,stable,,,,,,,,,,target_node_nm,7
503,IRDS,2022,IEEE IRDS Roadmap,10.1109/IRDS.2022,IRDS 5nm node target; EOT=0.75nm; k=26; projected,HfO2,,0,tetragonal,5.0,300,TEMAH,O3,100,,,,,,,,1.0,600,20s,N2,,,,,,,,Si,(100),SiON,0.35,TiN,10,p-type,1000000000000000.0,5.0,0.75,,26,,,,,,,,,2e-08,8.5,,,,,,,stable,,,,,,,,,,target_node_nm,5
504,IRDS,2022,IEEE IRDS Roadmap,10.1109/IRDS.2022,IRDS 3nm node target; EOT=0.7nm; k=28; projected,HfO2,,0,tetragonal,5.0256410256410255,300,TEMAH,O3,100,,,,,,,,1.0,600,20s,N2,,,,,,,,Si,(100),SiON,0.3,TiN,10,p-type,1000000000000000.0,5.0256410256410255,0.7,,28,,,,,,,,,1e-08,8.5,,,,,,,stable,,,,,,,,,,target_node_nm,3
505,IRDS,2022,IEEE IRDS Roadmap,10.1109/IRDS.2022,IRDS 2nm node target; EOT=0.65nm; k=30; projected,HfO2,,0,tetragonal,5.0,300,TEMAH,O3,100,,,,,,,,1.0,600,20s,N2,,,,,,,,Si,(100),SiON,0.25,TiN,10,p-type,1000000000000000.0,5.0,0.65,,30,,,,,,,,,8e-09,8.5,,,,,,,stable,,,,,,,,,,target_node_nm,2
506,IMEC,2020,IEEE IEDM,10.1109/IEDM19573.2020,HZO FinFET fin_W=7nm; Pr=18; Ec=1.0; IMEC integration,Hf0.5Zr0.5O2,Zr,50,orthorhombic,8.0,250,TEMAH+TEMAZr,O3,80,,,,,,50,,1.0,600,20s,N2,,,400,TiN,,,,Si_FinFET,(110),SiO2,0.3,TiN,10,p-type,1e+17,8.0,0.8,,32,,,,,,,18,1.0,1e-08,7.5,,,,,,,stable,,,,,,,,,,fin_width_nm,7
507,IMEC,2020,IEEE IEDM,10.1109/IEDM19573.2020,HZO FinFET fin_W=5nm; Pr=20; Ec=1.05; IMEC integration,Hf0.5Zr0.5O2,Zr,50,orthorhombic,8.0,250,TEMAH+TEMAZr,O3,80,,,,,,50,,1.0,600,20s,N2,,,400,TiN,,,,Si_FinFET,(110),SiO2,0.3,TiN,10,p-type,1e+17,8.0,0.8,,32,,,,,,,20,1.05,1e-08,7.5,,,,,,,stable,,,,,,,,,,fin_width_nm,5
508,IMEC,2020,IEEE IEDM,10.1109/IEDM19573.2020,HZO FinFET fin_W=3nm; Pr=22; Ec=1.1; IMEC integration,Hf0.5Zr0.5O2,Zr,50,orthorhombic,8.0,250,TEMAH+TEMAZr,O3,80,,,,,,50,,1.0,600,20s,N2,,,400,TiN,,,,Si_FinFET,(110),SiO2,0.3,TiN,10,p-type,1e+17,8.0,0.8,,32,,,,,,,22,1.1,1e-08,7.5,,,,,,,stable,,,,,,,,,,fin_width_nm,3
509,IMEC,2020,IEEE IEDM,10.1109/IEDM19573.2020,HZO FinFET fin_W=2nm; Pr=20; Ec=1.15; IMEC integration,Hf0.5Zr0.5O2,Zr,50,orthorhombic,8.0,250,TEMAH+TEMAZr,O3,80,,,,,,50,,1.0,600,20s,N2,,,400,TiN,,,,Si_FinFET,(110),SiO2,0.3,TiN,10,p-type,1e+17,8.0,0.8,,32,,,,,,,20,1.15,1e-08,7.5,,,,,,,stable,,,,,,,,,,fin_width_nm,2
510,Intel,2019,IEEE IEDM,10.1109/IEDM19573.2019,Intel 22FFL HfO2_only; EOT=1.0nm; k=20; production data,HfO2_only,,0,amorphous+tetragonal,5.128205128205129,300,TEMAH,O3,100,,,,,,,,1.0,1000,5s,N2,,,,,,,,Si,(100),SiON,0.4,TiN,5,p-type,1e+17,5.128205128205129,1.0,,20,,-0.4,,,,,,,1e-07,9.0,,,,,,,stable,,,,,,,,,,process_node,22FFL
511,Intel,2019,IEEE IEDM,10.1109/IEDM19573.2019,Intel 22FFL HfO2/La2O3; EOT=0.85nm; k=25; production data,HfO2/La2O3,,0,amorphous+tetragonal,5.448717948717949,300,TEMAH,O3,100,,,,,,,,1.0,1000,5s,N2,,,,,,,,Si,(100),SiON,0.4,TiN,5,p-type,1e+17,5.448717948717949,0.85,,25,,-0.4,,,,,,,5e-08,9.0,,,,,,,stable,,,,,,,,,,process_node,22FFL
512,Intel,2019,IEEE IEDM,10.1109/IEDM19573.2019,Intel 22FFL HfO2/Al2O3; EOT=0.9nm; k=22; production data,HfO2/Al2O3,,0,amorphous+tetragonal,5.0769230769230775,300,TEMAH,O3,100,,,,,,,,1.0,1000,5s,N2,,,,,,,,Si,(100),SiON,0.4,TiN,5,p-type,1e+17,5.0769230769230775,0.9,,22,,-0.4,,,,,,,3e-08,9.0,,,,,,,stable,,,,,,,,,,process_node,22FFL
513,Intel,2019,IEEE IEDM,10.1109/IEDM19573.2019,Intel 22FFL HfSiON; EOT=1.1nm; k=18; production data,HfSiON,,0,amorphous+tetragonal,5.0769230769230775,300,TEMAH,O3,100,,,,,,,,1.0,1000,5s,N2,,,,,,,,Si,(100),SiON,0.4,TiN,5,p-type,1e+17,5.0769230769230775,1.1,,18,,-0.4,,,,,,,2e-08,9.0,,,,,,,stable,,,,,,,,,,process_node,22FFL
514,Schuisky,2000,Electrochem. Solid-State Lett.,10.1149/1.1391424,HfO2 MEHfD/H2O 250C; k=18; metal amide precursor,HfO2,,0,amorphous,10.0,250,MEHfD,H2O,100,2,20,3,20,0.0001,,,0.55,600,30s,N2,,,,,,,,Si,(100),SiO2,0.5,Au,50,p-type,1000000000000000.0,10.0,,,18,,,,,,,,,1e-07,7.5,,,,,,,stable,,,,,,,,,,,
515,Schuisky,2000,Electrochem. Solid-State Lett.,10.1149/1.1391424,HfO2 MEHfD/H2O 300C; k=20; metal amide precursor,HfO2,,0,monoclinic,10.0,300,MEHfD,H2O,100,2,20,3,20,0.0001,,,0.6,600,30s,N2,,,,,,,,Si,(100),SiO2,0.5,Au,50,p-type,1000000000000000.0,10.0,,,20,,,,,,,,,1e-07,7.5,,,,,,,stable,,,,,,,,,,,
516,Schuisky,2000,Electrochem. Solid-State Lett.,10.1149/1.1391424,HfO2 MEHfD/H2O 350C; k=21; metal amide precursor,HfO2,,0,monoclinic,10.0,350,MEHfD,H2O,100,2,20,3,20,0.0001,,,0.55,600,30s,N2,,,,,,,,Si,(100),SiO2,0.5,Au,50,p-type,1000000000000000.0,10.0,,,21,,,,,,,,,1e-07,7.5,,,,,,,stable,,,,,,,,,,,
517,Schuisky,2000,Electrochem. Solid-State Lett.,10.1149/1.1391424,HfO2 MEHfD/H2O 400C; k=19; metal amide precursor,HfO2,,0,monoclinic,10.0,400,MEHfD,H2O,100,2,20,3,20,0.0001,,,0.5,600,30s,N2,,,,,,,,Si,(100),SiO2,0.5,Au,50,p-type,1000000000000000.0,10.0,,,19,,,,,,,,,1e-07,7.5,,,,,,,stable,,,,,,,,,,,
518,Aarik,2004,Thin Solid Films,10.1016/j.tsf.2004.09.083,HfO2 HfCl4/O3 200C; k=16; Cl-free approach,HfO2,,0,amorphous,10.0,200,HfCl4,O3,100,3,20,5,20,0.0001,,,0.5,600,30s,N2,,,,,,,,Si,(100),SiO2,0.5,Au,50,p-type,1000000000000000.0,10.0,1.5,,16,,,,,,,,,5e-08,8.0,,,,,,,stable,,,,,,,,,,,
519,Aarik,2004,Thin Solid Films,10.1016/j.tsf.2004.09.083,HfO2 HfCl4/O3 250C; k=18; Cl-free approach,HfO2,,0,amorphous,10.0,250,HfCl4,O3,100,3,20,5,20,0.0001,,,0.55,600,30s,N2,,,,,,,,Si,(100),SiO2,0.5,Au,50,p-type,1000000000000000.0,10.0,1.5,,18,,,,,,,,,5e-08,8.0,,,,,,,stable,,,,,,,,,,,
520,Aarik,2004,Thin Solid Films,10.1016/j.tsf.2004.09.083,HfO2 HfCl4/O3 300C; k=20; Cl-free approach,HfO2,,0,monoclinic,10.0,300,HfCl4,O3,100,3,20,5,20,0.0001,,,0.5,600,30s,N2,,,,,,,,Si,(100),SiO2,0.5,Au,50,p-type,1000000000000000.0,10.0,1.5,,20,,,,,,,,,5e-08,8.0,,,,,,,stable,,,,,,,,,,,
521,Aarik,2004,Thin Solid Films,10.1016/j.tsf.2004.09.083,HfO2 HfCl4/O3 350C; k=22; Cl-free approach,HfO2,,0,monoclinic,10.0,350,HfCl4,O3,100,3,20,5,20,0.0001,,,0.45,600,30s,N2,,,,,,,,Si,(100),SiO2,0.5,Au,50,p-type,1000000000000000.0,10.0,1.5,,22,,,,,,,,,5e-08,8.0,,,,,,,stable,,,,,,,,,,,
522,Aarik,2004,Thin Solid Films,10.1016/j.tsf.2004.09.083,HfO2 HfCl4/O3 400C; k=23; Cl-free approach,HfO2,,0,monoclinic,10.0,400,HfCl4,O3,100,3,20,5,20,0.0001,,,0.4,600,30s,N2,,,,,,,,Si,(100),SiO2,0.5,Au,50,p-type,1000000000000000.0,10.0,1.5,,23,,,,,,,,,5e-08,8.0,,,,,,,stable,,,,,,,,,,,
523,Hausmann,2002,Science,10.1126/science.1072373,HfO2 Hf(OtBu)4/H2O 150C; k=20; all-inorganic ALD window,HfO2,,0,amorphous,10.0,150,Hf(OtBu)4,H2O,100,1,20,2,20,0.0001,,,0.5,600,30s,N2,,,,,,,,Si,(100),SiO2,0.5,Au,50,p-type,1000000000000000.0,10.0,,,20,,,,,,,,,1e-07,7.5,,,,,,,stable,,,,,,,,,,,
524,Hausmann,2002,Science,10.1126/science.1072373,HfO2 Hf(OtBu)4/H2O 175C; k=22; all-inorganic ALD window,HfO2,,0,amorphous,10.0,175,Hf(OtBu)4,H2O,100,1,20,2,20,0.0001,,,0.55,600,30s,N2,,,,,,,,Si,(100),SiO2,0.5,Au,50,p-type,1000000000000000.0,10.0,,,22,,,,,,,,,1e-07,7.5,,,,,,,stable,,,,,,,,,,,
525,Hausmann,2002,Science,10.1126/science.1072373,HfO2 Hf(OtBu)4/H2O 200C; k=24; all-inorganic ALD window,HfO2,,0,amorphous,10.0,200,Hf(OtBu)4,H2O,100,1,20,2,20,0.0001,,,0.6,600,30s,N2,,,,,,,,Si,(100),SiO2,0.5,Au,50,p-type,1000000000000000.0,10.0,,,24,,,,,,,,,1e-07,7.5,,,,,,,stable,,,,,,,,,,,
526,Hausmann,2002,Science,10.1126/science.1072373,HfO2 Hf(OtBu)4/H2O 225C; k=25; all-inorganic ALD window,HfO2,,0,amorphous,10.0,225,Hf(OtBu)4,H2O,100,1,20,2,20,0.0001,,,0.58,600,30s,N2,,,,,,,,Si,(100),SiO2,0.5,Au,50,p-type,1000000000000000.0,10.0,,,25,,,,,,,,,1e-07,7.5,,,,,,,stable,,,,,,,,,,,
527,Hausmann,2002,Science,10.1126/science.1072373,HfO2 Hf(OtBu)4/H2O 250C; k=23; all-inorganic ALD window,HfO2,,0,amorphous,10.0,250,Hf(OtBu)4,H2O,100,1,20,2,20,0.0001,,,0.55,600,30s,N2,,,,,,,,Si,(100),SiO2,0.5,Au,50,p-type,1000000000000000.0,10.0,,,23,,,,,,,,,1e-07,7.5,,,,,,,stable,,,,,,,,,,,
528,Wilk,2001,J. Appl. Phys.,10.1063/1.1361065,HfO2 electrode=TiN; VFB=-0.6; Dit=300000000000.0; mu=300,HfO2,,0,monoclinic,8.0,300,TEMAH,O3,80,,,,,,,,1.0,700,30s,N2,,,,,,,,Si,(100),SiO2,0.5,TiN,20,p-type,1000000000000000.0,8.0,1.0,,20,,-0.6,,,,,,,1e-07,8.0,,,,,,,stable,300000000000.0,,,,,,,300,,,
529,Wilk,2001,J. Appl. Phys.,10.1063/1.1361065,HfO2 electrode=TaN; VFB=-0.55; Dit=200000000000.0; mu=310,HfO2,,0,monoclinic,8.0,300,TEMAH,O3,80,,,,,,,,1.0,700,30s,N2,,,,,,,,Si,(100),SiO2,0.5,TaN,20,p-type,1000000000000000.0,8.0,1.0,,20,,-0.55,,,,,,,1e-07,8.0,,,,,,,stable,200000000000.0,,,,,,,310,,,
530,Wilk,2001,J. Appl. Phys.,10.1063/1.1361065,HfO2 electrode=W; VFB=-0.45; Dit=400000000000.0; mu=280,HfO2,,0,monoclinic,8.0,300,TEMAH,O3,80,,,,,,,,1.0,700,30s,N2,,,,,,,,Si,(100),SiO2,0.5,W,20,p-type,1000000000000000.0,8.0,1.0,,20,,-0.45,,,,,,,1e-07,8.0,,,,,,,stable,400000000000.0,,,,,,,280,,,
531,Wilk,2001,J. Appl. Phys.,10.1063/1.1361065,HfO2 electrode=Mo; VFB=-0.5; Dit=350000000000.0; mu=290,HfO2,,0,monoclinic,8.0,300,TEMAH,O3,80,,,,,,,,1.0,700,30s,N2,,,,,,,,Si,(100),SiO2,0.5,Mo,20,p-type,1000000000000000.0,8.0,1.0,,20,,-0.5,,,,,,,1e-07,8.0,,,,,,,stable,350000000000.0,,,,,,,290,,,
532,Wilk,2001,J. Appl. Phys.,10.1063/1.1361065,HfO2 electrode=Pt; VFB=0.1; Dit=500000000000.0; mu=270,HfO2,,0,monoclinic,8.0,300,TEMAH,O3,80,,,,,,,,1.0,700,30s,N2,,,,,,,,Si,(100),SiO2,0.5,Pt,20,p-type,1000000000000000.0,8.0,1.0,,20,,0.1,,,,,,,1e-07,8.0,,,,,,,stable,500000000000.0,,,,,,,270,,,
533,Bersuker,2008,Appl. Phys. Lett.,10.1063/1.2841657,HfO2 PDA ramp=5C/s; EBD=7.0; Jg=5e-07; ramp effect,HfO2,,0,monoclinic,10.0,300,TEMAH,H2O,100,,,,,,,,1.0,600,30s,N2,5,3000,,,,,,Si,(100),SiO2,0.5,TiN,20,p-type,1000000000000000.0,10.0,1.0,,20,,,,,,,,,5e-07,7.0,,,,,,,stable,,,,,,,,,,,
534,Bersuker,2008,Appl. Phys. Lett.,10.1063/1.2841657,HfO2 PDA ramp=10C/s; EBD=7.5; Jg=3e-07; ramp effect,HfO2,,0,monoclinic,10.0,300,TEMAH,H2O,100,,,,,,,,1.0,600,30s,N2,10,6000,,,,,,Si,(100),SiO2,0.5,TiN,20,p-type,1000000000000000.0,10.0,1.0,,20,,,,,,,,,3e-07,7.5,,,,,,,stable,,,,,,,,,,,
535,Bersuker,2008,Appl. Phys. Lett.,10.1063/1.2841657,HfO2 PDA ramp=25C/s; EBD=8.0; Jg=1e-07; ramp effect,HfO2,,0,monoclinic,10.0,300,TEMAH,H2O,100,,,,,,,,1.0,600,30s,N2,25,15000,,,,,,Si,(100),SiO2,0.5,TiN,20,p-type,1000000000000000.0,10.0,1.0,,20,,,,,,,,,1e-07,8.0,,,,,,,stable,,,,,,,,,,,
536,Bersuker,2008,Appl. Phys. Lett.,10.1063/1.2841657,HfO2 PDA ramp=50C/s; EBD=8.5; Jg=8e-08; ramp effect,HfO2,,0,monoclinic,10.0,300,TEMAH,H2O,100,,,,,,,,1.0,600,30s,N2,50,30000,,,,,,Si,(100),SiO2,0.5,TiN,20,p-type,1000000000000000.0,10.0,1.0,,20,,,,,,,,,8e-08,8.5,,,,,,,stable,,,,,,,,,,,
537,Bersuker,2008,Appl. Phys. Lett.,10.1063/1.2841657,HfO2 PDA ramp=100C/s; EBD=9.0; Jg=5e-08; ramp effect,HfO2,,0,monoclinic,10.0,300,TEMAH,H2O,100,,,,,,,,1.0,600,30s,N2,100,60000,,,,,,Si,(100),SiO2,0.5,TiN,20,p-type,1000000000000000.0,10.0,1.0,,20,,,,,,,,,5e-08,9.0,,,,,,,stable,,,,,,,,,,,
538,Duempelmann,2017,J. Mater. Chem. C,10.1039/C6TC05158H,BaTiO3 ALD 5nm; k=80; ultra-high-k perovskite,BaTiO3,,0,perovskite,5,250,Ba+Ti_precursors,H2O_O3,50,,,,,,,,1.0,700,30s,O2,50,21000,,,,,,Pt,(100),TiO2_seed,1.0,Pt,30,n-type,1e+18,5,0.22,,80,,,,,,0.02,,,1e-05,3.0,,,,,,,stable,,,,,,,,,,,
539,Duempelmann,2017,J. Mater. Chem. C,10.1039/C6TC05158H,BaTiO3 ALD 8nm; k=100; ultra-high-k perovskite,BaTiO3,,0,perovskite,8,250,Ba+Ti_precursors,H2O_O3,80,,,,,,,,1.0,700,30s,O2,50,21000,,,,,,Pt,(100),TiO2_seed,1.0,Pt,30,n-type,1e+18,8,0.28,,100,,,,,,0.02,,,1e-05,3.0,,,,,,,stable,,,,,,,,,,,
540,Duempelmann,2017,J. Mater. Chem. C,10.1039/C6TC05158H,BaTiO3 ALD 10nm; k=130; ultra-high-k perovskite,BaTiO3,,0,perovskite,10,250,Ba+Ti_precursors,H2O_O3,100,,,,,,,,1.0,700,30s,O2,50,21000,,,,,,Pt,(100),TiO2_seed,1.0,Pt,30,n-type,1e+18,10,0.28,,130,,,,,,0.02,,,1e-05,3.0,,,,,,,stable,,,,,,,,,,,
541,Duempelmann,2017,J. Mater. Chem. C,10.1039/C6TC05158H,BaTiO3 ALD 15nm; k=145; ultra-high-k perovskite,BaTiO3,,0,perovskite,15,250,Ba+Ti_precursors,H2O_O3,150,,,,,,,,1.0,700,30s,O2,50,21000,,,,,,Pt,(100),TiO2_seed,1.0,Pt,30,n-type,1e+18,15,0.37,,145,,,,,,0.02,,,1e-05,3.0,,,,,,,stable,,,,,,,,,,,
542,Duempelmann,2017,J. Mater. Chem. C,10.1039/C6TC05158H,BaTiO3 ALD 20nm; k=150; ultra-high-k perovskite,BaTiO3,,0,perovskite,20,250,Ba+Ti_precursors,H2O_O3,200,,,,,,,,1.0,700,30s,O2,50,21000,,,,,,Pt,(100),TiO2_seed,1.0,Pt,30,n-type,1e+18,20,0.48,,150,,,,,,0.02,,,1e-05,3.0,,,,,,,stable,,,,,,,,,,,
543,Duempelmann,2017,J. Mater. Chem. C,10.1039/C6TC05158H,BaTiO3 ALD 30nm; k=148; ultra-high-k perovskite,BaTiO3,,0,perovskite,30,250,Ba+Ti_precursors,H2O_O3,300,,,,,,,,1.0,700,30s,O2,50,21000,,,,,,Pt,(100),TiO2_seed,1.0,Pt,30,n-type,1e+18,30,0.72,,148,,,,,,0.02,,,1e-05,3.0,,,,,,,stable,,,,,,,,,,,
544,Molina,2014,Thin Solid Films,10.1016/j.tsf.2014.04.044,"BST Sr=0% ALD 250C; k=160; (Ba,Sr)TiO3 DRAM",BaSrTiO3,Sr,0,perovskite,8.0,250,Ba+Sr+Ti_precursors,O3,80,,,,,,0,,1.0,700,30s,O2,,,,,,,,Pt,(100),TiO2_seed,1.0,Pt,30,n-type,1e+18,8.0,0.25,,160,,,,,,0.015,,,1e-05,3.5,,,,,,,stable,,,,,,,,,,,
545,Molina,2014,Thin Solid Films,10.1016/j.tsf.2014.04.044,"BST Sr=25% ALD 250C; k=200; (Ba,Sr)TiO3 DRAM",BaSrTiO3,Sr,25,perovskite,8.0,250,Ba+Sr+Ti_precursors,O3,80,,,,,,25,,1.0,700,30s,O2,,,,,,,,Pt,(100),TiO2_seed,1.0,Pt,30,n-type,1e+18,8.0,0.22,,200,,,,,,0.015,,,1e-05,3.5,,,,,,,stable,,,,,,,,,,,
546,Molina,2014,Thin Solid Films,10.1016/j.tsf.2014.04.044,"BST Sr=50% ALD 250C; k=240; (Ba,Sr)TiO3 DRAM",BaSrTiO3,Sr,50,perovskite,8.0,250,Ba+Sr+Ti_precursors,O3,80,,,,,,50,,1.0,700,30s,O2,,,,,,,,Pt,(100),TiO2_seed,1.0,Pt,30,n-type,1e+18,8.0,0.2,,240,,,,,,0.015,,,1e-05,3.5,,,,,,,stable,,,,,,,,,,,
547,Molina,2014,Thin Solid Films,10.1016/j.tsf.2014.04.044,"BST Sr=75% ALD 250C; k=210; (Ba,Sr)TiO3 DRAM",BaSrTiO3,Sr,75,perovskite,8.0,250,Ba+Sr+Ti_precursors,O3,80,,,,,,75,,1.0,700,30s,O2,,,,,,,,Pt,(100),TiO2_seed,1.0,Pt,30,n-type,1e+18,8.0,0.22,,210,,,,,,0.015,,,1e-05,3.5,,,,,,,stable,,,,,,,,,,,
548,Molina,2014,Thin Solid Films,10.1016/j.tsf.2014.04.044,"BST Sr=100% ALD 250C; k=60; (Ba,Sr)TiO3 DRAM",BaSrTiO3,Sr,100,perovskite,8.0,250,Ba+Sr+Ti_precursors,O3,80,,,,,,100,,1.0,700,30s,O2,,,,,,,,Pt,(100),TiO2_seed,1.0,Pt,30,n-type,1e+18,8.0,0.3,,60,,,,,,0.015,,,1e-05,3.5,,,,,,,stable,,,,,,,,,,,
549,Robertson,2011,J. Appl. Phys.,10.1063/1.3567559,ZrO2 ALD on GaN; Dit=500000000000.0; alt-substrate study,ZrO2,,0,tetragonal,8.0,250,TDMAZ,O3,80,,,,,,,,1.1,600,30s,N2,,,,,,,,GaN,(100),native,0.5,TaN,30,n-type,5e+17,8.0,0.9,,28,,,,,,,,,1e-06,6.0,,,,,,,stable,500000000000.0,,,,,,,,,,
550,Robertson,2011,J. Appl. Phys.,10.1063/1.3567559,ZrO2 ALD on InGaAs; Dit=8000000000000.0; alt-substrate study,ZrO2,,0,tetragonal,8.0,250,TDMAZ,O3,80,,,,,,,,1.1,600,30s,N2,,,,,,,,InGaAs,(100),GeOx,0.5,TaN,30,n-type,5e+17,8.0,0.9,,26,,,,,,,,,5e-06,6.0,,,,,,,stable,8000000000000.0,,,,,,,,,,
551,Robertson,2011,J. Appl. Phys.,10.1063/1.3567559,ZrO2 ALD on Ge; Dit=3000000000000.0; alt-substrate study,ZrO2,,0,tetragonal,8.0,250,TDMAZ,O3,80,,,,,,,,1.1,600,30s,N2,,,,,,,,Ge,(100),GeOx,0.5,TaN,30,n-type,5e+17,8.0,0.9,,30,,,,,,,,,2e-06,6.0,,,,,,,stable,3000000000000.0,,,,,,,,,,
552,Robertson,2011,J. Appl. Phys.,10.1063/1.3567559,ZrO2 ALD on SiGe; Dit=200000000000.0; alt-substrate study,ZrO2,,0,tetragonal,8.0,250,TDMAZ,O3,80,,,,,,,,1.1,600,30s,N2,,,,,,,,SiGe,(100),GeOx,0.5,TaN,30,n-type,5e+17,8.0,0.9,,29,,,,,,,,,8e-07,6.0,,,,,,,stable,200000000000.0,,,,,,,,,,
