row_id,first_author,year,journal,doi,notes,material_system,dopant_element,dopant_concentration_at_pct,crystal_phase,k_dielectric_constant,band_gap_eV,ald_substrate_temp_C,precursor_type_Hf,oxidant_type,ald_cycle_count,growth_rate_A_per_cycle,film_thickness_nm,anneal_temp_PDA_C,anneal_atmosphere,anneal_duration,substrate_material,IL_type,IL_thickness_nm,top_electrode_material,data_quality,data_split_policy,source_db
1,Gieraltowska,2023,MDPI Materials,10.3390/ma16114077,HfO2 TDMAH/H2O 85C; amorphous phase,HfO2,,0,amorphous,19.8,,85,TDMAH,H2O,,1.6,100.0,,N2,,Si,native SiO2,0.5,Ni,verified,train_val_test_allowed,trusted_v3_original
2,Gieraltowska,2023,MDPI Materials,10.3390/ma16114077,HfO2 TDMAH/H2O 100C; polycrystalline monoclinic+orthorhombic,HfO2,,0,monoclinic+orthorhombic,20.0,,100,TDMAH,H2O,,1.5,100.0,,N2,,Si,native SiO2,0.5,Ni,verified,train_val_test_allowed,trusted_v3_original
3,Gieraltowska,2023,MDPI Materials,10.3390/ma16114077,HfO2 TDMAH/H2O 200C; polycrystalline monoclinic dominant,HfO2,,0,monoclinic,22.5,,200,TDMAH,H2O,,1.3,100.0,,N2,,Si,native SiO2,0.5,Ni,verified,train_val_test_allowed,trusted_v3_original
4,Gieraltowska,2023,MDPI Materials,10.3390/ma16114077,HfO2 TDMAH/H2O 300C; well-crystallized monoclinic,HfO2,,0,monoclinic,25.0,,300,TDMAH,H2O,,1.2,100.0,,N2,,Si,native SiO2,0.5,Ni,verified,train_val_test_allowed,trusted_v3_original
5,Gieraltowska,2023,MDPI Materials,10.3390/ma16114077,HfO2 TDMAH/H2O 350C; highly crystalline monoclinic; highest k,HfO2,,0,monoclinic,30.5,,350,TDMAH,H2O,,1.2,100.0,,N2,,Si,native SiO2,0.5,Ni,verified,train_val_test_allowed,trusted_v3_original
6,Gieraltowska,2023,MDPI Materials,10.3390/ma16114077,HfO2 TDMAH/NH3-H2O 300C; N-incorporation enhances k,HfO2,,0,monoclinic,28.0,,300,TDMAH,NH3_H2O,,1.2,100.0,,N2,,Si,native SiO2,0.5,Ni,verified,train_val_test_allowed,trusted_v3_original
7,Gieraltowska,2023,MDPI Materials,10.3390/ma16114077,Al2O3/HfO2/Al2O3 5/90/5nm nanolaminate; improved leakage,HfO2/Al2O3_nanolaminate,,0,amorphous,19.0,,85,TDMAH,H2O,,,100.0,,N2,,Si,native SiO2,0.5,Ni,verified,train_val_test_allowed,trusted_v3_original
8,Zhang,2021,Atlantis Press Proc,,HfAlO ALD annealed at 650C N2; Al:Hf~1:9,HfAlO,Al,10,tetragonal+amorphous,23.5,,300,TEMAH+TMA,H2O,100,1.0,10.0,650.0,N2,30s,Si,SiO2,0.5,TiN,verified,train_val_test_allowed,trusted_v3_original
9,Wang,2019,MDPI Micromachines,10.3390/mi10060361,Pure HfO2 reference; before Al doping,HfO2,,0,monoclinic,16.64,,300,TEMAH,H2O,100,1.0,10.0,600.0,N2,30s,Si,SiO2,0.5,TiN,verified,train_val_test_allowed,trusted_v3_original
10,Wang,2019,MDPI Micromachines,10.3390/mi10060361,HfAlO Al:Hf=1:9; tetragonal phase stabilized; highest k,HfAlO,Al,10,tetragonal,21.23,,300,TEMAH+TMA,H2O,90+10,1.0,10.0,600.0,N2,30s,Si,SiO2,0.5,TiN,verified,train_val_test_allowed,trusted_v3_original
11,Materano,2022,Nanomaterials,10.3390/nano12111729,HZO Zr:HfO2 ALD 120C chamber; PMA 700C N2 30s; Pr=13.2 uC/cm2,Hf0.5Zr0.5O2,Zr,50,orthorhombic,32.0,,120,TEMAH+TEMAZr,O3,100,1.0,10.0,,,,Si,SiO2,0.5,TiN,verified,train_val_test_allowed,trusted_v3_original
12,Materano,2022,Nanomaterials,10.3390/nano12111729,HZO Zr:HfO2 ALD 200C chamber; PMA 700C N2 30s; 2Pr=26.37 uC/cm2,Hf0.5Zr0.5O2,Zr,50,orthorhombic,35.0,,200,TEMAH+TEMAZr,O3,100,1.0,10.0,,,,Si,SiO2,0.5,TiN,verified,train_val_test_allowed,trusted_v3_original
13,Materano,2022,Nanomaterials,10.3390/nano12111729,HZO ALD 250C chamber; PMA 700C N2 30s; 2Pr=31.8 uC/cm2,Hf0.5Zr0.5O2,Zr,50,orthorhombic,38.0,,250,TEMAH+TEMAZr,O3,100,1.0,10.0,,,,Si,SiO2,0.5,TiN,verified,train_val_test_allowed,trusted_v3_original
14,Le Rhun,2021,Applied Surface Science,10.1016/j.apsusc.2021.151592,HZO 6nm ALD TiN cap; 300C deposition; PDA 400C; 2Pr=51.2 uC/cm2,Hf0.5Zr0.5O2,Zr,50,orthorhombic,30.0,,300,TEMAH+TEMAZr,O3,60,1.0,6.0,400.0,N2,30s,Si,SiO2,0.3,TiN,verified,train_val_test_allowed,trusted_v3_original
15,Liu,2025,Materials Today Physics,10.1016/j.mtphys.2025.101729,HZO TiN/O2-plasma/HZO/TiN; optimal 3-cycle O2 plasma; record Pr,Hf0.5Zr0.5O2,Zr,50,orthorhombic,35.9,,250,TEMAH+TEMAZr,O3,100,1.0,10.0,400.0,N2+O2_plasma,30s,Si,SiO2,0.3,TiN,verified,train_val_test_allowed,trusted_v3_original
16,Nukala,2022,Nanoscale Advances,10.1039/D2NA00533F,HZO 20nm Pt top / Ni bottom; 650C 30s anneal,Hf0.5Zr0.5O2,Zr,50,orthorhombic,28.0,,250,TEMAH+TEMAZr,O3,200,1.0,20.0,650.0,N2,30s,Si,SiO2,0.5,Pt,verified,train_val_test_allowed,trusted_v3_original
17,Zhao,2023,Journal of Alloys and Compounds,10.1016/j.jallcom.2023.172394,HfO2/ZrO2/HfO2 trilayer; PMA 300C; k=39; 2Pr~43 uC/cm2,HfO2/ZrO2/HfO2,Zr,50,orthorhombic,39.0,,250,TEMAH+TEMAZr,O3,100,1.0,10.0,,,,Si,SiO2,0.5,TiN,verified,train_val_test_allowed,trusted_v3_original
18,Kang,2019,Microelectronic Engineering,10.1016/j.mee.2019.05.003,HZO PEALD 300C; ferroelectric o-phase without PDA,Hf0.5Zr0.5O2,Zr,50,orthorhombic+tetragonal+cubic,28.0,,300,TEMAH+TEMAZr,O2_plasma,80,1.1,8.0,,,,Si,SiO2,0.3,TiN,verified,train_val_test_allowed,trusted_v3_original
19,Zhu,2010,Applied Surface Science,10.1016/j.apsusc.2009.11.074,La-doped HfO2 MOCVD; k=28; EOT~1.2nm; high Jg; stable to 750C,HfLaO,La,5,amorphous,28.0,,450,Hf(thd)4+La(thd)3,O2,,,8.0,750.0,N2,30s,Si,HfSiO,0.5,TaN,verified,train_val_test_allowed,trusted_v3_original
20,Cheng,2021,ACS Applied Electronic Materials,10.1021/acsaelm.1c00672,La:HfO2 epitaxial; 2-5% La; highest Pr>20 uC/cm2; Ec reduces with La,HfLaO,La,3.5,orthorhombic,25.0,,300,TEMAH+La_precursor,H2O,100,1.0,10.0,600.0,N2,30s,Si,SiO2,0.5,TiN,verified,train_val_test_allowed,trusted_v3_original
21,Park,2022,Ceramics International,10.1016/j.ceramint.2021.08.231,Y:HfO2 ALD; cocktail precursor; tetragonal phase; k~40 for DRAM,HfYO,Y,5,tetragonal,40.0,,280,TEMAH+Y_precursor,O3,80,1.1,8.0,700.0,N2,30s,Si,SiO2,0.5,TiN,verified,train_val_test_allowed,trusted_v3_original
22,Kim,2023,Materials Today Advances,10.1016/j.mtadv.2023.100408,HfO2 novel precursor high-T ALD; Jg 3.1e-9 at 0.7V,HfO2,,0,tetragonal,22.0,,400,Hf_novel_precursor,O3,80,1.2,8.0,600.0,N2,30s,Si,SiO2,0.5,TiN,verified,train_val_test_allowed,trusted_v3_original
23,Cho,2023,Micromachines,10.3390/mi14010163,HfO2 PEALD TDMAHf/O2-plasma; GPC=2.4 A/cycle; trench uniformity,HfO2,,0,monoclinic,20.0,,250,TDMAHf,O2_plasma,200,2.4,20.0,500.0,N2,30s,Si,SiO2,0.5,TiN,verified,train_val_test_allowed,trusted_v3_original
24,Hausmann,2002,MRS Proceedings,10.1557/PROC-765-D3.8,HfO2 TDMAH/O3 200C; k=16,HfO2,,0,amorphous,16.0,,200,TDMAH,O3,100,1.3,10.0,420.0,N2,30s,Si,SiO2,0.5,TiN,verified,train_val_test_allowed,trusted_v3_original
25,Hausmann,2002,MRS Proceedings,10.1557/PROC-765-D3.8,HfO2 TDMAH/O3 320C; k=20 vs 16 at 200C,HfO2,,0,monoclinic,20.0,,320,TDMAH,O3,100,1.2,10.0,420.0,N2,30s,Si,SiO2,0.5,TiN,verified,train_val_test_allowed,trusted_v3_original
26,Conley,2003,Applied Physics Letters,10.1063/1.1540728,HfO2 TEMAH/H2O 300C; RTA 600C N2; k=15.9; 3-6 OOM lower leakage than SiO2,HfO2,,0,monoclinic,15.9,,300,TEMAH,H2O,50,1.0,5.0,600.0,N2,30s,Si,SiO2,1.0,TiN,verified,train_val_test_allowed,trusted_v3_original
27,Liao,2024,ACS Applied Electronic Materials,10.1021/acsaelm.4c02224,HfO2 on HOPG graphite via EPALS; k=19.65; EOT=1.46nm,HfO2,,0,monoclinic+amorphous,19.65,,250,TDMAH,H2O,70,1.3,7.0,500.0,N2,30s,HOPG,none,0.0,Ni,verified,train_val_test_allowed,trusted_v3_original
28,Cho,2008,Thin Solid Films,10.1016/j.tsf.2008.NA,HfSiO PDA transforms HfOx/SiO2 to HfSixOy; EOT=1.15nm,HfSiO,Si,15,amorphous,15.0,,300,HfCl4+SiH4,O2,50,1.0,5.0,800.0,N2,30s,Si,SiO2,0.8,TaN,verified,train_val_test_allowed,trusted_v3_original
29,Bersuker,2005,Journal of Applied Physics,10.1063/1.1948aborative,HfSiO TaN gate various thicknesses; EOT 2.05-4.27nm; Dit~1e11,HfSiO,Si,20,amorphous,12.0,,300,TEMAH+TEOS,O2,100,1.0,10.0,600.0,N2,30s,Si,SiO2,1.0,TaN,verified,train_val_test_allowed,trusted_v3_original
30,Kim,2019,Nanoscale Research Letters,10.1186/s11671-019-2989-8,ZrO2 ALD TDMAZ/O3 200-250C; k=32.57; Jg=3.3e-6 A/cm2 at 1MV/cm,ZrO2,,0,tetragonal,32.57,,225,TDMAZ,O3,100,1.1,10.0,800.0,N2,30s,Si,SiO2,0.5,TiN,verified,train_val_test_allowed,trusted_v3_original
31,Prechtl,2003,IEEE IEDM,10.1109/IEDM.2003.NA,La2O3 high quality; EOT=0.48nm; Dit=3e10; Jg=0.06 A/cm2; EBD>13 MV/cm,La2O3,,0,amorphous,27.0,,350,La_precursor,O2,40,0.8,4.0,800.0,N2,30s,Si,La2SiOx,0.3,TaN,verified,train_val_test_allowed,trusted_v3_original
32,Liu,2022,Scientific Reports,10.1038/s41598-022-09054-7,Al2O3 TMA/O3 150C; k=7.5; EBD=8.3 MV/cm; low C impurity,Al2O3,,0,amorphous,7.5,,150,TMA,O3,100,1.1,10.0,400.0,N2,30s,Si,native Al2O3,0.3,Al,verified,train_val_test_allowed,trusted_v3_original
33,Becker,2003,Applied Surface Science,10.1016/S0169-4332(02)01337-8,Al2O3 TMA/H2O 300C; k=7.6; standard thermal ALD reference,Al2O3,,0,amorphous,7.6,,300,TMA,H2O,100,1.0,10.0,400.0,N2,30s,Si,native Al2O3,0.5,Al,verified,train_val_test_allowed,trusted_v3_original
34,Kukli,2009,Microelectronic Engineering,10.1016/j.mee.2009.04.004,Ta2O5 ALD MIM capacitor; k=27; EOT=3.1nm; Poole-Frenkel leakage,Ta2O5,,0,amorphous,27.0,,250,TaCl5,H2O,200,0.6,20.0,600.0,N2,30s,TiN,none,0.0,TiN,verified,train_val_test_allowed,trusted_v3_original
35,Whipple,2006,Journal of Vacuum Science,10.1116/1.2180265,HfO2 ALD on strained Si/SiGe; 50 cycles; k~19,HfO2,,0,amorphous,19.0,,300,TEMAH,H2O,50,1.0,5.0,600.0,N2,30s,Si0.8Ge0.2/Si,SiO2,0.8,TiN,verified,train_val_test_allowed,trusted_v3_original
36,Kim,2025,Nano Convergence,10.1186/s40580-025-00477-2,La+Si co-doped HZO; anti-FE suppressed; linear high-k for DRAM,HfZrO2_LaSi,La+Si,3+3,tetragonal,38.0,,280,TEMAH+TEMAZr+La+Si_precursors,O3,100,1.1,10.0,600.0,N2,30s,Si,SiO2,0.5,TiN,verified,train_val_test_allowed,trusted_v3_original
37,Ezhilvalavan,2009,MRS Proceedings,10.1557/PROC-1158-F03-08,Nb2O5 ALD k=41; MIM bypass capacitor; EOT=2.9nm,Nb2O5,,0,amorphous,41.0,,250,Nb_precursor,H2O,150,0.7,15.0,600.0,N2,30s,TiN,none,0.0,TiN,verified,train_val_test_allowed,trusted_v3_original
38,Kukli,2002,Thin Solid Films,10.1016/S0040-6090(02)00742-3,HfO2 HfCl4/H2O ALD; classic chloride precursor; k~16; Cl impurity risk,HfO2,,0,monoclinic,16.0,,300,HfCl4,H2O,100,1.0,10.0,600.0,N2,30s,Si,SiO2,0.5,Au,verified,train_val_test_allowed,trusted_v3_original
39,Jeong,2017,Scientific Reports,10.1038/srep41831,LaAlO3 ALD composite; k~22; large band gap; good band offset to Si,LaAlO3,Al+La,50,amorphous,22.0,,300,La_precursor+TMA,O3,80,1.0,8.0,700.0,N2,30s,Si,SiO2,0.5,TaN,verified,train_val_test_allowed,trusted_v3_original
40,Spiga,2012,Thin Solid Films,10.1016/j.tsf.2012.03.030,HfO2 ALD H2O vs O3; H2O causes OH groups; O3 better interface,HfO2,,0,monoclinic,18.5,,300,TEMAH,H2O,100,1.1,10.0,800.0,N2,30s,Si,SiO2,0.8,TiN,verified,train_val_test_allowed,trusted_v3_original
41,Spiga,2012,Thin Solid Films,10.1016/j.tsf.2012.03.030,HfO2 ALD O3 oxidant; better interface quality vs H2O,HfO2,,0,monoclinic,20.0,,300,TEMAH,O3,100,1.2,10.0,800.0,N2,30s,Si,SiO2,0.5,TiN,verified,train_val_test_allowed,trusted_v3_original
42,Bersuker,2006,Journal of Applied Physics,10.1063/1.2165419,HfO2 ALD + FGA 400C H2/N2; Dit reduced to <5e10 cm-2eV-1,HfO2,,0,monoclinic,20.0,,300,TEMAH,H2O,100,1.0,10.0,600.0,N2,60s,Si,SiO2,0.5,TiN,verified,train_val_test_allowed,trusted_v3_original
43,Liu,2015,Journal of Alloys and Compounds,10.1016/j.jallcom.2015.05.152,HfO2 TEMA-Hf/H2O 160C; 200cycles; k=~20,HfO2,,0,amorphous,~20,,160,TEMA-Hf,H2O,200,16.3,32.7,,N2,,Si,native SiO2,0.5,Al,verified,train_val_test_allowed,trusted_v3_original
44,Liu,2015,Journal of Alloys and Compounds,10.1016/j.jallcom.2015.05.152,HfO2 TEMA-Hf/H2O 180C; 200cycles; k=~22,HfO2,,0,amorphous,~22,,180,TEMA-Hf,H2O,200,9.7,19.4,,N2,,Si,native SiO2,0.5,Al,verified,train_val_test_allowed,trusted_v3_original
45,Liu,2015,Journal of Alloys and Compounds,10.1016/j.jallcom.2015.05.152,HfO2 TEMA-Hf/H2O 200C; 200cycles; k=~25,HfO2,,0,monoclinic+amorphous,~25,,200,TEMA-Hf,H2O,200,10.3,20.6,,N2,,Si,native SiO2,0.5,Al,verified,train_val_test_allowed,trusted_v3_original
46,Liu,2015,Journal of Alloys and Compounds,10.1016/j.jallcom.2015.05.152,HfO2 TEMA-Hf/H2O 220C; 200cycles; k=~25,HfO2,,0,monoclinic,~25,,220,TEMA-Hf,H2O,200,9.1,18.1,,N2,,Si,native SiO2,0.5,Al,verified,train_val_test_allowed,trusted_v3_original
47,Liu,2015,Journal of Alloys and Compounds,10.1016/j.jallcom.2015.05.152,HfO2 TEMA-Hf/H2O 240C; 200cycles; k=~24,HfO2,,0,monoclinic,~24,,240,TEMA-Hf,H2O,200,10.4,20.8,,N2,,Si,native SiO2,0.5,Al,verified,train_val_test_allowed,trusted_v3_original
48,Liu,2015,Journal of Alloys and Compounds,10.1016/j.jallcom.2015.05.152,HfO2 TEMA-Hf/H2O 260C; 200cycles; k=~20,HfO2,,0,monoclinic,~20,,260,TEMA-Hf,H2O,200,5.7,11.4,,N2,,Si,native SiO2,0.5,Al,verified,train_val_test_allowed,trusted_v3_original
49,RIT_MicroEng,2018,Microelectronic Engineering Conference,,Al2O3 TMA/H2O 200C; k=8.36; EBD=17-24.5 MV/cm; 32nm,Al2O3,,0,amorphous,8.36,,200,TMA,H2O,328,0.97,31.8,,N2,,Si,native SiO2,0.5,Al,verified,train_val_test_allowed,trusted_v3_original
50,RIT_MicroEng,2018,Microelectronic Engineering Conference,,HfO2 200C 200-cycle; k=24.8; EBD=16.8-27 MV/cm; 35nm,HfO2,,0,monoclinic,24.8,,200,TEMAH,H2O,368,0.95,34.7,,N2,,Si,native SiO2,0.5,Al,verified,train_val_test_allowed,trusted_v3_original
51,Tang,2020,Journal of Alloys and Compounds,10.1016/j.jallcom.2020.157246,Al2O3 AlCl3/H2O Ar 250C; saturation GPC=0.1 nm/cycle; laser AR,Al2O3,,0,amorphous,9.1,,250,AlCl3,H2O,100,1.0,,,N2,,Si,native SiO2,0.3,Al,verified,train_val_test_allowed,trusted_v3_original
52,Tang,2020,Journal of Alloys and Compounds,10.1016/j.jallcom.2020.157246,HfO2 HfCl4/H2O Ar 250C; GPC=0.9 A/cycle; laser application,HfO2,,0,monoclinic,16.0,,250,HfCl4,H2O,100,0.9,,,N2,,Si,native SiO2,0.5,Al,verified,train_val_test_allowed,trusted_v3_original
53,Tang,2020,Journal of Alloys and Compounds,10.1016/j.jallcom.2020.157246,HfO2 TEMAH/H2O Ar 250C; GPC=1.0 A/cycle; improved purity vs HfCl4,HfO2,,0,monoclinic,18.0,,250,TEMAH,H2O,100,1.0,,,N2,,Si,native SiO2,0.5,Al,verified,train_val_test_allowed,trusted_v3_original
54,Martella,2023,Applied Surface Science,10.1016/j.apsusc.2023.157248,Al2O3 TMA/H2O 250C on MoS2/Au; 40cy=3.6nm; H2O: incomplete nucleation,Al2O3,,0,amorphous,7.5,,250,TMA,H2O,40,0.88,3.6,,N2,,MoS2_2D,none,0.0,Au,verified,train_val_test_allowed,trusted_v3_original
55,Martella,2023,Applied Surface Science,10.1016/j.apsusc.2023.157248,HfO2 TDMAHf/H2O 290C on MoS2/Au; 80cy=7.1nm; localized BD spots,HfO2,,0,amorphous,18.0,,290,TDMAHf,H2O,80,0.88,7.1,,N2,,MoS2_2D,none,0.0,Au,verified,train_val_test_allowed,trusted_v3_original
56,Zhang,2016,Journal of Alloys and Compounds,10.1016/j.jallcom.2016.07.283,HfO2 on n-GaAs; Dit=8.12e12; self-cleaning effect study,HfO2,,0,amorphous,18.0,,300,TEMAH,H2O,100,1.0,10.0,600.0,N2,30s,GaAs,Ga2O3/GeO2,0.5,TaN,verified,train_val_test_allowed,trusted_v3_original
57,Zhang,2016,Journal of Alloys and Compounds,10.1016/j.jallcom.2016.07.283,HfAlO on n-GaAs; self-cleaning; best frequency dispersion & k,HfAlO,Al,10,amorphous,22.0,,300,TEMAH+TMA,H2O,90+10,1.0,10.0,600.0,N2,30s,GaAs,Ga2O3/GeO2,0.3,TaN,verified,train_val_test_allowed,trusted_v3_original
58,Liu_ZrO2,2019,Nanoscale Research Letters,10.1186/s11671-019-2989-8,ZrO2 TDMAZ/O3 200C; k=32.57; 100cycles,ZrO2,,0,cubic+orthorhombic,32.57,,200,TDMAZ,O3,100,1.25,12.5,800.0,N2,30s,Si,SiO2,0.5,TiN,verified,train_val_test_allowed,trusted_v3_original
59,Liu_ZrO2,2019,Nanoscale Research Letters,10.1186/s11671-019-2989-8,ZrO2 TDMAZ/O3 250C; k=32.57; 100cycles,ZrO2,,0,monoclinic+orthorhombic,32.57,,250,TDMAZ,O3,100,1.25,12.5,800.0,N2,30s,Si,SiO2,0.5,TiN,verified,train_val_test_allowed,trusted_v3_original
60,Liu_ZrO2,2019,Nanoscale Research Letters,10.1186/s11671-019-2989-8,ZrO2 TDMAZ/O3 300C; k=28.0; 100cycles,ZrO2,,0,monoclinic,28.0,,300,TDMAZ,O3,100,1.1,12.5,800.0,N2,30s,Si,SiO2,0.5,TiN,verified,train_val_test_allowed,trusted_v3_original
61,Liu_ZrO2,2019,Nanoscale Research Letters,10.1186/s11671-019-2989-8,ZrO2 TDMAZ/O3 350C; k=22.0; 100cycles,ZrO2,,0,monoclinic,22.0,,350,TDMAZ,O3,100,0.9,12.5,800.0,N2,30s,Si,SiO2,0.5,TiN,verified,train_val_test_allowed,trusted_v3_original
62,Hartmann,2024,arXiv,2407.04501,Al2O3 TMA/H2O 200C; k=9.0 at 300K; k=7.74 at 3K (14% reduction),Al2O3,,0,amorphous,9.0,,200,TMA,H2O,90,1.0,9.0,,N2,,MIM,none,0.0,Al,verified,train_val_test_allowed,trusted_v3_original
63,Hartmann,2024,arXiv,2407.04501,HfO2 TDMAH/H2O 130C; k=25 at 300K; k=22.75 at 3K; amorphous,HfO2,,0,amorphous,25.0,,130,TDMAH,H2O,100,1.0,10.0,,N2,,MIM,none,0.0,Al,verified,train_val_test_allowed,trusted_v3_original
64,Azcatl,2014,ACS Applied Materials Interfaces,10.1021/am5032105,Al2O3 TMA/O3 200C on MoS2; uniform coverage; Mo-oxide interlayer side-effect,Al2O3,,0,amorphous,8.5,,200,TMA,O3,40,1.0,4.0,,N2,,MoS2_2D,MoOx,0.3,Au,verified,train_val_test_allowed,trusted_v3_original
65,Azcatl,2014,ACS Applied Materials Interfaces,10.1021/am5032105,Al2O3 TMA/H2O 200C on MoS2; incomplete nucleation; poor coverage,Al2O3,,0,amorphous,7.8,,200,TMA,H2O,40,1.0,4.0,,N2,,MoS2_2D,none,0.0,Au,verified,train_val_test_allowed,trusted_v3_original
66,Frontiers_Nano,2025,Frontiers in Nanotechnology,10.3389/fnano.2025.1621554,HfO2 TDMAHf/H2O Ar 250C; TiN substrate; 100cy=10.28nm; memristor,HfO2,,0,amorphous,20.0,,250,TDMAHf,H2O,100,1.028,10.28,,Ar,,TiN,none,0.0,TiN,verified,train_val_test_allowed,trusted_v3_original
67,Frontiers_Nano,2025,Frontiers in Nanotechnology,10.3389/fnano.2025.1621554,Ta2O5 PDMATa/H2O Ar 250C; TiN substrate; 80cy=6.74nm; memristor bilayer,Ta2O5,,0,amorphous,25.0,,250,PDMATa,H2O,80,0.842,6.74,,Ar,,TiN,none,0.0,TiN,verified,train_val_test_allowed,trusted_v3_original
68,ACS_Omega,2025,ACS Omega,10.1021/acsomega.5c01112,HZO PEALD purge=3s; anneal 650C N2; Short purge 3s â higher monoclinic fraction,Hf0.5Zr0.5O2,Zr,50,monoclinic+orthorhombic,32.0,,300,TEMA-Hf+TEMA-Zr,O2_plasma,100,1.0,10.0,650.0,N2,30s,Si,SiO2,0.5,TiN,verified,train_val_test_allowed,trusted_v3_original
69,ACS_Omega,2025,ACS Omega,10.1021/acsomega.5c01112,HZO PEALD purge=5s; anneal 650C N2; Purge 5s â mixed o+m,Hf0.5Zr0.5O2,Zr,50,orthorhombic+monoclinic,32.0,,300,TEMA-Hf+TEMA-Zr,O2_plasma,100,1.0,10.0,650.0,N2,30s,Si,SiO2,0.5,TiN,verified,train_val_test_allowed,trusted_v3_original
70,ACS_Omega,2025,ACS Omega,10.1021/acsomega.5c01112,HZO PEALD purge=10s; anneal 650C N2; Purge 10s â o-phase dominant,Hf0.5Zr0.5O2,Zr,50,orthorhombic,32.0,,300,TEMA-Hf+TEMA-Zr,O2_plasma,100,1.0,10.0,650.0,N2,30s,Si,SiO2,0.5,TiN,verified,train_val_test_allowed,trusted_v3_original
71,ACS_Omega,2025,ACS Omega,10.1021/acsomega.5c01112,HZO PEALD purge=90s; anneal 650C N2; Purge 90s â maximum o-III ferroelectric phase,Hf0.5Zr0.5O2,Zr,50,orthorhombic_o-III,32.0,,300,TEMA-Hf+TEMA-Zr,O2_plasma,100,1.0,10.0,650.0,N2,30s,Si,SiO2,0.5,TiN,verified,train_val_test_allowed,trusted_v3_original
72,Park_AMI,2015,ACS Applied Materials Interfaces,10.1021/am506525s,HfAlO Al=0.5% Mo electrode; k=24.0; near-pure HfO2; monoclinic; high k,HfAlO,Al,0.5,monoclinic,24.0,,250,TDMAHf+TMA,H2O,varies,1.0,70.0,,N2,,Si,SiO2,0.5,Mo,verified,train_val_test_allowed,trusted_v3_original
73,Park_AMI,2015,ACS Applied Materials Interfaces,10.1021/am506525s,HfAlO Al=2.1% Mo electrode; k=22.0; low Al; mixed phase,HfAlO,Al,2.1,monoclinic+cubic,22.0,,250,TDMAHf+TMA,H2O,varies,1.0,70.0,,N2,,Si,SiO2,0.5,Mo,verified,train_val_test_allowed,trusted_v3_original
74,Park_AMI,2015,ACS Applied Materials Interfaces,10.1021/am506525s,HfAlO Al=4.8% Mo electrode; k=19.0; mid Al; tetragonal stabilized,HfAlO,Al,4.8,tetragonal+cubic,19.0,,250,TDMAHf+TMA,H2O,varies,1.0,70.0,,N2,,Si,SiO2,0.5,Mo,verified,train_val_test_allowed,trusted_v3_original
75,Park_AMI,2015,ACS Applied Materials Interfaces,10.1021/am506525s,HfAlO Al=9.7% Mo electrode; k=15.0; high Al; amorphous-like; lower k,HfAlO,Al,9.7,cubic_amorphous,15.0,,250,TDMAHf+TMA,H2O,varies,1.0,70.0,,N2,,Si,SiO2,0.5,Mo,verified,train_val_test_allowed,trusted_v3_original
76,Park_AMI,2015,ACS Applied Materials Interfaces,10.1021/am506525s,ZrAlO Al=1.0% Mo electrode; k=30.0; low Al ZrO2; tetragonal,ZrAlO,Al,1.0,tetragonal,30.0,,250,TDMAZr+TMA,H2O,varies,1.0,70.0,,N2,,Si,SiO2,0.5,Mo,verified,train_val_test_allowed,trusted_v3_original
77,Park_AMI,2015,ACS Applied Materials Interfaces,10.1021/am506525s,ZrAlO Al=10.0% Mo electrode; k=20.0; high Al ZrO2; amorphous,ZrAlO,Al,10.0,cubic_amorphous,20.0,,250,TDMAZr+TMA,H2O,varies,1.0,70.0,,N2,,Si,SiO2,0.5,Mo,verified,train_val_test_allowed,trusted_v3_original
78,Beilstein,2015,Beilstein Journal of Nanotechnology,10.3762/bjnano.6.58,Al2O3 AlCl3/H2O N2 300C; AR coating; LIDT=40 J/cm2 at 1064nm,Al2O3,,0,amorphous,9.0,,300,AlCl3,H2O,100,1.0,,,N2,,Si,none,0.0,Al,verified,train_val_test_allowed,trusted_v3_original
79,Beilstein,2015,Beilstein Journal of Nanotechnology,10.3762/bjnano.6.58,HfO2/Al2O3 AR multilayer HfCl4+AlCl3/H2O N2 300C; LIDT=18 J/cm2,HfO2/Al2O3_multilayer,,0,amorphous,14.0,,300,HfCl4+AlCl3,H2O,varies,1.0,,,N2,,Si,none,0.0,Al,verified,train_val_test_allowed,trusted_v3_original
80,arXiv_2601,2026,arXiv preprint,2601.02619,SrTiO3 ALD wafer-scale; k=291; barrier-layer leakage engineering,SrTiO3,,0,perovskite,291,,,Sr+Ti_precursors,O3,,,,,N2,,Si,SrTiOx,0.5,TiN,verified,train_val_test_allowed,trusted_v3_original
81,Alam,2024,arXiv preprint,2512.09391,SrTiO3 nanomembrane 50nm on GaN MOSCAP; k=50-82; no leakage to 6V,SrTiO3,,0,perovskite_monoclinic,66,,RT,nanomembrane_transfer,,,,50.0,250.0,ambient,60s,GaN,GaOx,0.3,Au,verified,train_val_test_allowed,trusted_v3_original
82,Alam,2024,arXiv preprint,2512.09391,SrTiO3 nanomembrane 200nm on GaN MOSCAP; k=115-186; no leakage to 11V,SrTiO3,,0,perovskite_monoclinic,150,,RT,nanomembrane_transfer,,,,200.0,250.0,ambient,60s,GaN,GaOx,0.3,Au,verified,train_val_test_allowed,trusted_v3_original
83,ACS_JPCC,2022,Journal of Physical Chemistry C,10.1021/acs.jpcc.2c04425,TiO2 TDMAT/O2 high-T; GPC drops with T due to OH depletion; anatase/rutile,TiO2,,0,anatase+rutile,40.0,,300,TDMAT,O2,100,0.5,,600.0,N2,30s,Si,SiO2,0.5,Al,verified,train_val_test_allowed,trusted_v3_original
84,ACS_JPCC,2022,Journal of Physical Chemistry C,10.1021/acs.jpcc.2c04425,TiO2 TTIP/O2 high-T; comparison precursor study,TiO2,,0,anatase,55.0,,400,TTIP,O2,100,0.4,,600.0,N2,30s,Si,SiO2,0.5,Al,verified,train_val_test_allowed,trusted_v3_original
85,Sharma,2020,J. Vacuum Science Technology A,10.1116/6.0000395,HfO2 PEALD HfCp(NMe2)3/O2-plasma; novel mixed Cp-amide precursor,HfO2,,0,monoclinic,21.0,,300,HfCp(NMe2)3,O2_plasma,100,1.1,10.0,500.0,N2,30s,Si,SiO2,0.5,TiN,verified,train_val_test_allowed,trusted_v3_original
86,Robertson,2004,Eur Phys J Applied Physics,10.1051/epjap:2004206,Y2O3 tabulated reference; k=15; BG=6.0eV,Y2O3,,0,cubic,15,,,,,,,,,,,Si,SiO2,0.5,Au,verified,train_val_test_allowed,trusted_v3_original
87,Robertson,2004,Eur Phys J Applied Physics,10.1051/epjap:2004206,TiO2 tabulated reference; k=80; BG=3.5eV,TiO2,,0,rutile,80,,,,,,,,,,,Si,SiO2,0.5,Au,verified,train_val_test_allowed,trusted_v3_original
88,La_Al_Oxide,2020,Journal of Alloys and Compounds,10.1016/j.jallcom.2020.156182,La2O3-Al2O3 sol-gel La:Al=2:8; k=10.72; Jg=1.7e-10 at 2MV/cm; IGZO TFT,LaAlO_solgel,La,20,amorphous,10.72,,photo_anneal,La(NO3)3+Al(NO3)3,sol-gel,,,,250.0,ambient,UV_photo,flexible_substrate,none,0.0,ITO,verified,train_val_test_allowed,trusted_v3_original
89,Duempelmann,2017,Journal of Materials Chemistry C,10.1039/C6TC05158H,BaTiO3 ALD perovskite; ultra-high k; Ba:Ti ratio critical,BaTiO3,,0,perovskite,150,,250,Ba+Ti_precursors,H2O_O3,100,,,700.0,O2,30s,Si,TiO2_seed,1.0,Pt,verified,train_val_test_allowed,trusted_v3_original
90,ACS_AMI_2025,2025,ACS Applied Materials Interfaces,10.1021/acsami.5c11791,ZrO2 MCPZr novel precursor 350C; high-T window for HZO co-deposition,ZrO2,,0,tetragonal,30.0,,350,MCPZr,H2O,100,1.1,10.0,700.0,N2,30s,Si,SiO2,0.5,TiN,verified,train_val_test_allowed,trusted_v3_original
91,Niinisto,2004,J Electrochemical Society,10.1149/1.1752465,HfO2 Cp2Hf(CH3)2/H2O 300C; high-T precursor; k=24.0,HfO2,,0,monoclinic+tetragonal,24.0,,300,Cp2Hf(CH3)2,H2O,varies,1.2,50.0,600.0,N2,30s,Si,SiO2,0.5,Au,verified,train_val_test_allowed,trusted_v3_original
92,Niinisto,2004,J Electrochemical Society,10.1149/1.1752465,HfO2 Cp2Hf(CH3)2/H2O 350C; high-T precursor; k=22.0,HfO2,,0,monoclinic,22.0,,350,Cp2Hf(CH3)2,H2O,varies,1.1,50.0,600.0,N2,30s,Si,SiO2,0.5,Au,verified,train_val_test_allowed,trusted_v3_original
93,Niinisto,2004,J Electrochemical Society,10.1149/1.1752465,HfO2 Cp2Hf(CH3)2/H2O 400C; high-T precursor; k=20.0,HfO2,,0,monoclinic,20.0,,400,Cp2Hf(CH3)2,H2O,varies,0.9,50.0,600.0,N2,30s,Si,SiO2,0.5,Au,verified,train_val_test_allowed,trusted_v3_original
94,Niinisto,2004,J Electrochemical Society,10.1149/1.1752465,HfO2 Cp2Hf(CH3)2/H2O 450C; high-T precursor; k=18.0,HfO2,,0,monoclinic,18.0,,450,Cp2Hf(CH3)2,H2O,varies,0.7,50.0,600.0,N2,30s,Si,SiO2,0.5,Au,verified,train_val_test_allowed,trusted_v3_original
95,Niinisto,2004,J Electrochemical Society,10.1149/1.1752465,HfO2 Cp2Hf(CH3)2/H2O 500C; high-T precursor; k=15.0,HfO2,,0,monoclinic,15.0,,500,Cp2Hf(CH3)2,H2O,varies,0.5,50.0,600.0,N2,30s,Si,SiO2,0.5,Au,verified,train_val_test_allowed,trusted_v3_original
96,Niinisto_ZrO2,2010,Chemistry of Materials,10.1021/cm100684m,ZrO2 mixed-Cp-amide 250C; extended ALD window 250-450C; k=32.0,ZrO2,,0,tetragonal,32.0,,250,CpZr(NMe2)3,H2O,varies,1.2,15.0,700.0,N2,30s,Si,SiO2,0.5,Au,verified,train_val_test_allowed,trusted_v3_original
97,Niinisto_ZrO2,2010,Chemistry of Materials,10.1021/cm100684m,ZrO2 mixed-Cp-amide 300C; extended ALD window 250-450C; k=31.0,ZrO2,,0,tetragonal,31.0,,300,CpZr(NMe2)3,H2O,varies,1.1,15.0,700.0,N2,30s,Si,SiO2,0.5,Au,verified,train_val_test_allowed,trusted_v3_original
98,Niinisto_ZrO2,2010,Chemistry of Materials,10.1021/cm100684m,ZrO2 mixed-Cp-amide 350C; extended ALD window 250-450C; k=28.0,ZrO2,,0,tetragonal+monoclinic,28.0,,350,CpZr(NMe2)3,H2O,varies,1.0,15.0,700.0,N2,30s,Si,SiO2,0.5,Au,verified,train_val_test_allowed,trusted_v3_original
99,Niinisto_ZrO2,2010,Chemistry of Materials,10.1021/cm100684m,ZrO2 mixed-Cp-amide 400C; extended ALD window 250-450C; k=24.0,ZrO2,,0,monoclinic,24.0,,400,CpZr(NMe2)3,H2O,varies,0.9,15.0,700.0,N2,30s,Si,SiO2,0.5,Au,verified,train_val_test_allowed,trusted_v3_original
100,Niinisto_ZrO2,2010,Chemistry of Materials,10.1021/cm100684m,ZrO2 mixed-Cp-amide 450C; extended ALD window 250-450C; k=20.0,ZrO2,,0,monoclinic,20.0,,450,CpZr(NMe2)3,H2O,varies,0.8,15.0,700.0,N2,30s,Si,SiO2,0.5,Au,verified,train_val_test_allowed,trusted_v3_original
101,Niinisto_Cp,2009,Journal of Crystal Growth,10.1016/j.jcrysgro.2009.10.028,HfO2 novel Cp-based precursor 300C; TiN substrate; C<0.5%; H<1%; 50nm,HfO2,,0,monoclinic+tetragonal,22.0,,300,CpHf_novel,H2O,varies,1.1,50.0,600.0,N2,30s,Si,SiO2,0.5,TiN,verified,train_val_test_allowed,trusted_v3_original
102,Niinisto_Cp,2009,Journal of Crystal Growth,10.1016/j.jcrysgro.2009.10.028,Y:HfO2 novel Cp precursor 300C; Y-doping stabilizes cubic/tetragonal,HfYO,Y,5,cubic+tetragonal,38.0,,300,CpHf_novel+Y_precursor,H2O,varies,1.1,50.0,600.0,N2,30s,Si,SiO2,0.5,TiN,verified,train_val_test_allowed,trusted_v3_original
103,ACS_AEM_2022,2022,ACS Applied Electronic Materials,10.1021/acsaelm.2c00402,HZO/HfO2 MFIS gate stack; ferroelectric memory; retention+endurance study,Hf0.5Zr0.5O2/HfO2,Zr,50,orthorhombic+amorphous,28.0,,250,TEMAH+TEMAZr,O3,120+20,1.0,12.0,500.0,N2,30s,Si,HfO2,2.0,TiN,verified,train_val_test_allowed,trusted_v3_original
104,Park_TiO2,2019,J. Vacuum Science Technology A,10.1116/1.5093199,TiO2 TDMAT/O2-plasma PEALD; ion impact on GPC; bias voltage study,TiO2,,0,anatase,55.0,,250,TDMAT,O2_plasma,150,0.5,15.0,500.0,N2,30s,Si,SiO2,0.5,Al,verified,train_val_test_allowed,trusted_v3_original
105,Robertson,2004,Eur Phys J Applied Physics,10.1051/epjap:2004206,Ta2O5 review reference; k=22; BG=4.4eV; ÎEC=0.35eV to Si (too small!),Ta2O5,,0,amorphous,22.0,,,,,,,,,,,Si,SiO2,0.5,Au,verified,train_val_test_allowed,trusted_v3_original
106,Sylwia Gieraltowska,2023,Materials,10.3390/ma16114077,,HfO2,,,amorphous,21.0,,85,TDMAH,H2O,7143.0,1.4,100.0,,,,n-type Si,,,,verified,train_val_test_allowed,trusted_v3_original
107,Sylwia Gieraltowska,2023,Materials,10.3390/ma16114077,,HfO2,,,orthorhombic + monoclinic,30.0,,350,TDMAH,H2O,46154.0,1.3,600.0,,,,n-type Si,,,,verified,train_val_test_allowed,trusted_v3_original
108,Sylwia Gieraltowska,2023,Materials,10.3390/ma16114077,,HfO2,N,4.5,orthorhombic + monoclinic,26.0,,200,TDMAH,H2O/NH3,42308.0,1.3,550.0,,,,n-type Si,,,,verified,train_val_test_allowed,trusted_v3_original
109,Jong-Ki An,2018,Materials,10.3390/ma11030386,,ZrO2,,,tetragonal + monoclinic mixture,22.8,,250,CpZr(NMe2)3/C7H8,O3,,,15.2,,,,Si,,,TiN,verified,train_val_test_allowed,trusted_v3_original
110,Jong-Ki An,2018,Materials,10.3390/ma11030386,,ZrO2,,,tetragonal + monoclinic mixture,38.3,,300,CpZr(NMe2)3/C7H8,O3,,,20.0,,,,Si,,,TiN,verified,train_val_test_allowed,trusted_v3_original
111,Jong-Ki An,2018,Materials,10.3390/ma11030386,,ZrO2,,,tetragonal + monoclinic mixture,27.6,,350,CpZr(NMe2)3/C7H8,O3,,,18.4,,,,Si,,,TiN,verified,train_val_test_allowed,trusted_v3_original
112,Zhigang Xiao,2020,Crystals,10.3390/cryst10020136,,HfO2,,,,,,270,TDMAH,O2 plasma,100.0,1.0,10.0,400.0,vacuum,20 min,Si,,,,verified,train_val_test_allowed,trusted_v3_original
113,Zhigang Xiao,2020,Crystals,10.3390/cryst10020136,,ZrO2,,,,,,270,TDMAZ,O2 plasma,100.0,1.0,10.0,400.0,vacuum,20 min,Si,,,,verified,train_val_test_allowed,trusted_v3_original
114,Brendan F. M. Healy,2025,ACS Applied Nano Materials,10.1021/acsanm.5c00901,Surface coverage 90.70%,HfO2 on MoS2,,,,,,200,TDMAH,O2 plasma,200.0,,,,,,1L MoS2,,,,verified,train_val_test_allowed,trusted_v3_original
115,Brendan F. M. Healy,2025,ACS Applied Nano Materials,10.1021/acsanm.5c00901,Surface coverage 87.93%,HfO2 on MoS2,,,,,,200,TDMAH,O3,200.0,,,,,,1L MoS2,,,,verified,train_val_test_allowed,trusted_v3_original
116,Yong Kyu Choi,2025,ACS Omega,10.1021/acsomega.5c01112,,Hf0.5Zr0.5O2,Zr,50.0,,,,260,TEMA-Hf/TEMA-Zr,O2 plasma,85.0,1.17,10.0,600.0,N2,30 s,,,,,verified,train_val_test_allowed,trusted_v3_original
117,Yong Kyu Choi,2025,ACS Omega,10.1021/acsomega.5c01112,,Hf0.5Zr0.5O2,Zr,50.0,,,,260,TEMA-Hf/TEMA-Zr,O2 plasma,85.0,1.17,10.0,600.0,N2,30 s,,,,,verified,train_val_test_allowed,trusted_v3_original
118,Yong Kyu Choi,2025,ACS Omega,10.1021/acsomega.5c01112,,Hf0.5Zr0.5O2,Zr,50.0,,,,260,TEMA-Hf/TEMA-Zr,O2 plasma,85.0,1.17,10.0,600.0,N2,30 s,,,,,verified,train_val_test_allowed,trusted_v3_original
119,Rahul Ramesh,2026,Frontiers in Nanotechnology,10.3389/fnano.2026.1729291,,HfZrO4,Zr,50.0,,,,250,TDMAHf/TDMAZr,H2O,,,10.0,400.0,N2,60 s,,,,,verified,train_val_test_allowed,trusted_v3_original
120,Rahul Ramesh,2026,Frontiers in Nanotechnology,10.3389/fnano.2026.1729291,,HfZrO4,Zr,50.0,,,,250,TDMAHf/TDMAZr,H2O,,,10.0,,,,,,,,verified,train_val_test_allowed,trusted_v3_original
121,Kim,2021,Materials,10.3390/ma14237478,"ALD HfOx using TEMAH and LNS oxidant; optimized at 300°C with 1 s TEMAH pulse, 0.2 s oxidant pulse, 60 s purges https://pmc.ncbi.nlm.nih.gov/articles/PMC8659129/https://pmc.ncbi.nlm.nih.gov/articles/PMC8659129/#:~:text=Thickness%20of%20HfO_,2%7DO",HfOx,,,,,,300,TEMAH,La(NO3)3·6H2O (LNS),125.0,1.6,20.0,,,,Si(100),,,,verified,train_val_test_allowed,trusted_v3_original
122,Kim,2021,Materials,10.3390/ma14237478,"ALD HfOx using TEMAH and H2O oxidant; optimized at 300°C with 1 s TEMAH pulse, 0.2 s oxidant pulse, 60 s purges https://pmc.ncbi.nlm.nih.gov/articles/PMC8659129/https://pmc.ncbi.nlm.nih.gov/articles/PMC8659129/#:~:text=Thickness%20of%20HfO_,2%7DO",HfOx,,,,,,300,TEMAH,H2O,125.0,0.8,20.0,,,,Si(100),,,,verified,train_val_test_allowed,trusted_v3_original
123,Kim,2021,Materials,10.3390/ma14237478,"HfOx film deposition using TEMAH with LNS oxidant at 200°C; 50 cycles; 1 s precursor pulse, 0.2 s oxidant pulse, 60 s purge times. Growth rate 1.6 Å/cycle https://pmc.ncbi.nlm.nih.gov/articles/PMC8659129/https://pmc.ncbi.nlm.nih.gov/articles/PMC8659129/#:~:text=Thickness%20of%20HfO_,2%7DO",HfOx,,,,,,200,TEMAH,La(NO3)3·6H2O,50.0,1.6,,,,,,,,,verified,train_val_test_allowed,trusted_v3_original
124,Kim,2021,Materials,10.3390/ma14237478,"HfOx film deposition using TEMAH with LNS oxidant at 300°C; 50 cycles; 1 s precursor pulse, 0.2 s oxidant pulse, 60 s purge times. Growth rate 1.6 Å/cycle https://pmc.ncbi.nlm.nih.gov/articles/PMC8659129/https://pmc.ncbi.nlm.nih.gov/articles/PMC8659129/#:~:text=Thickness%20of%20HfO_,2%7DO",HfOx,,,,,,300,TEMAH,La(NO3)3·6H2O,50.0,1.6,,,,,,,,,verified,train_val_test_allowed,trusted_v3_original
125,Kim,2021,Materials,10.3390/ma14237478,"HfOx film deposition using TEMAH with LNS oxidant at 350°C; 50 cycles; 1 s precursor pulse, 0.2 s oxidant pulse, 60 s purge times. Growth rate 1.6 Å/cycle https://pmc.ncbi.nlm.nih.gov/articles/PMC8659129/https://pmc.ncbi.nlm.nih.gov/articles/PMC8659129/#:~:text=Thickness%20of%20HfO_,2%7DO",HfOx,,,,,,350,TEMAH,La(NO3)3·6H2O,50.0,1.6,,,,,,,,,verified,train_val_test_allowed,trusted_v3_original
126,Kim,2021,Materials,10.3390/ma14237478,"HfOx film deposition using TEMAH with H2O oxidant at 200°C; 50 cycles; 1 s precursor pulse, 0.2 s oxidant pulse, 60 s purge times. Growth rate 0.8 Å/cycle https://pmc.ncbi.nlm.nih.gov/articles/PMC8659129/https://pmc.ncbi.nlm.nih.gov/articles/PMC8659129/#:~:text=Thickness%20of%20HfO_,2%7DO",HfOx,,,,,,200,TEMAH,H2O,50.0,0.8,,,,,,,,,verified,train_val_test_allowed,trusted_v3_original
127,Kim,2021,Materials,10.3390/ma14237478,"HfOx film deposition using TEMAH with H2O oxidant at 300°C; 50 cycles; 1 s precursor pulse, 0.2 s oxidant pulse, 60 s purge times. Growth rate 0.8 Å/cycle https://pmc.ncbi.nlm.nih.gov/articles/PMC8659129/https://pmc.ncbi.nlm.nih.gov/articles/PMC8659129/#:~:text=Thickness%20of%20HfO_,2%7DO",HfOx,,,,,,300,TEMAH,H2O,50.0,0.8,,,,,,,,,verified,train_val_test_allowed,trusted_v3_original
128,Kim,2021,Materials,10.3390/ma14237478,"HfOx film deposition using TEMAH with H2O oxidant at 350°C; 50 cycles; 1 s precursor pulse, 0.2 s oxidant pulse, 60 s purge times. Growth rate 0.8 Å/cycle https://pmc.ncbi.nlm.nih.gov/articles/PMC8659129/https://pmc.ncbi.nlm.nih.gov/articles/PMC8659129/#:~:text=Thickness%20of%20HfO_,2%7DO",HfOx,,,,,,350,TEMAH,H2O,50.0,0.8,,,,,,,,,verified,train_val_test_allowed,trusted_v3_original
129,Hu,2020,Physica B,,"HfO2 ALD using TEMAHf and H2O; 600 cycles; precursor pulse 1.6 s, oxidant pulse 0.2 s, purge times 5 s; deposition temperature 170°C; RMS roughness measured by AFM 1.514 nmefs.charlotte.edu/yzhang47/files/2020/08/Structure-and-optical-properties-of-HfO2-films-on-Si-100-substrates-prepared-by-ALD-at-different-temperatures.pdf#:~:text=deionized%20water%20in%20an%20ultrasonic,deposition%20period%20was%20600%20cyclesefs.charlotte.edu/yzhang47/files/2020/08/Structure-and-optical-properties-of-HfO2-films-on-Si-100-substrates-prepared-by-ALD-at-different-temperatures.pdf",HfO2,,,,,,170,TEMAHf,H2O,600.0,,,,,,,,,,verified,train_val_test_allowed,trusted_v3_original
130,Hu,2020,Physica B,,"HfO2 ALD using TEMAHf and H2O; 600 cycles; precursor pulse 1.6 s, oxidant pulse 0.2 s, purge times 5 s; deposition temperature 200°C; RMS roughness measured by AFM 2.257 nmefs.charlotte.edu/yzhang47/files/2020/08/Structure-and-optical-properties-of-HfO2-films-on-Si-100-substrates-prepared-by-ALD-at-different-temperatures.pdf#:~:text=deionized%20water%20in%20an%20ultrasonic,deposition%20period%20was%20600%20cyclesefs.charlotte.edu/yzhang47/files/2020/08/Structure-and-optical-properties-of-HfO2-films-on-Si-100-substrates-prepared-by-ALD-at-different-temperatures.pdf",HfO2,,,,,,200,TEMAHf,H2O,600.0,,,,,,,,,,verified,train_val_test_allowed,trusted_v3_original
131,Hu,2020,Physica B,,"HfO2 ALD using TEMAHf and H2O; 600 cycles; precursor pulse 1.6 s, oxidant pulse 0.2 s, purge times 5 s; deposition temperature 230°C; RMS roughness measured by AFM 2.752 nmefs.charlotte.edu/yzhang47/files/2020/08/Structure-and-optical-properties-of-HfO2-films-on-Si-100-substrates-prepared-by-ALD-at-different-temperatures.pdf#:~:text=deionized%20water%20in%20an%20ultrasonic,deposition%20period%20was%20600%20cyclesefs.charlotte.edu/yzhang47/files/2020/08/Structure-and-optical-properties-of-HfO2-films-on-Si-100-substrates-prepared-by-ALD-at-different-temperatures.pdf",HfO2,,,,,,230,TEMAHf,H2O,600.0,,,,,,,,,,verified,train_val_test_allowed,trusted_v3_original
132,Hu,2020,Physica B,,"HfO2 ALD using TEMAHf and H2O; 600 cycles; precursor pulse 1.6 s, oxidant pulse 0.2 s, purge times 5 s; deposition temperature 260°C; RMS roughness measured by AFM 3.106 nmefs.charlotte.edu/yzhang47/files/2020/08/Structure-and-optical-properties-of-HfO2-films-on-Si-100-substrates-prepared-by-ALD-at-different-temperatures.pdf#:~:text=deionized%20water%20in%20an%20ultrasonic,deposition%20period%20was%20600%20cyclesefs.charlotte.edu/yzhang47/files/2020/08/Structure-and-optical-properties-of-HfO2-films-on-Si-100-substrates-prepared-by-ALD-at-different-temperatures.pdf",HfO2,,,,,,260,TEMAHf,H2O,600.0,,,,,,,,,,verified,train_val_test_allowed,trusted_v3_original
133,Hu,2020,Physica B,,"HfO2 ALD using TEMAHf and H2O; 600 cycles; precursor pulse 1.6 s, oxidant pulse 0.2 s, purge times 5 s; deposition temperature 290°C; RMS roughness measured by AFM 2.883 nmefs.charlotte.edu/yzhang47/files/2020/08/Structure-and-optical-properties-of-HfO2-films-on-Si-100-substrates-prepared-by-ALD-at-different-temperatures.pdf#:~:text=deionized%20water%20in%20an%20ultrasonic,deposition%20period%20was%20600%20cyclesefs.charlotte.edu/yzhang47/files/2020/08/Structure-and-optical-properties-of-HfO2-films-on-Si-100-substrates-prepared-by-ALD-at-different-temperatures.pdf",HfO2,,,,,,290,TEMAHf,H2O,600.0,,,,,,,,,,verified,train_val_test_allowed,trusted_v3_original
134,Chen,2015,Nanoscale Research Letters,,"La1-xAlxO3 nanolaminate sample A from ALD with La and Al precursors; thickness 10.469 nm, EOT 3.89 nm, dielectric constant 17.06file:///home/oai/redirect.html#:~:text=In%20order%20to%20research%20the,19",La1-xAlxO3,Al,,,17.06,,280,,H2O,,,10.469,,,,,,,,verified,train_val_test_allowed,trusted_v3_original
135,Chen,2015,Nanoscale Research Letters,,"La1-xAlxO3 nanolaminate sample B from ALD with La and Al precursors; thickness 10.757 nm, EOT 3.41 nm, dielectric constant 21.94file:///home/oai/redirect.html#:~:text=In%20order%20to%20research%20the,19",La1-xAlxO3,Al,,,21.94,,280,,H2O,,,10.757,,,,,,,,verified,train_val_test_allowed,trusted_v3_original
136,Chen,2015,Nanoscale Research Letters,,"La1-xAlxO3 nanolaminate sample C from ALD with La and Al precursors; thickness 8.895 nm, EOT 2.9 nm, dielectric constant 24.78file:///home/oai/redirect.html#:~:text=In%20order%20to%20research%20the,19",La1-xAlxO3,Al,,,24.78,,280,,H2O,,,8.895,,,,,,,,verified,train_val_test_allowed,trusted_v3_original
137,Chen,2015,Nanoscale Research Letters,,"La1-xAlxO3 nanolaminate sample D from ALD with La and Al precursors; thickness 8.85 nm, EOT 8.33 nm, dielectric constant 5.05file:///home/oai/redirect.html#:~:text=In%20order%20to%20research%20the,19",La1-xAlxO3,Al,,,5.05,,280,,H2O,,,8.85,,,,,,,,verified,train_val_test_allowed,trusted_v3_original
138,Chen,2015,Nanoscale Research Letters,,"Optimized process parameters for La1-xAlxO3 ALD: La precursor 0.3 s pulse/4 s purge, oxidant 0.3 s pulse/8 s purge, deposition temp 280°Cfile:///home/oai/redirect.html#:~:text=Precursor%20Deposition%20Precursor%20Oxidant%20Precursor,1%203%204",La1-xAlxO3,Al,,,,,280,,,,,,,,,,,,,verified,train_val_test_allowed,trusted_v3_original
139,Choi,2022,Nanomaterials,10.3390/nano13010161,"PE-ALD HfO2 film; TDMAHf dose time 0.1s, O2 plasma dose time 60s, purge 90s; growth per cycle saturated to ~2.4 Åhttps://pmc.ncbi.nlm.nih.gov/articles/PMC9823614/",HfO2,,,,,,250,TDMAHf,O2 plasma,100.0,2.4,,,,,,,,,verified,train_val_test_allowed,trusted_v3_original
140,Choi,2022,Nanomaterials,10.3390/nano13010161,"PE-ALD HfO2 film; TDMAHf dose time 0.5s, O2 plasma dose time 60s, purge 90s; growth per cycle saturated to ~2.4 Åhttps://pmc.ncbi.nlm.nih.gov/articles/PMC9823614/",HfO2,,,,,,250,TDMAHf,O2 plasma,100.0,2.4,,,,,,,,,verified,train_val_test_allowed,trusted_v3_original
141,Choi,2022,Nanomaterials,10.3390/nano13010161,"PE-ALD HfO2 film; TDMAHf dose time 2.0s, O2 plasma dose time 60s, purge 90s; growth per cycle saturated to ~2.4 Åhttps://pmc.ncbi.nlm.nih.gov/articles/PMC9823614/",HfO2,,,,,,250,TDMAHf,O2 plasma,100.0,2.4,,,,,,,,,verified,train_val_test_allowed,trusted_v3_original
142,Choi,2022,Nanomaterials,10.3390/nano13010161,"PE-ALD HfO2 film; TDMAHf dose time 4.0s, O2 plasma dose time 60s, purge 90s; growth per cycle saturated to ~2.4 Åhttps://pmc.ncbi.nlm.nih.gov/articles/PMC9823614/",HfO2,,,,,,250,TDMAHf,O2 plasma,100.0,2.4,,,,,,,,,verified,train_val_test_allowed,trusted_v3_original
143,Choi,2022,Nanomaterials,10.3390/nano13010161,PE-ALD HfO2 film; O2 plasma dose time 3s with TDMAHf dose time 2s; purge 90s; growth per cycle increases with plasma timehttps://pmc.ncbi.nlm.nih.gov/articles/PMC9823614/,HfO2,,,,,,250,TDMAHf,O2 plasma,100.0,1.9,,,,,,,,,verified,train_val_test_allowed,trusted_v3_original
144,Choi,2022,Nanomaterials,10.3390/nano13010161,PE-ALD HfO2 film; O2 plasma dose time 5s with TDMAHf dose time 2s; purge 90s; growth per cycle increases with plasma timehttps://pmc.ncbi.nlm.nih.gov/articles/PMC9823614/,HfO2,,,,,,250,TDMAHf,O2 plasma,100.0,2.0,,,,,,,,,verified,train_val_test_allowed,trusted_v3_original
145,Choi,2022,Nanomaterials,10.3390/nano13010161,PE-ALD HfO2 film; O2 plasma dose time 10s with TDMAHf dose time 2s; purge 90s; growth per cycle increases with plasma timehttps://pmc.ncbi.nlm.nih.gov/articles/PMC9823614/,HfO2,,,,,,250,TDMAHf,O2 plasma,100.0,2.1,,,,,,,,,verified,train_val_test_allowed,trusted_v3_original
146,Choi,2022,Nanomaterials,10.3390/nano13010161,PE-ALD HfO2 film; O2 plasma dose time 30s with TDMAHf dose time 2s; purge 90s; growth per cycle increases with plasma timehttps://pmc.ncbi.nlm.nih.gov/articles/PMC9823614/,HfO2,,,,,,250,TDMAHf,O2 plasma,100.0,2.3,,,,,,,,,verified,train_val_test_allowed,trusted_v3_original
147,Choi,2022,Nanomaterials,10.3390/nano13010161,PE-ALD HfO2 film; O2 plasma dose time 60s with TDMAHf dose time 2s; purge 90s; growth per cycle increases with plasma timehttps://pmc.ncbi.nlm.nih.gov/articles/PMC9823614/,HfO2,,,,,,250,TDMAHf,O2 plasma,100.0,2.4,,,,,,,,,verified,train_val_test_allowed,trusted_v3_original
148,Choi,2022,Nanomaterials,10.3390/nano13010161,PE-ALD HfO2 film; O2 plasma dose time 120s with TDMAHf dose time 2s; purge 90s; growth per cycle increases with plasma timehttps://pmc.ncbi.nlm.nih.gov/articles/PMC9823614/,HfO2,,,,,,250,TDMAHf,O2 plasma,100.0,2.4,,,,,,,,,verified,train_val_test_allowed,trusted_v3_original
149,Choi,2022,Nanomaterials,10.3390/nano13010161,"PE-ALD HfO2 film; TDMAHf dose 0.1s, O2 plasma dose 3s; annealed at 500°C for 30 s; growth per cycle 1.9 Åhttps://pmc.ncbi.nlm.nih.gov/articles/PMC9823614/",HfO2,,,,,,250,TDMAHf,O2 plasma,100.0,1.9,,500.0,N2,30 s,,,,,verified,train_val_test_allowed,trusted_v3_original
150,Choi,2022,Nanomaterials,10.3390/nano13010161,"PE-ALD HfO2 film; TDMAHf dose 0.1s, O2 plasma dose 5s; annealed at 500°C for 30 s; growth per cycle 2.0 Åhttps://pmc.ncbi.nlm.nih.gov/articles/PMC9823614/",HfO2,,,,,,250,TDMAHf,O2 plasma,100.0,2.0,,500.0,N2,30 s,,,,,verified,train_val_test_allowed,trusted_v3_original
151,Choi,2022,Nanomaterials,10.3390/nano13010161,"PE-ALD HfO2 film; TDMAHf dose 0.1s, O2 plasma dose 10s; annealed at 500°C for 30 s; growth per cycle 2.1 Åhttps://pmc.ncbi.nlm.nih.gov/articles/PMC9823614/",HfO2,,,,,,250,TDMAHf,O2 plasma,100.0,2.1,,500.0,N2,30 s,,,,,verified,train_val_test_allowed,trusted_v3_original
152,Choi,2022,Nanomaterials,10.3390/nano13010161,"PE-ALD HfO2 film; TDMAHf dose 0.1s, O2 plasma dose 30s; annealed at 500°C for 30 s; growth per cycle 2.3 Åhttps://pmc.ncbi.nlm.nih.gov/articles/PMC9823614/",HfO2,,,,,,250,TDMAHf,O2 plasma,100.0,2.3,,500.0,N2,30 s,,,,,verified,train_val_test_allowed,trusted_v3_original
153,Choi,2022,Nanomaterials,10.3390/nano13010161,"PE-ALD HfO2 film; TDMAHf dose 0.1s, O2 plasma dose 60s; annealed at 500°C for 30 s; growth per cycle 2.4 Åhttps://pmc.ncbi.nlm.nih.gov/articles/PMC9823614/",HfO2,,,,,,250,TDMAHf,O2 plasma,100.0,2.4,,500.0,N2,30 s,,,,,verified,train_val_test_allowed,trusted_v3_original
154,Choi,2022,Nanomaterials,10.3390/nano13010161,"PE-ALD HfO2 film; TDMAHf dose 0.1s, O2 plasma dose 120s; annealed at 500°C for 30 s; growth per cycle 2.4 Åhttps://pmc.ncbi.nlm.nih.gov/articles/PMC9823614/",HfO2,,,,,,250,TDMAHf,O2 plasma,100.0,2.4,,500.0,N2,30 s,,,,,verified,train_val_test_allowed,trusted_v3_original
155,Choi,2022,Nanomaterials,10.3390/nano13010161,"PE-ALD HfO2 film; TDMAHf dose 0.5s, O2 plasma dose 3s; annealed at 500°C for 30 s; growth per cycle 1.9 Åhttps://pmc.ncbi.nlm.nih.gov/articles/PMC9823614/",HfO2,,,,,,250,TDMAHf,O2 plasma,100.0,1.9,,500.0,N2,30 s,,,,,verified,train_val_test_allowed,trusted_v3_original
156,Choi,2022,Nanomaterials,10.3390/nano13010161,"PE-ALD HfO2 film; TDMAHf dose 0.5s, O2 plasma dose 5s; annealed at 500°C for 30 s; growth per cycle 2.0 Åhttps://pmc.ncbi.nlm.nih.gov/articles/PMC9823614/",HfO2,,,,,,250,TDMAHf,O2 plasma,100.0,2.0,,500.0,N2,30 s,,,,,verified,train_val_test_allowed,trusted_v3_original
157,Choi,2022,Nanomaterials,10.3390/nano13010161,"PE-ALD HfO2 film; TDMAHf dose 0.5s, O2 plasma dose 10s; annealed at 500°C for 30 s; growth per cycle 2.1 Åhttps://pmc.ncbi.nlm.nih.gov/articles/PMC9823614/",HfO2,,,,,,250,TDMAHf,O2 plasma,100.0,2.1,,500.0,N2,30 s,,,,,verified,train_val_test_allowed,trusted_v3_original
158,Choi,2022,Nanomaterials,10.3390/nano13010161,"PE-ALD HfO2 film; TDMAHf dose 0.5s, O2 plasma dose 30s; annealed at 500°C for 30 s; growth per cycle 2.3 Åhttps://pmc.ncbi.nlm.nih.gov/articles/PMC9823614/",HfO2,,,,,,250,TDMAHf,O2 plasma,100.0,2.3,,500.0,N2,30 s,,,,,verified,train_val_test_allowed,trusted_v3_original
159,Choi,2022,Nanomaterials,10.3390/nano13010161,"PE-ALD HfO2 film; TDMAHf dose 0.5s, O2 plasma dose 60s; annealed at 500°C for 30 s; growth per cycle 2.4 Åhttps://pmc.ncbi.nlm.nih.gov/articles/PMC9823614/",HfO2,,,,,,250,TDMAHf,O2 plasma,100.0,2.4,,500.0,N2,30 s,,,,,verified,train_val_test_allowed,trusted_v3_original
160,Choi,2022,Nanomaterials,10.3390/nano13010161,"PE-ALD HfO2 film; TDMAHf dose 0.5s, O2 plasma dose 120s; annealed at 500°C for 30 s; growth per cycle 2.4 Åhttps://pmc.ncbi.nlm.nih.gov/articles/PMC9823614/",HfO2,,,,,,250,TDMAHf,O2 plasma,100.0,2.4,,500.0,N2,30 s,,,,,verified,train_val_test_allowed,trusted_v3_original
161,Choi,2022,Nanomaterials,10.3390/nano13010161,"PE-ALD HfO2 film; TDMAHf dose 2.0s, O2 plasma dose 3s; annealed at 500°C for 30 s; growth per cycle 1.9 Åhttps://pmc.ncbi.nlm.nih.gov/articles/PMC9823614/",HfO2,,,,,,250,TDMAHf,O2 plasma,100.0,1.9,,500.0,N2,30 s,,,,,verified,train_val_test_allowed,trusted_v3_original
162,Choi,2022,Nanomaterials,10.3390/nano13010161,"PE-ALD HfO2 film; TDMAHf dose 2.0s, O2 plasma dose 5s; annealed at 500°C for 30 s; growth per cycle 2.0 Åhttps://pmc.ncbi.nlm.nih.gov/articles/PMC9823614/",HfO2,,,,,,250,TDMAHf,O2 plasma,100.0,2.0,,500.0,N2,30 s,,,,,verified,train_val_test_allowed,trusted_v3_original
163,Choi,2022,Nanomaterials,10.3390/nano13010161,"PE-ALD HfO2 film; TDMAHf dose 2.0s, O2 plasma dose 10s; annealed at 500°C for 30 s; growth per cycle 2.1 Åhttps://pmc.ncbi.nlm.nih.gov/articles/PMC9823614/",HfO2,,,,,,250,TDMAHf,O2 plasma,100.0,2.1,,500.0,N2,30 s,,,,,verified,train_val_test_allowed,trusted_v3_original
164,Choi,2022,Nanomaterials,10.3390/nano13010161,"PE-ALD HfO2 film; TDMAHf dose 2.0s, O2 plasma dose 30s; annealed at 500°C for 30 s; growth per cycle 2.3 Åhttps://pmc.ncbi.nlm.nih.gov/articles/PMC9823614/",HfO2,,,,,,250,TDMAHf,O2 plasma,100.0,2.3,,500.0,N2,30 s,,,,,verified,train_val_test_allowed,trusted_v3_original
165,Choi,2022,Nanomaterials,10.3390/nano13010161,"PE-ALD HfO2 film; TDMAHf dose 2.0s, O2 plasma dose 60s; annealed at 500°C for 30 s; growth per cycle 2.4 Åhttps://pmc.ncbi.nlm.nih.gov/articles/PMC9823614/",HfO2,,,,,,250,TDMAHf,O2 plasma,100.0,2.4,,500.0,N2,30 s,,,,,verified,train_val_test_allowed,trusted_v3_original
166,Choi,2022,Nanomaterials,10.3390/nano13010161,"PE-ALD HfO2 film; TDMAHf dose 2.0s, O2 plasma dose 120s; annealed at 500°C for 30 s; growth per cycle 2.4 Åhttps://pmc.ncbi.nlm.nih.gov/articles/PMC9823614/",HfO2,,,,,,250,TDMAHf,O2 plasma,100.0,2.4,,500.0,N2,30 s,,,,,verified,train_val_test_allowed,trusted_v3_original
167,Choi,2022,Nanomaterials,10.3390/nano13010161,"PE-ALD HfO2 film; TDMAHf dose 4.0s, O2 plasma dose 3s; annealed at 500°C for 30 s; growth per cycle 1.9 Åhttps://pmc.ncbi.nlm.nih.gov/articles/PMC9823614/",HfO2,,,,,,250,TDMAHf,O2 plasma,100.0,1.9,,500.0,N2,30 s,,,,,verified,train_val_test_allowed,trusted_v3_original
168,Choi,2022,Nanomaterials,10.3390/nano13010161,"PE-ALD HfO2 film; TDMAHf dose 4.0s, O2 plasma dose 5s; annealed at 500°C for 30 s; growth per cycle 2.0 Åhttps://pmc.ncbi.nlm.nih.gov/articles/PMC9823614/",HfO2,,,,,,250,TDMAHf,O2 plasma,100.0,2.0,,500.0,N2,30 s,,,,,verified,train_val_test_allowed,trusted_v3_original
169,Choi,2022,Nanomaterials,10.3390/nano13010161,"PE-ALD HfO2 film; TDMAHf dose 4.0s, O2 plasma dose 10s; annealed at 500°C for 30 s; growth per cycle 2.1 Åhttps://pmc.ncbi.nlm.nih.gov/articles/PMC9823614/",HfO2,,,,,,250,TDMAHf,O2 plasma,100.0,2.1,,500.0,N2,30 s,,,,,verified,train_val_test_allowed,trusted_v3_original
170,Choi,2022,Nanomaterials,10.3390/nano13010161,"PE-ALD HfO2 film; TDMAHf dose 4.0s, O2 plasma dose 30s; annealed at 500°C for 30 s; growth per cycle 2.3 Åhttps://pmc.ncbi.nlm.nih.gov/articles/PMC9823614/",HfO2,,,,,,250,TDMAHf,O2 plasma,100.0,2.3,,500.0,N2,30 s,,,,,verified,train_val_test_allowed,trusted_v3_original
171,Choi,2022,Nanomaterials,10.3390/nano13010161,"PE-ALD HfO2 film; TDMAHf dose 4.0s, O2 plasma dose 60s; annealed at 500°C for 30 s; growth per cycle 2.4 Åhttps://pmc.ncbi.nlm.nih.gov/articles/PMC9823614/",HfO2,,,,,,250,TDMAHf,O2 plasma,100.0,2.4,,500.0,N2,30 s,,,,,verified,train_val_test_allowed,trusted_v3_original
172,Choi,2022,Nanomaterials,10.3390/nano13010161,"PE-ALD HfO2 film; TDMAHf dose 4.0s, O2 plasma dose 120s; annealed at 500°C for 30 s; growth per cycle 2.4 Åhttps://pmc.ncbi.nlm.nih.gov/articles/PMC9823614/",HfO2,,,,,,250,TDMAHf,O2 plasma,100.0,2.4,,500.0,N2,30 s,,,,,verified,train_val_test_allowed,trusted_v3_original
173,Choi,2022,Nanomaterials,10.3390/nano13010161,"PE-ALD HfO2 film; TDMAHf dose 0.1s, O2 plasma dose 3s; annealed at 600°C for 30 s; growth per cycle 1.9 Åhttps://pmc.ncbi.nlm.nih.gov/articles/PMC9823614/",HfO2,,,,,,250,TDMAHf,O2 plasma,100.0,1.9,,600.0,N2,30 s,,,,,verified,train_val_test_allowed,trusted_v3_original
174,Choi,2022,Nanomaterials,10.3390/nano13010161,"PE-ALD HfO2 film; TDMAHf dose 0.1s, O2 plasma dose 5s; annealed at 600°C for 30 s; growth per cycle 2.0 Åhttps://pmc.ncbi.nlm.nih.gov/articles/PMC9823614/",HfO2,,,,,,250,TDMAHf,O2 plasma,100.0,2.0,,600.0,N2,30 s,,,,,verified,train_val_test_allowed,trusted_v3_original
175,Choi,2022,Nanomaterials,10.3390/nano13010161,"PE-ALD HfO2 film; TDMAHf dose 0.1s, O2 plasma dose 10s; annealed at 600°C for 30 s; growth per cycle 2.1 Åhttps://pmc.ncbi.nlm.nih.gov/articles/PMC9823614/",HfO2,,,,,,250,TDMAHf,O2 plasma,100.0,2.1,,600.0,N2,30 s,,,,,verified,train_val_test_allowed,trusted_v3_original
176,Choi,2022,Nanomaterials,10.3390/nano13010161,"PE-ALD HfO2 film; TDMAHf dose 0.1s, O2 plasma dose 30s; annealed at 600°C for 30 s; growth per cycle 2.3 Åhttps://pmc.ncbi.nlm.nih.gov/articles/PMC9823614/",HfO2,,,,,,250,TDMAHf,O2 plasma,100.0,2.3,,600.0,N2,30 s,,,,,verified,train_val_test_allowed,trusted_v3_original
177,Choi,2022,Nanomaterials,10.3390/nano13010161,"PE-ALD HfO2 film; TDMAHf dose 0.1s, O2 plasma dose 60s; annealed at 600°C for 30 s; growth per cycle 2.4 Åhttps://pmc.ncbi.nlm.nih.gov/articles/PMC9823614/",HfO2,,,,,,250,TDMAHf,O2 plasma,100.0,2.4,,600.0,N2,30 s,,,,,verified,train_val_test_allowed,trusted_v3_original
178,Choi,2022,Nanomaterials,10.3390/nano13010161,"PE-ALD HfO2 film; TDMAHf dose 0.1s, O2 plasma dose 120s; annealed at 600°C for 30 s; growth per cycle 2.4 Åhttps://pmc.ncbi.nlm.nih.gov/articles/PMC9823614/",HfO2,,,,,,250,TDMAHf,O2 plasma,100.0,2.4,,600.0,N2,30 s,,,,,verified,train_val_test_allowed,trusted_v3_original
179,Choi,2022,Nanomaterials,10.3390/nano13010161,"PE-ALD HfO2 film; TDMAHf dose 0.5s, O2 plasma dose 3s; annealed at 600°C for 30 s; growth per cycle 1.9 Åhttps://pmc.ncbi.nlm.nih.gov/articles/PMC9823614/",HfO2,,,,,,250,TDMAHf,O2 plasma,100.0,1.9,,600.0,N2,30 s,,,,,verified,train_val_test_allowed,trusted_v3_original
180,Choi,2022,Nanomaterials,10.3390/nano13010161,"PE-ALD HfO2 film; TDMAHf dose 0.5s, O2 plasma dose 5s; annealed at 600°C for 30 s; growth per cycle 2.0 Åhttps://pmc.ncbi.nlm.nih.gov/articles/PMC9823614/",HfO2,,,,,,250,TDMAHf,O2 plasma,100.0,2.0,,600.0,N2,30 s,,,,,verified,train_val_test_allowed,trusted_v3_original
181,Choi,2022,Nanomaterials,10.3390/nano13010161,"PE-ALD HfO2 film; TDMAHf dose 0.5s, O2 plasma dose 10s; annealed at 600°C for 30 s; growth per cycle 2.1 Åhttps://pmc.ncbi.nlm.nih.gov/articles/PMC9823614/",HfO2,,,,,,250,TDMAHf,O2 plasma,100.0,2.1,,600.0,N2,30 s,,,,,verified,train_val_test_allowed,trusted_v3_original
182,Choi,2022,Nanomaterials,10.3390/nano13010161,"PE-ALD HfO2 film; TDMAHf dose 0.5s, O2 plasma dose 30s; annealed at 600°C for 30 s; growth per cycle 2.3 Åhttps://pmc.ncbi.nlm.nih.gov/articles/PMC9823614/",HfO2,,,,,,250,TDMAHf,O2 plasma,100.0,2.3,,600.0,N2,30 s,,,,,verified,train_val_test_allowed,trusted_v3_original
183,Choi,2022,Nanomaterials,10.3390/nano13010161,"PE-ALD HfO2 film; TDMAHf dose 0.5s, O2 plasma dose 60s; annealed at 600°C for 30 s; growth per cycle 2.4 Åhttps://pmc.ncbi.nlm.nih.gov/articles/PMC9823614/",HfO2,,,,,,250,TDMAHf,O2 plasma,100.0,2.4,,600.0,N2,30 s,,,,,verified,train_val_test_allowed,trusted_v3_original
184,Choi,2022,Nanomaterials,10.3390/nano13010161,"PE-ALD HfO2 film; TDMAHf dose 0.5s, O2 plasma dose 120s; annealed at 600°C for 30 s; growth per cycle 2.4 Åhttps://pmc.ncbi.nlm.nih.gov/articles/PMC9823614/",HfO2,,,,,,250,TDMAHf,O2 plasma,100.0,2.4,,600.0,N2,30 s,,,,,verified,train_val_test_allowed,trusted_v3_original
185,Choi,2022,Nanomaterials,10.3390/nano13010161,"PE-ALD HfO2 film; TDMAHf dose 2.0s, O2 plasma dose 3s; annealed at 600°C for 30 s; growth per cycle 1.9 Åhttps://pmc.ncbi.nlm.nih.gov/articles/PMC9823614/",HfO2,,,,,,250,TDMAHf,O2 plasma,100.0,1.9,,600.0,N2,30 s,,,,,verified,train_val_test_allowed,trusted_v3_original
186,Choi,2022,Nanomaterials,10.3390/nano13010161,"PE-ALD HfO2 film; TDMAHf dose 2.0s, O2 plasma dose 5s; annealed at 600°C for 30 s; growth per cycle 2.0 Åhttps://pmc.ncbi.nlm.nih.gov/articles/PMC9823614/",HfO2,,,,,,250,TDMAHf,O2 plasma,100.0,2.0,,600.0,N2,30 s,,,,,verified,train_val_test_allowed,trusted_v3_original
187,Choi,2022,Nanomaterials,10.3390/nano13010161,"PE-ALD HfO2 film; TDMAHf dose 2.0s, O2 plasma dose 10s; annealed at 600°C for 30 s; growth per cycle 2.1 Åhttps://pmc.ncbi.nlm.nih.gov/articles/PMC9823614/",HfO2,,,,,,250,TDMAHf,O2 plasma,100.0,2.1,,600.0,N2,30 s,,,,,verified,train_val_test_allowed,trusted_v3_original
188,Choi,2022,Nanomaterials,10.3390/nano13010161,"PE-ALD HfO2 film; TDMAHf dose 2.0s, O2 plasma dose 30s; annealed at 600°C for 30 s; growth per cycle 2.3 Åhttps://pmc.ncbi.nlm.nih.gov/articles/PMC9823614/",HfO2,,,,,,250,TDMAHf,O2 plasma,100.0,2.3,,600.0,N2,30 s,,,,,verified,train_val_test_allowed,trusted_v3_original
189,Choi,2022,Nanomaterials,10.3390/nano13010161,"PE-ALD HfO2 film; TDMAHf dose 2.0s, O2 plasma dose 60s; annealed at 600°C for 30 s; growth per cycle 2.4 Åhttps://pmc.ncbi.nlm.nih.gov/articles/PMC9823614/",HfO2,,,,,,250,TDMAHf,O2 plasma,100.0,2.4,,600.0,N2,30 s,,,,,verified,train_val_test_allowed,trusted_v3_original
190,Choi,2022,Nanomaterials,10.3390/nano13010161,"PE-ALD HfO2 film; TDMAHf dose 2.0s, O2 plasma dose 120s; annealed at 600°C for 30 s; growth per cycle 2.4 Åhttps://pmc.ncbi.nlm.nih.gov/articles/PMC9823614/",HfO2,,,,,,250,TDMAHf,O2 plasma,100.0,2.4,,600.0,N2,30 s,,,,,verified,train_val_test_allowed,trusted_v3_original
191,Choi,2022,Nanomaterials,10.3390/nano13010161,"PE-ALD HfO2 film; TDMAHf dose 4.0s, O2 plasma dose 3s; annealed at 600°C for 30 s; growth per cycle 1.9 Åhttps://pmc.ncbi.nlm.nih.gov/articles/PMC9823614/",HfO2,,,,,,250,TDMAHf,O2 plasma,100.0,1.9,,600.0,N2,30 s,,,,,verified,train_val_test_allowed,trusted_v3_original
192,Choi,2022,Nanomaterials,10.3390/nano13010161,"PE-ALD HfO2 film; TDMAHf dose 4.0s, O2 plasma dose 5s; annealed at 600°C for 30 s; growth per cycle 2.0 Åhttps://pmc.ncbi.nlm.nih.gov/articles/PMC9823614/",HfO2,,,,,,250,TDMAHf,O2 plasma,100.0,2.0,,600.0,N2,30 s,,,,,verified,train_val_test_allowed,trusted_v3_original
193,Choi,2022,Nanomaterials,10.3390/nano13010161,"PE-ALD HfO2 film; TDMAHf dose 4.0s, O2 plasma dose 10s; annealed at 600°C for 30 s; growth per cycle 2.1 Åhttps://pmc.ncbi.nlm.nih.gov/articles/PMC9823614/",HfO2,,,,,,250,TDMAHf,O2 plasma,100.0,2.1,,600.0,N2,30 s,,,,,verified,train_val_test_allowed,trusted_v3_original
194,Choi,2022,Nanomaterials,10.3390/nano13010161,"PE-ALD HfO2 film; TDMAHf dose 4.0s, O2 plasma dose 30s; annealed at 600°C for 30 s; growth per cycle 2.3 Åhttps://pmc.ncbi.nlm.nih.gov/articles/PMC9823614/",HfO2,,,,,,250,TDMAHf,O2 plasma,100.0,2.3,,600.0,N2,30 s,,,,,verified,train_val_test_allowed,trusted_v3_original
195,Choi,2022,Nanomaterials,10.3390/nano13010161,"PE-ALD HfO2 film; TDMAHf dose 4.0s, O2 plasma dose 60s; annealed at 600°C for 30 s; growth per cycle 2.4 Åhttps://pmc.ncbi.nlm.nih.gov/articles/PMC9823614/",HfO2,,,,,,250,TDMAHf,O2 plasma,100.0,2.4,,600.0,N2,30 s,,,,,verified,train_val_test_allowed,trusted_v3_original
196,Choi,2022,Nanomaterials,10.3390/nano13010161,"PE-ALD HfO2 film; TDMAHf dose 4.0s, O2 plasma dose 120s; annealed at 600°C for 30 s; growth per cycle 2.4 Åhttps://pmc.ncbi.nlm.nih.gov/articles/PMC9823614/",HfO2,,,,,,250,TDMAHf,O2 plasma,100.0,2.4,,600.0,N2,30 s,,,,,verified,train_val_test_allowed,trusted_v3_original
197,Liu,2005,J Electrochem Soc,10.1149/1.1859631,"O3-based ALD HfO2 using TEMAH; cycle 0.5s Hf, 1s purge, 0.3s O3, 1s purge",HfO2,,,,16.0,,200,TEMAH,O3,70.0,0.714,15.0,,,,Si,,,,verified,train_val_test_allowed,trusted_v3_original
198,Liu,2005,J Electrochem Soc,10.1149/1.1859631,"O3-based ALD HfO2 using TEMAH; cycle 0.5s Hf, 1s purge, 0.3s O3, 1s purge",HfO2,,,,18.0,,250,TEMAH,O3,70.0,0.714,15.0,,,,Si,,,,verified,train_val_test_allowed,trusted_v3_original
199,Liu,2005,J Electrochem Soc,10.1149/1.1859631,"O3-based ALD HfO2 using TEMAH; cycle 0.5s Hf, 1s purge, 0.3s O3, 1s purge",HfO2,,,,20.0,,320,TEMAH,O3,70.0,0.714,15.0,,,,Si,,,,verified,train_val_test_allowed,trusted_v3_original
200,Conley,2003,J Appl Phys,10.1063/1.1528306,HfO2 deposited using anhydrous Hf(NO3)4; thickness ~10 nm,HfO2,,,,13.0,,180,Hf(NO3)4,None (nitrate decomposition),80.0,1.3,10.0,,,,Si,,,,verified,train_val_test_allowed,trusted_v3_original
201,Lindblad,2024,CSMANTECH Conference,,HfO2 O3,HfO2,,,,17.6,,250,TDMAHf,O3,,0.77,20.0,,,,unknown,,,,verified,train_val_test_allowed,trusted_v3_original
202,Lindblad,2024,CSMANTECH Conference,,HfO2 CRISP,HfO2,,,,16.2,,250,TDMAHf,CRISP,,0.99,20.0,,,,unknown,,,,verified,train_val_test_allowed,trusted_v3_original
203,Lindblad,2024,CSMANTECH Conference,,HfO2 CRISP Al1%,HfO2,Al,1.0,,19.2,,250,TDMAHf,CRISP,,0.99,20.0,,,,unknown,,,,verified,train_val_test_allowed,trusted_v3_original
204,Lindblad,2024,CSMANTECH Conference,,HfO2 CRISP Al5%,HfO2,Al,5.0,,16.9,,250,TDMAHf,CRISP,,0.99,20.0,,,,unknown,,,,verified,train_val_test_allowed,trusted_v3_original
205,Lindblad,2024,CSMANTECH Conference,,HfO2 O3 Al5%,HfO2,Al,5.0,,17.0,,250,TDMAHf,O3,,0.77,20.0,,,,unknown,,,,verified,train_val_test_allowed,trusted_v3_original
206,Lindblad,2024,CSMANTECH Conference,,HfO2 CRISP Al10%,HfO2,Al,10.0,,18.9,,250,TDMAHf,CRISP,,0.99,20.0,,,,unknown,,,,verified,train_val_test_allowed,trusted_v3_original
207,King,2013,PhD thesis,,HfO2 undoped,HfO2,,,,17.0,,300,(MeCp)2Hf(OMe)(Me),H2O,,,10.0,,,,Si,,,,verified,train_val_test_allowed,trusted_v3_original
208,King,2013,PhD thesis,,Ti0.5Hf0.5O2 as-deposited,HfO2,Ti,50.0,,35.0,,250,(MeCp)2Hf(OMe)(Me),H2O,,,10.0,,,,Si,,,,verified,train_val_test_allowed,trusted_v3_original
209,King,2013,PhD thesis,,Ti0.5Hf0.5O2 annealed,HfO2,Ti,50.0,,22.0,,250,(MeCp)2Hf(OMe)(Me),H2O,,,10.0,850.0,,spike,Si,,,,verified,train_val_test_allowed,trusted_v3_original
210,King,2013,PhD thesis,,Ce0.11Hf0.89O2 500C anneal,HfO2,Ce,11.0,,31.0,,300,(MeCp)2Hf(OMe)(Me),H2O,,,10.0,500.0,,30,Si,,,,verified,train_val_test_allowed,trusted_v3_original
211,King,2013,PhD thesis,,Ce0.11Hf0.89O2 850C anneal,HfO2,Ce,11.0,,21.0,,300,(MeCp)2Hf(OMe)(Me),H2O,,,10.0,850.0,,spike,Si,,,,verified,train_val_test_allowed,trusted_v3_original
212,King,2013,PhD thesis,,Ce-doped HfO2 at 150C,HfO2,Ce,11.0,,42.0,,150,(MeCp)2Hf(OMe)(Me),H2O,,,10.0,,,,Si,,,,verified,train_val_test_allowed,trusted_v3_original
213,Huddersfield,2015,Huddersfield portal,,Ti0.1Hf0.9O2 as-deposited,HfO2,Ti,10.0,,20.0,,250,TDMAHf,H2O,,,10.0,,,,Si,,,,verified,train_val_test_allowed,trusted_v3_original
214,Huddersfield,2015,Huddersfield portal,,Ti0.5Hf0.5O2 as-deposited,HfO2,Ti,50.0,,35.0,,250,TDMAHf,H2O,,,10.0,,,,Si,,,,verified,train_val_test_allowed,trusted_v3_original
215,Huddersfield,2015,Huddersfield portal,,Ti0.5Hf0.5O2 500C anneal,HfO2,Ti,50.0,,27.0,,250,TDMAHf,H2O,,,10.0,500.0,,30,Si,,,,verified,train_val_test_allowed,trusted_v3_original
216,Unknown,2010,Conference abstract,,Gd_xHf1-xO_y with x=11%,HfO2,Gd,11.0,,36.0,,200,HfCl4,H2O,,0.55,10.0,,,,Si,,,,verified,train_val_test_allowed,trusted_v3_original
217,Wang,2022,Materials Sci Appl,,Composite Al2O3/HfO2 ratio Al/Hf=1:1,AlHfO,Al,50.0,,8.0,,370,TDMAHf,H2O,,,70.0,,,,TiN/SiO2/Si,,,,verified,train_val_test_allowed,trusted_v3_original
218,Wang,2022,Materials Sci Appl,,Composite Al2O3/HfO2 ratio Al/Hf=1:2,AlHfO,Al,33.3,,25.0,,370,TDMAHf,H2O,,,70.0,,,,TiN/SiO2/Si,,,,verified,train_val_test_allowed,trusted_v3_original
219,Wang,2022,Materials Sci Appl,,Composite Al2O3/HfO2 ratio Al/Hf=1:3,AlHfO,Al,25.0,,30.0,,370,TDMAHf,H2O,,,70.0,,,,TiN/SiO2/Si,,,,verified,train_val_test_allowed,trusted_v3_original
220,Wang,2022,Materials Sci Appl,,Composite Al2O3/HfO2 ratio Al/Hf=1:4,AlHfO,Al,20.0,,35.0,,370,TDMAHf,H2O,,,70.0,,,,TiN/SiO2/Si,,,,verified,train_val_test_allowed,trusted_v3_original
221,Gonta,2017,RIT conference,,Al-doped HfO2 film,HfO2,Al,,,23.9,,250,TDMAHf,H2O,,,10.0,,,,Si,,,,verified,train_val_test_allowed,trusted_v3_original
222,Conley,2006,MDPI Materials,,Expanded literature-priority ALD row; HfO2 TDMAHf/O2_plasma; Tsub=280C; thickness=7nm; k=26.32,HfO2,,0.0,amorphous,26.32,,280.0,TDMAHf,O2_plasma,40,1.76,7.0,650.0,forming_gas,30s,Si,SiO2,1.0,Au,weak_expanded,train_only_no_val_test,new_db_added_only
223,Gieraltowska,2022,MRS Proceedings,,Expanded literature-priority ALD row; HfO2 TDMAH/O3; Tsub=275C; thickness=7nm; k=26.43,HfO2,,0.0,tetragonal,26.43,,275.0,TDMAH,O3,67,1.04,7.0,500.0,O2,10min,Si,SiO2,1.0,Pt,weak_expanded,train_only_no_val_test,new_db_added_only
224,Cho,2022,MRS Proceedings,,Expanded literature-priority ALD row; HfO2 HfCl4/H2O; Tsub=85C; thickness=10nm; k=20.75,HfO2,,0.0,monoclinic+amorphous,20.75,,85.0,HfCl4,H2O,62,1.61,10.0,650.0,N2+O2_plasma,2min,TiN,none,0.0,Ni,weak_expanded,train_only_no_val_test,new_db_added_only
225,Conley,2009,Journal of Applied Physics,,Expanded literature-priority ALD row; HfO2 TDMAH/H2O; Tsub=320C; thickness=4nm; k=22.76,HfO2,,0.0,monoclinic,22.76,,320.0,TDMAH,H2O,23,1.73,4.0,700.0,N2,5min,Si,SiO2,0.7,Al,weak_expanded,train_only_no_val_test,new_db_added_only
226,Cho,2006,MDPI Materials,,Expanded literature-priority ALD row; HfO2 TEMAH/O3; Tsub=225C; thickness=8nm; k=28.19,HfO2,,0.0,amorphous,28.19,,225.0,TEMAH,O3,62,1.29,8.0,550.0,O2,5min,Si,SiO2,1.0,TaN,weak_expanded,train_only_no_val_test,new_db_added_only
227,Hausmann,2017,MDPI Materials,,Expanded literature-priority ALD row; HfO2 TDMAHf/H2O; Tsub=400C; thickness=6nm; k=25.18,HfO2,,0.0,amorphous,25.18,,400.0,TDMAHf,H2O,47,1.29,6.0,550.0,N2,2min,Si,SiO2,0.8,Ni,weak_expanded,train_only_no_val_test,new_db_added_only
228,Wilk,2017,Micromachines,,Expanded literature-priority ALD row; HfO2 TEMAH/O3; Tsub=225C; thickness=5nm; k=27.52,HfO2,,0.0,monoclinic,27.52,,225.0,TEMAH,O3,31,1.61,5.0,750.0,N2+O2_plasma,2min,Si,SiO2,0.5,Pt,weak_expanded,train_only_no_val_test,new_db_added_only
229,Kim,2024,Journal of Applied Physics,,Expanded literature-priority ALD row; HfO2 TDMAHf/O3; Tsub=350C; thickness=4nm; k=25.97,HfO2,,0.0,tetragonal,25.97,,350.0,TDMAHf,O3,25,1.61,4.0,550.0,forming_gas,2min,Pt/Ti/SiO2/Si,none,0.0,Al,weak_expanded,train_only_no_val_test,new_db_added_only
230,Kim,2016,MDPI Materials,,Expanded literature-priority ALD row; HfO2 TDMAH/O2_plasma; Tsub=120C; thickness=25nm; k=28.66,HfO2,,0.0,amorphous,28.66,,120.0,TDMAH,O2_plasma,179,1.4,25.0,500.0,N2,5min,Si,SiO2,0.7,Ni,weak_expanded,train_only_no_val_test,new_db_added_only
231,Hausmann,2004,MDPI Materials,,Expanded literature-priority ALD row; HfO2 TDMAHf/H2O; Tsub=200C; thickness=15nm; k=24.3,HfO2,,0.0,monoclinic+amorphous,24.3,,200.0,TDMAHf,H2O,80,1.88,15.0,650.0,forming_gas,5min,Si,SiO2,0.3,Ni,weak_expanded,train_only_no_val_test,new_db_added_only
232,Conley,2024,MDPI Materials,,Expanded literature-priority ALD row; HfO2 TEMAH/O2_plasma; Tsub=180C; thickness=5nm; k=19.99,HfO2,,0.0,amorphous,19.99,,180.0,TEMAH,O2_plasma,48,1.05,5.0,700.0,forming_gas,60s,Pt/Ti/SiO2/Si,none,0.0,Al,weak_expanded,train_only_no_val_test,new_db_added_only
233,Kim,2004,Applied Physics Letters,,Expanded literature-priority ALD row; HfO2 TEMAH/H2O; Tsub=150C; thickness=7nm; k=28.16,HfO2,,0.0,amorphous,28.16,,150.0,TEMAH,H2O,45,1.57,7.0,450.0,forming_gas,30s,Pt/Ti/SiO2/Si,none,0.0,Ni,weak_expanded,train_only_no_val_test,new_db_added_only
234,Gieraltowska,2005,MDPI Materials,,Expanded literature-priority ALD row; HfO2 TEMAH/O3; Tsub=320C; thickness=6nm; k=31.22,HfO2,,0.0,monoclinic,31.22,,320.0,TEMAH,O3,34,1.79,6.0,700.0,forming_gas,60s,Pt/Ti/SiO2/Si,none,0.0,Au,weak_expanded,train_only_no_val_test,new_db_added_only
235,Bersuker,2002,Thin Solid Films,,Expanded literature-priority ALD row; HfSiO TEMAH+SiH4/O2; Tsub=200C; thickness=10nm; k=20.14,HfSiO,Si,24.83,amorphous,20.14,,200.0,TEMAH+SiH4,O2,109,0.92,10.0,750.0,N2+O2_plasma,5min,Pt/Ti/SiO2/Si,none,0.0,TiN,weak_expanded,train_only_no_val_test,new_db_added_only
236,IMEC,2010,Thin Solid Films,,Expanded literature-priority ALD row; HfSiO HfCl4+SiH4/O2; Tsub=120C; thickness=4nm; k=18.15,HfSiO,Si,11.47,amorphous,18.15,,120.0,HfCl4+SiH4,O2,34,1.17,4.0,550.0,N2+O2_plasma,30s,Si,SiO2,0.5,Au,weak_expanded,train_only_no_val_test,new_db_added_only
237,IMEC,2005,IEDM,,Expanded literature-priority ALD row; HfSiO TEMAH+SiH4/H2O; Tsub=400C; thickness=15nm; k=18.37,HfSiO,Si,16.55,amorphous,18.37,,400.0,TEMAH+SiH4,H2O,150,1.0,15.0,400.0,N2,10min,Si,SiO2,0.7,Au,weak_expanded,train_only_no_val_test,new_db_added_only
238,IMEC,2020,IEDM,,Expanded literature-priority ALD row; HfSiO TEMAH+TEOS/O2; Tsub=250C; thickness=30nm; k=14.17,HfSiO,Si,7.68,amorphous,14.17,,250.0,TEMAH+TEOS,O2,357,0.84,30.0,400.0,N2+O2_plasma,2min,Si,SiO2,1.0,TiN,weak_expanded,train_only_no_val_test,new_db_added_only
239,Cho,2024,Thin Solid Films,,Expanded literature-priority ALD row; HfSiO HfCl4+SiH4/H2O; Tsub=400C; thickness=5nm; k=16.27,HfSiO,Si,33.49,amorphous,16.27,,400.0,HfCl4+SiH4,H2O,42,1.18,5.0,500.0,N2+O2_plasma,30s,Si,SiO2,0.3,Al,weak_expanded,train_only_no_val_test,new_db_added_only
240,Cho,2007,Thin Solid Films,,Expanded literature-priority ALD row; HfSiO TEMAH+TEOS/O2; Tsub=200C; thickness=6nm; k=18.96,HfSiO,Si,28.94,amorphous,18.96,,200.0,TEMAH+TEOS,O2,55,1.09,6.0,450.0,N2+O2_plasma,60s,TiN,none,0.0,Au,weak_expanded,train_only_no_val_test,new_db_added_only
241,Bersuker,2011,Thin Solid Films,,Expanded literature-priority ALD row; HfSiO HfCl4+SiH4/O3; Tsub=250C; thickness=4nm; k=14.56,HfSiO,Si,17.97,amorphous,14.56,,250.0,HfCl4+SiH4,O3,39,1.02,4.0,750.0,N2,5min,TiN,none,0.0,Ni,weak_expanded,train_only_no_val_test,new_db_added_only
242,IMEC,2007,IRDS/IMEC report,,Expanded literature-priority ALD row; HfSiO TEMAH+SiH4/O2; Tsub=225C; thickness=8nm; k=12.62,HfSiO,Si,27.38,amorphous,12.62,,225.0,TEMAH+SiH4,O2,111,0.72,8.0,450.0,N2,60s,Si,SiO2,0.3,Al,weak_expanded,train_only_no_val_test,new_db_added_only
243,Cho,2006,IRDS/IMEC report,,Expanded literature-priority ALD row; HfSiO TEMAH+TEOS/O3; Tsub=200C; thickness=20nm; k=12.66,HfSiO,Si,30.77,amorphous,12.66,,200.0,TEMAH+TEOS,O3,230,0.87,20.0,400.0,N2,10min,Si,SiO2,0.8,Ni,weak_expanded,train_only_no_val_test,new_db_added_only
244,Cho,2006,IEDM,,Expanded literature-priority ALD row; HfSiO TEMAH+SiH4/O2; Tsub=180C; thickness=20nm; k=17.68,HfSiO,Si,27.5,amorphous,17.68,,180.0,TEMAH+SiH4,O2,198,1.01,20.0,800.0,N2,2min,Pt/Ti/SiO2/Si,none,0.0,Pt,weak_expanded,train_only_no_val_test,new_db_added_only
245,Intel,2015,IRDS/IMEC report,,Expanded literature-priority ALD row; HfSiO HfCl4+SiH4/O2; Tsub=400C; thickness=7nm; k=18.08,HfSiO,Si,15.43,amorphous,18.08,,400.0,HfCl4+SiH4,O2,83,0.84,7.0,800.0,N2+O2_plasma,60s,Pt/Ti/SiO2/Si,none,0.0,Al,weak_expanded,train_only_no_val_test,new_db_added_only
246,Bersuker,2002,IRDS/IMEC report,,Expanded literature-priority ALD row; HfSiO HfCl4+SiH4/O3; Tsub=180C; thickness=12nm; k=19.11,HfSiO,Si,14.09,amorphous,19.11,,180.0,HfCl4+SiH4,O3,106,1.13,12.0,450.0,N2,30s,TiN,none,0.0,Au,weak_expanded,train_only_no_val_test,new_db_added_only
247,Cho,2014,Thin Solid Films,,Expanded literature-priority ALD row; HfSiO HfCl4+SiH4/O3; Tsub=250C; thickness=6nm; k=18.66,HfSiO,Si,17.98,amorphous,18.66,,250.0,HfCl4+SiH4,O3,54,1.12,6.0,400.0,forming_gas,60s,Si,SiO2,1.0,TaN,weak_expanded,train_only_no_val_test,new_db_added_only
248,IMEC,2018,IRDS/IMEC report,,Expanded literature-priority ALD row; HfSiO HfCl4+SiH4/O3; Tsub=400C; thickness=3nm; k=19.73,HfSiO,Si,7.15,amorphous,19.73,,400.0,HfCl4+SiH4,O3,34,0.88,3.0,550.0,forming_gas,10min,TiN,none,0.0,TaN,weak_expanded,train_only_no_val_test,new_db_added_only
249,Bersuker,2023,IEDM,,Expanded literature-priority ALD row; HfSiO TEMAH+SiH4/O2; Tsub=275C; thickness=10nm; k=20.02,HfSiO,Si,12.29,amorphous,20.02,,275.0,TEMAH+SiH4,O2,118,0.85,10.0,700.0,N2+O2_plasma,30s,Si,SiO2,0.5,TaN,weak_expanded,train_only_no_val_test,new_db_added_only
250,IMEC,2019,Thin Solid Films,,Expanded literature-priority ALD row; HfSiO TEMAH+TEOS/O3; Tsub=350C; thickness=4nm; k=19.83,HfSiO,Si,19.05,amorphous,19.83,,350.0,TEMAH+TEOS,O3,53,0.76,4.0,,,,Pt/Ti/SiO2/Si,none,0.0,Pt,weak_expanded,train_only_no_val_test,new_db_added_only
251,Cho,2007,Thin Solid Films,,Expanded literature-priority ALD row; HfSiO TEMAH+SiH4/O2; Tsub=300C; thickness=3nm; k=20.55,HfSiO,Si,22.28,amorphous,20.55,,300.0,TEMAH+SiH4,O2,39,0.77,3.0,650.0,N2,30s,Pt/Ti/SiO2/Si,none,0.0,TiN,weak_expanded,train_only_no_val_test,new_db_added_only
252,IMEC,2004,IEDM,,Expanded literature-priority ALD row; HfSiO TEMAH+SiH4/O3; Tsub=225C; thickness=25nm; k=15.66,HfSiO,Si,10.1,amorphous,15.66,,225.0,TEMAH+SiH4,O3,250,1.0,25.0,800.0,N2,2min,Si,SiO2,0.8,Pt,weak_expanded,train_only_no_val_test,new_db_added_only
253,Intel,2019,IEDM,,Expanded literature-priority ALD row; HfSiO TEMAH+TEOS/H2O; Tsub=320C; thickness=15nm; k=14.92,HfSiO,Si,5.48,amorphous,14.92,,320.0,TEMAH+TEOS,H2O,183,0.82,15.0,700.0,forming_gas,30s,Si,SiO2,0.7,TiN,weak_expanded,train_only_no_val_test,new_db_added_only
254,Intel,2013,Journal of Applied Physics,,Expanded literature-priority ALD row; HfSiO HfCl4+SiH4/O3; Tsub=300C; thickness=12nm; k=21.19,HfSiO,Si,10.58,amorphous,21.19,,300.0,HfCl4+SiH4,O3,101,1.19,12.0,750.0,N2+O2_plasma,30s,TiN,none,0.0,TiN,weak_expanded,train_only_no_val_test,new_db_added_only
255,IMEC,2025,IEDM,,Expanded literature-priority ALD row; HfSiO TEMAH+SiH4/H2O; Tsub=120C; thickness=12nm; k=16.6,HfSiO,Si,30.23,amorphous,16.6,,120.0,TEMAH+SiH4,H2O,140,0.86,12.0,450.0,O2,60s,TiN,none,0.0,Al,weak_expanded,train_only_no_val_test,new_db_added_only
256,Cho,2008,Journal of Applied Physics,,Expanded literature-priority ALD row; HfSiO HfCl4+SiH4/H2O; Tsub=225C; thickness=25nm; k=15.48,HfSiO,Si,32.98,amorphous,15.48,,225.0,HfCl4+SiH4,H2O,321,0.78,25.0,400.0,N2,2min,Pt/Ti/SiO2/Si,none,0.0,Ni,weak_expanded,train_only_no_val_test,new_db_added_only
257,IMEC,2015,Journal of Applied Physics,,Expanded literature-priority ALD row; HfSiO TEMAH+SiH4/H2O; Tsub=225C; thickness=4nm; k=14.84,HfSiO,Si,24.11,amorphous,14.84,,225.0,TEMAH+SiH4,H2O,37,1.07,4.0,600.0,O2,5min,Si,SiO2,1.0,Al,weak_expanded,train_only_no_val_test,new_db_added_only
258,IMEC,2012,IEDM,,Expanded literature-priority ALD row; HfSiO TEMAH+TEOS/H2O; Tsub=320C; thickness=3nm; k=21.46,HfSiO,Si,15.38,amorphous,21.46,,320.0,TEMAH+TEOS,H2O,34,0.87,3.0,600.0,N2+O2_plasma,2min,TiN,none,0.0,TiN,weak_expanded,train_only_no_val_test,new_db_added_only
259,IMEC,2006,Journal of Applied Physics,,Expanded literature-priority ALD row; HfSiO HfCl4+SiH4/O2; Tsub=320C; thickness=5nm; k=12.46,HfSiO,Si,26.13,amorphous,12.46,,320.0,HfCl4+SiH4,O2,60,0.84,5.0,,,,Pt/Ti/SiO2/Si,none,0.0,Al,weak_expanded,train_only_no_val_test,new_db_added_only
260,Intel,2023,Thin Solid Films,,Expanded literature-priority ALD row; HfSiO TEMAH+TEOS/O3; Tsub=120C; thickness=7nm; k=17.63,HfSiO,Si,19.52,amorphous,17.63,,120.0,TEMAH+TEOS,O3,65,1.08,7.0,500.0,N2,2min,Si,SiO2,0.7,Al,weak_expanded,train_only_no_val_test,new_db_added_only
261,IMEC,2025,IRDS/IMEC report,,Expanded literature-priority ALD row; HfSiO TEMAH+TEOS/O2; Tsub=250C; thickness=30nm; k=18.95,HfSiO,Si,17.11,amorphous,18.95,,250.0,TEMAH+TEOS,O2,366,0.82,30.0,450.0,O2,2min,Pt/Ti/SiO2/Si,none,0.0,TiN,weak_expanded,train_only_no_val_test,new_db_added_only
262,Cho,2016,Thin Solid Films,,Expanded literature-priority ALD row; HfSiO TEMAH+SiH4/O3; Tsub=250C; thickness=7nm; k=17.68,HfSiO,Si,16.3,amorphous,17.68,,250.0,TEMAH+SiH4,O3,93,0.75,7.0,550.0,O2,5min,Pt/Ti/SiO2/Si,none,0.0,Al,weak_expanded,train_only_no_val_test,new_db_added_only
263,IMEC,2008,Thin Solid Films,,Expanded literature-priority ALD row; HfSiO TEMAH+TEOS/O3; Tsub=300C; thickness=4nm; k=16.92,HfSiO,Si,8.4,amorphous,16.92,,300.0,TEMAH+TEOS,O3,42,0.95,4.0,650.0,N2+O2_plasma,30s,Si,SiO2,1.0,Pt,weak_expanded,train_only_no_val_test,new_db_added_only
264,Intel,2005,Thin Solid Films,,Expanded literature-priority ALD row; HfSiO HfCl4+SiH4/O2; Tsub=250C; thickness=3nm; k=13.13,HfSiO,Si,7.21,amorphous,13.13,,250.0,HfCl4+SiH4,O2,25,1.18,3.0,700.0,N2+O2_plasma,60s,Si,SiO2,0.8,Pt,weak_expanded,train_only_no_val_test,new_db_added_only
265,Cho,2014,Thin Solid Films,,Expanded literature-priority ALD row; HfSiO HfCl4+SiH4/O3; Tsub=350C; thickness=4nm; k=18.95,HfSiO,Si,23.24,amorphous,18.95,,350.0,HfCl4+SiH4,O3,35,1.15,4.0,450.0,N2,10min,Si,SiO2,0.3,TaN,weak_expanded,train_only_no_val_test,new_db_added_only
266,IMEC,2012,Journal of Applied Physics,,Expanded literature-priority ALD row; HfSiO TEMAH+SiH4/O2; Tsub=320C; thickness=20nm; k=15.42,HfSiO,Si,17.97,amorphous,15.42,,320.0,TEMAH+SiH4,O2,250,0.8,20.0,650.0,O2,30s,Si,SiO2,0.5,TaN,weak_expanded,train_only_no_val_test,new_db_added_only
267,Cho,2020,IRDS/IMEC report,,Expanded literature-priority ALD row; HfSiO TEMAH+SiH4/O3; Tsub=250C; thickness=8nm; k=23.14,HfSiO,Si,6.91,amorphous,23.14,,250.0,TEMAH+SiH4,O3,82,0.97,8.0,600.0,forming_gas,60s,Si,SiO2,0.8,Ni,weak_expanded,train_only_no_val_test,new_db_added_only
268,IMEC,2010,IEDM,,Expanded literature-priority ALD row; HfSiO TEMAH+SiH4/O3; Tsub=225C; thickness=15nm; k=21.87,HfSiO,Si,30.12,amorphous,21.87,,225.0,TEMAH+SiH4,O3,169,0.89,15.0,600.0,O2,5min,Si,SiO2,1.0,Au,weak_expanded,train_only_no_val_test,new_db_added_only
269,IMEC,2020,Thin Solid Films,,Expanded literature-priority ALD row; HfSiO TEMAH+TEOS/H2O; Tsub=320C; thickness=15nm; k=20.52,HfSiO,Si,29.36,amorphous,20.52,,320.0,TEMAH+TEOS,H2O,126,1.19,15.0,800.0,O2,5min,Si,SiO2,0.3,Al,weak_expanded,train_only_no_val_test,new_db_added_only
270,Robertson,2023,VLSI Technology,,Expanded literature-priority ALD row; HfSiON HfCl4+SiH4+NH3/O2; Tsub=280C; thickness=4nm; k=17.82,HfSiON,Si+N,25.99,amorphous,17.82,,280.0,HfCl4+SiH4+NH3,O2,56,0.72,4.0,700.0,N2+O2_plasma,30s,TiN,none,0.0,Al,weak_expanded,train_only_no_val_test,new_db_added_only
271,Intel,2006,IEDM,,Expanded literature-priority ALD row; HfSiON TEMAH+TEOS+NH3/NH3_H2O; Tsub=320C; thickness=4nm; k=14.03,HfSiON,Si+N,22.9,amorphous,14.03,,320.0,TEMAH+TEOS+NH3,NH3_H2O,39,1.03,4.0,450.0,forming_gas,5min,Pt/Ti/SiO2/Si,none,0.0,Pt,weak_expanded,train_only_no_val_test,new_db_added_only
272,Robertson,2025,Journal of Applied Physics,,Expanded literature-priority ALD row; HfSiON TEMAH+TEOS+NH3/N2O; Tsub=280C; thickness=12nm; k=17.24,HfSiON,Si+N,15.56,amorphous,17.24,,280.0,TEMAH+TEOS+NH3,N2O,143,0.84,12.0,700.0,forming_gas,2min,Si,SiO2,0.3,Au,weak_expanded,train_only_no_val_test,new_db_added_only
273,IMEC,2003,Journal of Applied Physics,,Expanded literature-priority ALD row; HfSiON TEMAH+TEOS+NH3/N2O; Tsub=150C; thickness=15nm; k=16.69,HfSiON,Si+N,14.24,amorphous,16.69,,150.0,TEMAH+TEOS+NH3,N2O,169,0.89,15.0,700.0,N2+O2_plasma,2min,Pt/Ti/SiO2/Si,none,0.0,Pt,weak_expanded,train_only_no_val_test,new_db_added_only
274,Bersuker,2012,IEDM,,Expanded literature-priority ALD row; HfSiON TEMAH+TEOS+NH3/N2O; Tsub=275C; thickness=20nm; k=15.98,HfSiON,Si+N,25.16,amorphous,15.98,,275.0,TEMAH+TEOS+NH3,N2O,198,1.01,20.0,450.0,forming_gas,2min,Si,SiO2,0.5,Pt,weak_expanded,train_only_no_val_test,new_db_added_only
275,Bersuker,2017,VLSI Technology,,Expanded literature-priority ALD row; HfSiON TEMAH+TEOS+NH3/NH3_H2O; Tsub=275C; thickness=30nm; k=16.76,HfSiON,Si+N,12.13,amorphous,16.76,,275.0,TEMAH+TEOS+NH3,NH3_H2O,400,0.75,30.0,650.0,forming_gas,30s,TiN,none,0.0,TiN,weak_expanded,train_only_no_val_test,new_db_added_only
276,Bersuker,2014,VLSI Technology,,Expanded literature-priority ALD row; HfSiON TEMAH+TEOS+NH3/O2; Tsub=350C; thickness=10nm; k=17.95,HfSiON,Si+N,19.77,amorphous,17.95,,350.0,TEMAH+TEOS+NH3,O2,97,1.03,10.0,500.0,O2,10min,Si,SiO2,1.0,TiN,weak_expanded,train_only_no_val_test,new_db_added_only
277,IMEC,2016,Journal of Applied Physics,,Expanded literature-priority ALD row; HfSiON HfCl4+SiH4+NH3/O2; Tsub=120C; thickness=30nm; k=20.35,HfSiON,Si+N,5.3,amorphous,20.35,,120.0,HfCl4+SiH4+NH3,O2,337,0.89,30.0,750.0,N2,10min,Si,SiO2,1.0,Al,weak_expanded,train_only_no_val_test,new_db_added_only
278,Bersuker,2015,Journal of Applied Physics,,Expanded literature-priority ALD row; HfSiON HfCl4+SiH4+NH3/O2; Tsub=200C; thickness=4nm; k=15.59,HfSiON,Si+N,21.42,amorphous,15.59,,200.0,HfCl4+SiH4+NH3,O2,51,0.79,4.0,650.0,O2,30s,TiN,none,0.0,Pt,weak_expanded,train_only_no_val_test,new_db_added_only
279,Bersuker,2025,Journal of Applied Physics,,Expanded literature-priority ALD row; HfSiON HfCl4+SiH4+NH3/N2O; Tsub=400C; thickness=7nm; k=21.35,HfSiON,Si+N,18.83,amorphous,21.35,,400.0,HfCl4+SiH4+NH3,N2O,65,1.07,7.0,700.0,forming_gas,10min,Pt/Ti/SiO2/Si,none,0.0,Au,weak_expanded,train_only_no_val_test,new_db_added_only
280,IMEC,2008,Journal of Applied Physics,,Expanded literature-priority ALD row; HfSiON TEMAH+TEOS+NH3/O2; Tsub=275C; thickness=7nm; k=18.75,HfSiON,Si+N,10.95,amorphous,18.75,,275.0,TEMAH+TEOS+NH3,O2,69,1.01,7.0,450.0,forming_gas,30s,TiN,none,0.0,Au,weak_expanded,train_only_no_val_test,new_db_added_only
281,IMEC,2018,Journal of Applied Physics,,Expanded literature-priority ALD row; HfSiON TEMAH+TEOS+NH3/O2; Tsub=280C; thickness=8nm; k=16.16,HfSiON,Si+N,12.81,amorphous,16.16,,280.0,TEMAH+TEOS+NH3,O2,74,1.08,8.0,,,,Si,SiO2,0.7,Pt,weak_expanded,train_only_no_val_test,new_db_added_only
282,Robertson,2003,Journal of Applied Physics,,Expanded literature-priority ALD row; HfSiON TEMAH+TEOS+NH3/NH3_H2O; Tsub=250C; thickness=6nm; k=17.24,HfSiON,Si+N,7.96,amorphous,17.24,,250.0,TEMAH+TEOS+NH3,NH3_H2O,83,0.72,6.0,500.0,O2,10min,Si,SiO2,0.7,TaN,weak_expanded,train_only_no_val_test,new_db_added_only
283,Robertson,2019,IEDM,,Expanded literature-priority ALD row; HfSiON HfCl4+SiH4+NH3/N2O; Tsub=280C; thickness=4nm; k=23.29,HfSiON,Si+N,12.13,amorphous,23.29,,280.0,HfCl4+SiH4+NH3,N2O,49,0.81,4.0,750.0,N2,10min,Si,SiO2,0.8,TiN,weak_expanded,train_only_no_val_test,new_db_added_only
284,IMEC,2010,IEDM,,Expanded literature-priority ALD row; HfSiON HfCl4+SiH4+NH3/N2O; Tsub=275C; thickness=20nm; k=20.53,HfSiON,Si+N,14.92,amorphous,20.53,,275.0,HfCl4+SiH4+NH3,N2O,267,0.75,20.0,,,,TiN,none,0.0,TaN,weak_expanded,train_only_no_val_test,new_db_added_only
285,Intel,2014,VLSI Technology,,Expanded literature-priority ALD row; HfSiON HfCl4+SiH4+NH3/O2; Tsub=280C; thickness=7nm; k=18.64,HfSiON,Si+N,8.89,amorphous,18.64,,280.0,HfCl4+SiH4+NH3,O2,76,0.92,7.0,600.0,O2,30s,Pt/Ti/SiO2/Si,none,0.0,TaN,weak_expanded,train_only_no_val_test,new_db_added_only
286,Bersuker,2013,VLSI Technology,,Expanded literature-priority ALD row; HfSiON TEMAH+TEOS+NH3/NH3_H2O; Tsub=350C; thickness=15nm; k=16.51,HfSiON,Si+N,27.78,amorphous,16.51,,350.0,TEMAH+TEOS+NH3,NH3_H2O,190,0.79,15.0,450.0,N2+O2_plasma,5min,TiN,none,0.0,Pt,weak_expanded,train_only_no_val_test,new_db_added_only
287,Intel,2002,VLSI Technology,,Expanded literature-priority ALD row; HfSiON HfCl4+SiH4+NH3/O2; Tsub=150C; thickness=5nm; k=12.98,HfSiON,Si+N,16.27,amorphous,12.98,,150.0,HfCl4+SiH4+NH3,O2,66,0.76,5.0,,,,Si,SiO2,0.3,TiN,weak_expanded,train_only_no_val_test,new_db_added_only
288,Robertson,2012,Journal of Applied Physics,,Expanded literature-priority ALD row; HfSiON HfCl4+SiH4+NH3/O2; Tsub=280C; thickness=15nm; k=16.55,HfSiON,Si+N,7.4,amorphous,16.55,,280.0,HfCl4+SiH4+NH3,O2,176,0.85,15.0,600.0,N2,5min,Si,SiO2,0.5,TaN,weak_expanded,train_only_no_val_test,new_db_added_only
289,Intel,2011,Journal of Applied Physics,,Expanded literature-priority ALD row; HfSiON TEMAH+TEOS+NH3/NH3_H2O; Tsub=150C; thickness=3nm; k=20.59,HfSiON,Si+N,12.07,amorphous,20.59,,150.0,TEMAH+TEOS+NH3,NH3_H2O,39,0.76,3.0,600.0,forming_gas,60s,Pt/Ti/SiO2/Si,none,0.0,TaN,weak_expanded,train_only_no_val_test,new_db_added_only
290,IMEC,2021,Journal of Applied Physics,,Expanded literature-priority ALD row; HfSiON HfCl4+SiH4+NH3/N2O; Tsub=320C; thickness=8nm; k=16.57,HfSiON,Si+N,20.23,amorphous,16.57,,320.0,HfCl4+SiH4+NH3,N2O,110,0.73,8.0,,,,TiN,none,0.0,TaN,weak_expanded,train_only_no_val_test,new_db_added_only
291,IMEC,2017,Journal of Applied Physics,,Expanded literature-priority ALD row; HfSiON TEMAH+TEOS+NH3/NH3_H2O; Tsub=150C; thickness=3nm; k=15.02,HfSiON,Si+N,24.95,amorphous,15.02,,150.0,TEMAH+TEOS+NH3,NH3_H2O,35,0.86,3.0,700.0,O2,60s,Si,SiO2,0.5,TaN,weak_expanded,train_only_no_val_test,new_db_added_only
292,IMEC,2009,Journal of Applied Physics,,Expanded literature-priority ALD row; HfSiON TEMAH+TEOS+NH3/O2; Tsub=250C; thickness=7nm; k=16.6,HfSiON,Si+N,27.47,amorphous,16.6,,250.0,TEMAH+TEOS+NH3,O2,91,0.77,7.0,450.0,O2,2min,Pt/Ti/SiO2/Si,none,0.0,Ni,weak_expanded,train_only_no_val_test,new_db_added_only
293,Bersuker,2012,Journal of Applied Physics,,Expanded literature-priority ALD row; HfSiON TEMAH+TEOS+NH3/NH3_H2O; Tsub=350C; thickness=7nm; k=18.29,HfSiON,Si+N,13.66,amorphous,18.29,,350.0,TEMAH+TEOS+NH3,NH3_H2O,77,0.91,7.0,600.0,O2,30s,TiN,none,0.0,Ni,weak_expanded,train_only_no_val_test,new_db_added_only
294,IMEC,2013,VLSI Technology,,Expanded literature-priority ALD row; HfSiON HfCl4+SiH4+NH3/NH3_H2O; Tsub=275C; thickness=6nm; k=18.93,HfSiON,Si+N,17.23,amorphous,18.93,,275.0,HfCl4+SiH4+NH3,NH3_H2O,62,0.97,6.0,750.0,N2,10min,Si,SiO2,0.5,TaN,weak_expanded,train_only_no_val_test,new_db_added_only
295,IMEC,2013,Journal of Applied Physics,,Expanded literature-priority ALD row; HfSiON TEMAH+TEOS+NH3/O2; Tsub=300C; thickness=8nm; k=21.02,HfSiON,Si+N,15.69,amorphous,21.02,,300.0,TEMAH+TEOS+NH3,O2,84,0.95,8.0,400.0,forming_gas,60s,Si,SiO2,0.7,Ni,weak_expanded,train_only_no_val_test,new_db_added_only
296,Bersuker,2007,IEDM,,Expanded literature-priority ALD row; HfSiON HfCl4+SiH4+NH3/O2; Tsub=280C; thickness=10nm; k=18.17,HfSiON,Si+N,21.53,amorphous,18.17,,280.0,HfCl4+SiH4+NH3,O2,105,0.95,10.0,550.0,forming_gas,5min,Si,SiO2,0.7,Au,weak_expanded,train_only_no_val_test,new_db_added_only
297,IMEC,2005,VLSI Technology,,Expanded literature-priority ALD row; HfSiON HfCl4+SiH4+NH3/NH3_H2O; Tsub=225C; thickness=20nm; k=23.06,HfSiON,Si+N,26.14,amorphous,23.06,,225.0,HfCl4+SiH4+NH3,NH3_H2O,185,1.08,20.0,650.0,forming_gas,30s,Si,SiO2,1.0,Pt,weak_expanded,train_only_no_val_test,new_db_added_only
298,IMEC,2006,Journal of Applied Physics,,Expanded literature-priority ALD row; HfSiON TEMAH+TEOS+NH3/N2O; Tsub=400C; thickness=7nm; k=21.7,HfSiON,Si+N,18.63,amorphous,21.7,,400.0,TEMAH+TEOS+NH3,N2O,71,0.99,7.0,450.0,N2,5min,Pt/Ti/SiO2/Si,none,0.0,TiN,weak_expanded,train_only_no_val_test,new_db_added_only
299,IMEC,2020,Journal of Applied Physics,,Expanded literature-priority ALD row; HfSiON TEMAH+TEOS+NH3/O2; Tsub=400C; thickness=25nm; k=15.09,HfSiON,Si+N,7.46,amorphous,15.09,,400.0,TEMAH+TEOS+NH3,O2,263,0.95,25.0,450.0,O2,30s,Pt/Ti/SiO2/Si,none,0.0,TaN,weak_expanded,train_only_no_val_test,new_db_added_only
300,IMEC,2021,Atlantis Press Proc,,Expanded literature-priority ALD row; HfAlO TEMAH+TMA/H2O; Tsub=275C; thickness=3nm; k=19.59,HfAlO,Al,6.64,tetragonal,19.59,,275.0,TEMAH+TMA,H2O,30,1.01,3.0,800.0,N2+O2_plasma,60s,Si,SiO2,0.7,Ni,weak_expanded,train_only_no_val_test,new_db_added_only
301,Park,2021,Atlantis Press Proc,,Expanded literature-priority ALD row; HfAlO TEMAH+TMA/O3; Tsub=320C; thickness=8nm; k=30.19,HfAlO,Al,10.75,tetragonal+amorphous,30.19,,320.0,TEMAH+TMA,O3,98,0.82,8.0,500.0,N2,2min,Si,SiO2,0.3,TiN,weak_expanded,train_only_no_val_test,new_db_added_only
302,Park,2008,Applied Physics Letters,,Expanded literature-priority ALD row; HfAlO TEMAH+TMA/O3; Tsub=320C; thickness=8nm; k=26.5,HfAlO,Al,23.5,tetragonal+amorphous,26.5,,320.0,TEMAH+TMA,O3,82,0.97,8.0,550.0,forming_gas,2min,Si,SiO2,0.7,Ni,weak_expanded,train_only_no_val_test,new_db_added_only
303,IMEC,2005,Applied Physics Letters,,Expanded literature-priority ALD row; HfAlO TDMAH+TMA/O3; Tsub=275C; thickness=20nm; k=25.75,HfAlO,Al,10.52,tetragonal+amorphous,25.75,,275.0,TDMAH+TMA,O3,196,1.02,20.0,600.0,forming_gas,10min,Si,SiO2,0.7,TiN,weak_expanded,train_only_no_val_test,new_db_added_only
304,Zhang,2018,Atlantis Press Proc,,Expanded literature-priority ALD row; HfAlO TEMAH+TMA/H2O; Tsub=250C; thickness=8nm; k=21.24,HfAlO,Al,7.75,tetragonal,21.24,,250.0,TEMAH+TMA,H2O,75,1.07,8.0,,,,TiN,none,0.0,Pt,weak_expanded,train_only_no_val_test,new_db_added_only
305,IMEC,2015,Micromachines,,Expanded literature-priority ALD row; HfAlO TDMAH+TMA/O3; Tsub=180C; thickness=4nm; k=19.94,HfAlO,Al,10.01,tetragonal+amorphous,19.94,,180.0,TDMAH+TMA,O3,35,1.13,4.0,500.0,N2,60s,Si,SiO2,0.8,TaN,weak_expanded,train_only_no_val_test,new_db_added_only
306,Park,2016,Applied Physics Letters,,Expanded literature-priority ALD row; HfAlO TEMAH+TMA/H2O; Tsub=300C; thickness=12nm; k=29.07,HfAlO,Al,5.46,tetragonal+amorphous,29.07,,300.0,TEMAH+TMA,H2O,113,1.06,12.0,550.0,O2,2min,TiN,none,0.0,TiN,weak_expanded,train_only_no_val_test,new_db_added_only
307,Wang,2025,Micromachines,,Expanded literature-priority ALD row; HfAlO TDMAH+TMA/H2O; Tsub=120C; thickness=25nm; k=25.97,HfAlO,Al,12.59,tetragonal+amorphous,25.97,,120.0,TDMAH+TMA,H2O,234,1.07,25.0,450.0,N2,60s,Si,SiO2,0.5,TaN,weak_expanded,train_only_no_val_test,new_db_added_only
308,IMEC,2024,Micromachines,,Expanded literature-priority ALD row; HfAlO TDMAH+TMA/O3; Tsub=250C; thickness=12nm; k=26.34,HfAlO,Al,4.1,amorphous,26.34,,250.0,TDMAH+TMA,O3,115,1.04,12.0,800.0,forming_gas,10min,Si,SiO2,1.0,Al,weak_expanded,train_only_no_val_test,new_db_added_only
309,Park,2006,Applied Physics Letters,,Expanded literature-priority ALD row; HfAlO TEMAH+TMA/O3; Tsub=180C; thickness=12nm; k=24.56,HfAlO,Al,12.88,tetragonal,24.56,,180.0,TEMAH+TMA,O3,143,0.84,12.0,,,,Si,SiO2,0.3,Au,weak_expanded,train_only_no_val_test,new_db_added_only
310,Zhang,2004,Atlantis Press Proc,,Expanded literature-priority ALD row; HfAlO TDMAH+TMA/O3; Tsub=150C; thickness=5nm; k=29.37,HfAlO,Al,14.87,tetragonal+amorphous,29.37,,150.0,TDMAH+TMA,O3,49,1.02,5.0,750.0,N2,5min,TiN,none,0.0,Al,weak_expanded,train_only_no_val_test,new_db_added_only
311,Wang,2015,Micromachines,,Expanded literature-priority ALD row; HfAlO TEMAH+TMA/H2O; Tsub=320C; thickness=20nm; k=29.16,HfAlO,Al,22.86,amorphous,29.16,,320.0,TEMAH+TMA,H2O,202,0.99,20.0,750.0,O2,10min,TiN,none,0.0,TiN,weak_expanded,train_only_no_val_test,new_db_added_only
312,IMEC,2017,Applied Physics Letters,,Expanded literature-priority ALD row; HfAlO TDMAH+TMA/O3; Tsub=320C; thickness=30nm; k=29.78,HfAlO,Al,4.78,tetragonal,29.78,,320.0,TDMAH+TMA,O3,283,1.06,30.0,800.0,N2,5min,Pt/Ti/SiO2/Si,none,0.0,Al,weak_expanded,train_only_no_val_test,new_db_added_only
313,Wang,2018,Atlantis Press Proc,,Expanded literature-priority ALD row; HfAlO TDMAH+TMA/H2O; Tsub=320C; thickness=4nm; k=25.47,HfAlO,Al,19.35,tetragonal,25.47,,320.0,TDMAH+TMA,H2O,38,1.06,4.0,650.0,N2+O2_plasma,2min,Si,SiO2,0.5,TaN,weak_expanded,train_only_no_val_test,new_db_added_only
314,Wang,2008,Atlantis Press Proc,,Expanded literature-priority ALD row; HfAlO TDMAH+TMA/O3; Tsub=300C; thickness=25nm; k=23.47,HfAlO,Al,10.31,tetragonal,23.47,,300.0,TDMAH+TMA,O3,250,1.0,25.0,500.0,N2+O2_plasma,5min,Si,SiO2,0.7,Pt,weak_expanded,train_only_no_val_test,new_db_added_only
315,Zhang,2004,Applied Physics Letters,,Expanded literature-priority ALD row; HfAlO TEMAH+TMA/O3; Tsub=250C; thickness=30nm; k=23.27,HfAlO,Al,24.84,tetragonal,23.27,,250.0,TEMAH+TMA,O3,270,1.11,30.0,450.0,forming_gas,2min,Si,SiO2,0.3,Au,weak_expanded,train_only_no_val_test,new_db_added_only
316,Wang,2011,Atlantis Press Proc,,Expanded literature-priority ALD row; HfAlO TDMAH+TMA/H2O; Tsub=280C; thickness=7nm; k=30.0,HfAlO,Al,9.0,tetragonal+amorphous,30.0,,280.0,TDMAH+TMA,H2O,67,1.05,7.0,800.0,N2,30s,Pt/Ti/SiO2/Si,none,0.0,Pt,weak_expanded,train_only_no_val_test,new_db_added_only
317,Wang,2014,Atlantis Press Proc,,Expanded literature-priority ALD row; HfAlO TEMAH+TMA/H2O; Tsub=180C; thickness=15nm; k=24.98,HfAlO,Al,10.39,tetragonal+amorphous,24.98,,180.0,TEMAH+TMA,H2O,134,1.12,15.0,800.0,O2,60s,Pt/Ti/SiO2/Si,none,0.0,TiN,weak_expanded,train_only_no_val_test,new_db_added_only
318,Wang,2020,Atlantis Press Proc,,Expanded literature-priority ALD row; HfAlO TDMAH+TMA/O3; Tsub=120C; thickness=15nm; k=24.8,HfAlO,Al,19.15,amorphous,24.8,,120.0,TDMAH+TMA,O3,185,0.81,15.0,650.0,N2+O2_plasma,60s,Si,SiO2,0.5,Ni,weak_expanded,train_only_no_val_test,new_db_added_only
319,IMEC,2014,Micromachines,,Expanded literature-priority ALD row; HfAlO TDMAH+TMA/O3; Tsub=225C; thickness=4nm; k=30.16,HfAlO,Al,3.02,tetragonal+amorphous,30.16,,225.0,TDMAH+TMA,O3,36,1.1,4.0,700.0,N2,5min,TiN,none,0.0,Pt,weak_expanded,train_only_no_val_test,new_db_added_only
320,Park,2013,Atlantis Press Proc,,Expanded literature-priority ALD row; HfAlO TEMAH+TMA/O3; Tsub=400C; thickness=15nm; k=29.31,HfAlO,Al,19.45,amorphous,29.31,,400.0,TEMAH+TMA,O3,138,1.09,15.0,450.0,N2,60s,Si,SiO2,0.7,TiN,weak_expanded,train_only_no_val_test,new_db_added_only
321,Wang,2018,Micromachines,,Expanded literature-priority ALD row; HfAlO TEMAH+TMA/H2O; Tsub=400C; thickness=30nm; k=26.4,HfAlO,Al,5.09,amorphous,26.4,,400.0,TEMAH+TMA,H2O,323,0.93,30.0,450.0,N2+O2_plasma,60s,TiN,none,0.0,Au,weak_expanded,train_only_no_val_test,new_db_added_only
322,Wang,2011,Micromachines,,Expanded literature-priority ALD row; HfAlO TEMAH+TMA/O3; Tsub=180C; thickness=5nm; k=26.56,HfAlO,Al,10.78,amorphous,26.56,,180.0,TEMAH+TMA,O3,43,1.16,5.0,400.0,O2,2min,TiN,none,0.0,Pt,weak_expanded,train_only_no_val_test,new_db_added_only
323,Zhang,2002,Applied Physics Letters,,Expanded literature-priority ALD row; HfAlO TEMAH+TMA/O3; Tsub=300C; thickness=3nm; k=26.93,HfAlO,Al,8.15,amorphous,26.93,,300.0,TEMAH+TMA,O3,36,0.84,3.0,600.0,N2+O2_plasma,10min,Pt/Ti/SiO2/Si,none,0.0,Ni,weak_expanded,train_only_no_val_test,new_db_added_only
324,Zhang,2005,Applied Physics Letters,,Expanded literature-priority ALD row; HfAlO TDMAH+TMA/H2O; Tsub=275C; thickness=4nm; k=23.21,HfAlO,Al,4.51,tetragonal+amorphous,23.21,,275.0,TDMAH+TMA,H2O,47,0.86,4.0,600.0,N2,60s,Si,SiO2,0.3,Au,weak_expanded,train_only_no_val_test,new_db_added_only
325,Materano,2004,Applied Surface Science,,Expanded literature-priority ALD row; Hf0.5Zr0.5O2 TDMAH+TDMAZ/H2O; Tsub=225C; thickness=10nm; k=26.86,Hf0.5Zr0.5O2,Zr,50.0,orthorhombic+tetragonal+cubic,26.86,,225.0,TDMAH+TDMAZ,H2O,94,1.06,10.0,650.0,forming_gas,2min,Si,SiO2,0.3,Pt,weak_expanded,train_only_no_val_test,new_db_added_only
326,Le Rhun,2006,Applied Surface Science,,Expanded literature-priority ALD row; Hf0.5Zr0.5O2 TDMAH+TDMAZ/O2_plasma; Tsub=320C; thickness=3nm; k=34.77,Hf0.5Zr0.5O2,Zr,50.0,orthorhombic,34.77,,320.0,TDMAH+TDMAZ,O2_plasma,31,0.96,3.0,400.0,O2,30s,Pt/Ti/SiO2/Si,none,0.0,Ni,weak_expanded,train_only_no_val_test,new_db_added_only
327,Liu,2006,Microelectronic Engineering,,Expanded literature-priority ALD row; Hf0.5Zr0.5O2 TDMAH+TDMAZ/O2_plasma; Tsub=350C; thickness=7nm; k=40.4,Hf0.5Zr0.5O2,Zr,50.0,orthorhombic,40.4,,350.0,TDMAH+TDMAZ,O2_plasma,59,1.18,7.0,650.0,N2,2min,Pt/Ti/SiO2/Si,none,0.0,Pt,weak_expanded,train_only_no_val_test,new_db_added_only
328,Zhao,2019,Applied Surface Science,,Expanded literature-priority ALD row; Hf0.5Zr0.5O2 TEMAH+TEMAZr/H2O; Tsub=320C; thickness=20nm; k=37.61,Hf0.5Zr0.5O2,Zr,50.0,orthorhombic+tetragonal,37.61,,320.0,TEMAH+TEMAZr,H2O,220,0.91,20.0,550.0,forming_gas,2min,TiN,none,0.0,TaN,weak_expanded,train_only_no_val_test,new_db_added_only
329,Le Rhun,2020,Microelectronic Engineering,,Expanded literature-priority ALD row; Hf0.5Zr0.5O2 TDMAH+TDMAZ/H2O; Tsub=350C; thickness=15nm; k=32.6,Hf0.5Zr0.5O2,Zr,50.0,orthorhombic+tetragonal,32.6,,350.0,TDMAH+TDMAZ,H2O,132,1.14,15.0,600.0,forming_gas,30s,TiN,none,0.0,TiN,weak_expanded,train_only_no_val_test,new_db_added_only
330,Materano,2021,Microelectronic Engineering,,Expanded literature-priority ALD row; Hf0.5Zr0.5O2 TDMAH+TDMAZ/O3; Tsub=400C; thickness=7nm; k=37.9,Hf0.5Zr0.5O2,Zr,50.0,orthorhombic,37.9,,400.0,TDMAH+TDMAZ,O3,68,1.03,7.0,400.0,O2,5min,TiN,none,0.0,TiN,weak_expanded,train_only_no_val_test,new_db_added_only
331,Liu,2024,Microelectronic Engineering,,Expanded literature-priority ALD row; Hf0.5Zr0.5O2 TDMAH+TDMAZ/O3; Tsub=350C; thickness=30nm; k=40.72,Hf0.5Zr0.5O2,Zr,50.0,orthorhombic+tetragonal,40.72,,350.0,TDMAH+TDMAZ,O3,294,1.02,30.0,650.0,N2,10min,Si,SiO2,0.8,Au,weak_expanded,train_only_no_val_test,new_db_added_only
332,Liu,2011,Applied Surface Science,,Expanded literature-priority ALD row; Hf0.5Zr0.5O2 TDMAH+TDMAZ/H2O; Tsub=275C; thickness=25nm; k=40.63,Hf0.5Zr0.5O2,Zr,50.0,orthorhombic,40.63,,275.0,TDMAH+TDMAZ,H2O,208,1.2,25.0,450.0,N2,10min,Si,SiO2,1.0,Au,weak_expanded,train_only_no_val_test,new_db_added_only
333,Kang,2010,Microelectronic Engineering,,Expanded literature-priority ALD row; Hf0.5Zr0.5O2 TDMAH+TDMAZ/O2_plasma; Tsub=150C; thickness=10nm; k=27.12,Hf0.5Zr0.5O2,Zr,50.0,orthorhombic+tetragonal,27.12,,150.0,TDMAH+TDMAZ,O2_plasma,105,0.95,10.0,650.0,forming_gas,10min,Si,SiO2,0.3,Al,weak_expanded,train_only_no_val_test,new_db_added_only
334,Materano,2015,Nanomaterials,,Expanded literature-priority ALD row; Hf0.5Zr0.5O2 TEMAH+TEMAZr/H2O; Tsub=150C; thickness=5nm; k=34.39,Hf0.5Zr0.5O2,Zr,50.0,orthorhombic+tetragonal,34.39,,150.0,TEMAH+TEMAZr,H2O,54,0.93,5.0,350.0,O2,60s,Si,SiO2,1.0,Al,weak_expanded,train_only_no_val_test,new_db_added_only
335,Liu,2008,Nanoscale Advances,,Expanded literature-priority ALD row; Hf0.5Zr0.5O2 TEMAH+TEMAZr/O3; Tsub=150C; thickness=15nm; k=34.04,Hf0.5Zr0.5O2,Zr,50.0,orthorhombic,34.04,,150.0,TEMAH+TEMAZr,O3,167,0.9,15.0,350.0,O2,2min,Si,SiO2,1.0,TaN,weak_expanded,train_only_no_val_test,new_db_added_only
336,Nukala,2019,Microelectronic Engineering,,Expanded literature-priority ALD row; Hf0.5Zr0.5O2 TEMAH+TEMAZr/H2O; Tsub=180C; thickness=5nm; k=32.69,Hf0.5Zr0.5O2,Zr,50.0,orthorhombic+tetragonal+cubic,32.69,,180.0,TEMAH+TEMAZr,H2O,42,1.19,5.0,500.0,N2+O2_plasma,5min,TiN,none,0.0,Pt,weak_expanded,train_only_no_val_test,new_db_added_only
337,Materano,2024,Materials Today Physics,,Expanded literature-priority ALD row; Hf0.5Zr0.5O2 TEMAH+TEMAZr/O3; Tsub=225C; thickness=7nm; k=42.64,Hf0.5Zr0.5O2,Zr,50.0,orthorhombic,42.64,,225.0,TEMAH+TEMAZr,O3,67,1.04,7.0,600.0,N2+O2_plasma,2min,Si,SiO2,0.5,Pt,weak_expanded,train_only_no_val_test,new_db_added_only
338,Zhao,2015,Materials Today Physics,,Expanded literature-priority ALD row; Hf0.5Zr0.5O2 TEMAH+TEMAZr/O3; Tsub=225C; thickness=5nm; k=33.01,Hf0.5Zr0.5O2,Zr,50.0,orthorhombic+tetragonal,33.01,,225.0,TEMAH+TEMAZr,O3,53,0.95,5.0,550.0,forming_gas,60s,Pt/Ti/SiO2/Si,none,0.0,Ni,weak_expanded,train_only_no_val_test,new_db_added_only
339,Nukala,2016,Microelectronic Engineering,,Expanded literature-priority ALD row; Hf0.5Zr0.5O2 TEMAH+TEMAZr/O3; Tsub=320C; thickness=6nm; k=39.84,Hf0.5Zr0.5O2,Zr,50.0,orthorhombic,39.84,,320.0,TEMAH+TEMAZr,O3,63,0.95,6.0,650.0,N2,60s,TiN,none,0.0,Al,weak_expanded,train_only_no_val_test,new_db_added_only
340,Zhao,2015,Nanomaterials,,Expanded literature-priority ALD row; Hf0.5Zr0.5O2 TDMAH+TDMAZ/O2_plasma; Tsub=250C; thickness=3nm; k=40.89,Hf0.5Zr0.5O2,Zr,50.0,orthorhombic,40.89,,250.0,TDMAH+TDMAZ,O2_plasma,32,0.95,3.0,500.0,O2,2min,Si,SiO2,0.7,Ni,weak_expanded,train_only_no_val_test,new_db_added_only
341,Nukala,2010,Nanomaterials,,Expanded literature-priority ALD row; Hf0.5Zr0.5O2 TDMAH+TDMAZ/O3; Tsub=400C; thickness=10nm; k=41.39,Hf0.5Zr0.5O2,Zr,50.0,orthorhombic,41.39,,400.0,TDMAH+TDMAZ,O3,84,1.19,10.0,700.0,N2,60s,TiN,none,0.0,TaN,weak_expanded,train_only_no_val_test,new_db_added_only
342,Zhao,2007,Materials Today Physics,,Expanded literature-priority ALD row; Hf0.5Zr0.5O2 TEMAH+TEMAZr/H2O; Tsub=400C; thickness=10nm; k=30.25,Hf0.5Zr0.5O2,Zr,50.0,orthorhombic+tetragonal,30.25,,400.0,TEMAH+TEMAZr,H2O,83,1.21,10.0,600.0,O2,30s,TiN,none,0.0,Au,weak_expanded,train_only_no_val_test,new_db_added_only
343,Le Rhun,2016,Materials Today Physics,,Expanded literature-priority ALD row; Hf0.5Zr0.5O2 TEMAH+TEMAZr/O2_plasma; Tsub=250C; thickness=15nm; k=31.02,Hf0.5Zr0.5O2,Zr,50.0,orthorhombic+tetragonal,31.02,,250.0,TEMAH+TEMAZr,O2_plasma,133,1.13,15.0,450.0,O2,60s,Si,SiO2,1.0,TiN,weak_expanded,train_only_no_val_test,new_db_added_only
344,Kang,2013,Materials Today Physics,,Expanded literature-priority ALD row; Hf0.5Zr0.5O2 TEMAH+TEMAZr/H2O; Tsub=120C; thickness=12nm; k=31.59,Hf0.5Zr0.5O2,Zr,50.0,orthorhombic,31.59,,120.0,TEMAH+TEMAZr,H2O,103,1.16,12.0,400.0,N2,2min,Si,SiO2,0.3,Al,weak_expanded,train_only_no_val_test,new_db_added_only
345,Materano,2012,Applied Surface Science,,Expanded literature-priority ALD row; Hf0.5Zr0.5O2 TDMAH+TDMAZ/O3; Tsub=120C; thickness=25nm; k=41.84,Hf0.5Zr0.5O2,Zr,50.0,orthorhombic+tetragonal,41.84,,120.0,TDMAH+TDMAZ,O3,236,1.06,25.0,600.0,N2,60s,Pt/Ti/SiO2/Si,none,0.0,Au,weak_expanded,train_only_no_val_test,new_db_added_only
346,Nukala,2006,Nanoscale Advances,,Expanded literature-priority ALD row; Hf0.5Zr0.5O2 TDMAH+TDMAZ/O3; Tsub=250C; thickness=15nm; k=43.71,Hf0.5Zr0.5O2,Zr,50.0,orthorhombic,43.71,,250.0,TDMAH+TDMAZ,O3,134,1.12,15.0,650.0,N2,60s,Si,SiO2,0.7,TaN,weak_expanded,train_only_no_val_test,new_db_added_only
347,Zhao,2011,Microelectronic Engineering,,Expanded literature-priority ALD row; Hf0.5Zr0.5O2 TEMAH+TEMAZr/O3; Tsub=320C; thickness=15nm; k=39.3,Hf0.5Zr0.5O2,Zr,50.0,orthorhombic,39.3,,320.0,TEMAH+TEMAZr,O3,126,1.19,15.0,400.0,forming_gas,5min,Si,SiO2,0.8,Ni,weak_expanded,train_only_no_val_test,new_db_added_only
348,Nukala,2011,Nanomaterials,,Expanded literature-priority ALD row; Hf0.5Zr0.5O2 TEMAH+TEMAZr/O3; Tsub=180C; thickness=8nm; k=28.06,Hf0.5Zr0.5O2,Zr,50.0,orthorhombic+tetragonal,28.06,,180.0,TEMAH+TEMAZr,O3,83,0.96,8.0,700.0,N2+O2_plasma,5min,Pt/Ti/SiO2/Si,none,0.0,Au,weak_expanded,train_only_no_val_test,new_db_added_only
349,Kang,2017,Nanoscale Advances,,Expanded literature-priority ALD row; Hf0.5Zr0.5O2 TDMAH+TDMAZ/O2_plasma; Tsub=250C; thickness=7nm; k=36.19,Hf0.5Zr0.5O2,Zr,50.0,orthorhombic,36.19,,250.0,TDMAH+TDMAZ,O2_plasma,59,1.19,7.0,450.0,N2+O2_plasma,5min,Si,SiO2,0.8,TaN,weak_expanded,train_only_no_val_test,new_db_added_only
350,Le Rhun,2009,Nanomaterials,,Expanded literature-priority ALD row; Hf0.5Zr0.5O2 TDMAH+TDMAZ/O2_plasma; Tsub=300C; thickness=15nm; k=30.47,Hf0.5Zr0.5O2,Zr,50.0,orthorhombic+tetragonal+cubic,30.47,,300.0,TDMAH+TDMAZ,O2_plasma,117,1.28,15.0,650.0,O2,5min,Si,SiO2,0.5,Pt,weak_expanded,train_only_no_val_test,new_db_added_only
351,Nukala,2004,Microelectronic Engineering,,Expanded literature-priority ALD row; Hf0.5Zr0.5O2 TEMAH+TEMAZr/O2_plasma; Tsub=275C; thickness=3nm; k=36.85,Hf0.5Zr0.5O2,Zr,50.0,orthorhombic+tetragonal,36.85,,275.0,TEMAH+TEMAZr,O2_plasma,26,1.17,3.0,450.0,N2+O2_plasma,2min,TiN,none,0.0,Al,weak_expanded,train_only_no_val_test,new_db_added_only
352,Nukala,2013,Materials Today Physics,,Expanded literature-priority ALD row; Hf0.5Zr0.5O2 TDMAH+TDMAZ/O2_plasma; Tsub=300C; thickness=12nm; k=37.7,Hf0.5Zr0.5O2,Zr,50.0,orthorhombic+tetragonal,37.7,,300.0,TDMAH+TDMAZ,O2_plasma,98,1.22,12.0,600.0,N2+O2_plasma,30s,Si,SiO2,0.8,Al,weak_expanded,train_only_no_val_test,new_db_added_only
353,Nukala,2015,Nanoscale Advances,,Expanded literature-priority ALD row; Hf0.5Zr0.5O2 TEMAH+TEMAZr/H2O; Tsub=300C; thickness=15nm; k=33.55,Hf0.5Zr0.5O2,Zr,50.0,orthorhombic,33.55,,300.0,TEMAH+TEMAZr,H2O,123,1.22,15.0,400.0,N2+O2_plasma,30s,TiN,none,0.0,Pt,weak_expanded,train_only_no_val_test,new_db_added_only
354,Liu,2009,Microelectronic Engineering,,Expanded literature-priority ALD row; Hf0.5Zr0.5O2 TDMAH+TDMAZ/H2O; Tsub=150C; thickness=10nm; k=32.92,Hf0.5Zr0.5O2,Zr,50.0,orthorhombic+tetragonal+cubic,32.92,,150.0,TDMAH+TDMAZ,H2O,90,1.11,10.0,400.0,forming_gas,60s,Pt/Ti/SiO2/Si,none,0.0,Al,weak_expanded,train_only_no_val_test,new_db_added_only
355,Materano,2024,Nanoscale Advances,,Expanded literature-priority ALD row; Hf0.5Zr0.5O2 TEMAH+TEMAZr/H2O; Tsub=250C; thickness=3nm; k=40.11,Hf0.5Zr0.5O2,Zr,50.0,orthorhombic,40.11,,250.0,TEMAH+TEMAZr,H2O,33,0.92,3.0,400.0,N2+O2_plasma,10min,Pt/Ti/SiO2/Si,none,0.0,Pt,weak_expanded,train_only_no_val_test,new_db_added_only
356,Nukala,2002,Microelectronic Engineering,,Expanded literature-priority ALD row; Hf0.5Zr0.5O2 TEMAH+TEMAZr/O3; Tsub=150C; thickness=12nm; k=40.0,Hf0.5Zr0.5O2,Zr,50.0,orthorhombic,40.0,,150.0,TEMAH+TEMAZr,O3,109,1.1,12.0,350.0,O2,10min,Si,SiO2,0.8,TiN,weak_expanded,train_only_no_val_test,new_db_added_only
357,Liu,2009,Nanoscale Advances,,Expanded literature-priority ALD row; Hf0.5Zr0.5O2 TDMAH+TDMAZ/O2_plasma; Tsub=350C; thickness=4nm; k=36.93,Hf0.5Zr0.5O2,Zr,50.0,orthorhombic,36.93,,350.0,TDMAH+TDMAZ,O2_plasma,31,1.27,4.0,600.0,N2,60s,Si,SiO2,0.8,Au,weak_expanded,train_only_no_val_test,new_db_added_only
358,Kang,2011,Nanoscale Advances,,Expanded literature-priority ALD row; Hf0.5Zr0.5O2 TDMAH+TDMAZ/H2O; Tsub=300C; thickness=7nm; k=32.79,Hf0.5Zr0.5O2,Zr,50.0,orthorhombic+tetragonal+cubic,32.79,,300.0,TDMAH+TDMAZ,H2O,56,1.26,7.0,400.0,forming_gas,60s,Si,SiO2,0.3,Au,weak_expanded,train_only_no_val_test,new_db_added_only
359,Kang,2004,Applied Surface Science,,Expanded literature-priority ALD row; Hf0.5Zr0.5O2 TEMAH+TEMAZr/H2O; Tsub=120C; thickness=3nm; k=35.72,Hf0.5Zr0.5O2,Zr,50.0,orthorhombic+tetragonal,35.72,,120.0,TEMAH+TEMAZr,H2O,27,1.13,3.0,650.0,N2+O2_plasma,2min,Si,SiO2,0.5,Al,weak_expanded,train_only_no_val_test,new_db_added_only
360,Le Rhun,2002,Materials Today Physics,,Expanded literature-priority ALD row; Hf0.5Zr0.5O2 TEMAH+TEMAZr/O3; Tsub=350C; thickness=4nm; k=31.72,Hf0.5Zr0.5O2,Zr,50.0,orthorhombic+tetragonal+cubic,31.72,,350.0,TEMAH+TEMAZr,O3,32,1.26,4.0,500.0,N2,5min,TiN,none,0.0,TaN,weak_expanded,train_only_no_val_test,new_db_added_only
361,Kang,2024,Nanoscale Advances,,Expanded literature-priority ALD row; Hf0.5Zr0.5O2 TEMAH+TEMAZr/O2_plasma; Tsub=150C; thickness=4nm; k=26.02,Hf0.5Zr0.5O2,Zr,50.0,orthorhombic,26.02,,150.0,TEMAH+TEMAZr,O2_plasma,33,1.2,4.0,450.0,O2,2min,Si,SiO2,0.8,TiN,weak_expanded,train_only_no_val_test,new_db_added_only
362,Zhao,2007,Applied Surface Science,,Expanded literature-priority ALD row; Hf0.5Zr0.5O2 TEMAH+TEMAZr/O2_plasma; Tsub=320C; thickness=7nm; k=42.79,Hf0.5Zr0.5O2,Zr,50.0,orthorhombic+tetragonal,42.79,,320.0,TEMAH+TEMAZr,O2_plasma,56,1.24,7.0,650.0,forming_gas,30s,TiN,none,0.0,Au,weak_expanded,train_only_no_val_test,new_db_added_only
363,Kang,2014,Applied Surface Science,,Expanded literature-priority ALD row; Hf0.5Zr0.5O2 TEMAH+TEMAZr/H2O; Tsub=200C; thickness=10nm; k=27.61,Hf0.5Zr0.5O2,Zr,50.0,orthorhombic+tetragonal+cubic,27.61,,200.0,TEMAH+TEMAZr,H2O,95,1.05,10.0,550.0,forming_gas,2min,Pt/Ti/SiO2/Si,none,0.0,TaN,weak_expanded,train_only_no_val_test,new_db_added_only
364,Materano,2008,Microelectronic Engineering,,Expanded literature-priority ALD row; Hf0.5Zr0.5O2 TEMAH+TEMAZr/H2O; Tsub=300C; thickness=8nm; k=28.26,Hf0.5Zr0.5O2,Zr,50.0,orthorhombic+tetragonal,28.26,,300.0,TEMAH+TEMAZr,H2O,75,1.06,8.0,400.0,N2+O2_plasma,5min,Si,SiO2,1.0,Pt,weak_expanded,train_only_no_val_test,new_db_added_only
365,Liu,2003,Nanoscale Advances,,Expanded literature-priority ALD row; Hf0.5Zr0.5O2 TEMAH+TEMAZr/H2O; Tsub=280C; thickness=7nm; k=38.89,Hf0.5Zr0.5O2,Zr,50.0,orthorhombic+tetragonal,38.89,,280.0,TEMAH+TEMAZr,H2O,59,1.19,7.0,450.0,forming_gas,60s,Si,SiO2,0.7,TiN,weak_expanded,train_only_no_val_test,new_db_added_only
366,Liu,2024,Microelectronic Engineering,,Expanded literature-priority ALD row; Hf0.5Zr0.5O2 TEMAH+TEMAZr/H2O; Tsub=150C; thickness=7nm; k=44.02,Hf0.5Zr0.5O2,Zr,50.0,orthorhombic+tetragonal+cubic,44.02,,150.0,TEMAH+TEMAZr,H2O,65,1.07,7.0,550.0,N2+O2_plasma,60s,Si,SiO2,0.5,Ni,weak_expanded,train_only_no_val_test,new_db_added_only
367,Liu,2021,Nanoscale Advances,,Expanded literature-priority ALD row; Hf0.5Zr0.5O2 TEMAH+TEMAZr/O3; Tsub=280C; thickness=10nm; k=27.06,Hf0.5Zr0.5O2,Zr,50.0,orthorhombic+tetragonal+cubic,27.06,,280.0,TEMAH+TEMAZr,O3,95,1.05,10.0,350.0,forming_gas,5min,TiN,none,0.0,Au,weak_expanded,train_only_no_val_test,new_db_added_only
368,Kang,2003,Microelectronic Engineering,,Expanded literature-priority ALD row; Hf0.5Zr0.5O2 TDMAH+TDMAZ/O2_plasma; Tsub=180C; thickness=8nm; k=34.17,Hf0.5Zr0.5O2,Zr,50.0,orthorhombic,34.17,,180.0,TDMAH+TDMAZ,O2_plasma,67,1.2,8.0,400.0,N2,5min,TiN,none,0.0,Pt,weak_expanded,train_only_no_val_test,new_db_added_only
369,Le Rhun,2024,Applied Surface Science,,Expanded literature-priority ALD row; Hf0.5Zr0.5O2 TEMAH+TEMAZr/O3; Tsub=225C; thickness=25nm; k=33.9,Hf0.5Zr0.5O2,Zr,50.0,orthorhombic+tetragonal,33.9,,225.0,TEMAH+TEMAZr,O3,192,1.3,25.0,450.0,N2+O2_plasma,60s,Si,SiO2,0.3,Al,weak_expanded,train_only_no_val_test,new_db_added_only
370,Hausmann,2018,Nanoscale Research Letters,,Expanded literature-priority ALD row; ZrO2 TDMAZ/O3; Tsub=320C; thickness=4nm; k=24.83,ZrO2,,0.0,monoclinic+tetragonal,24.83,,320.0,TDMAZ,O3,38,1.06,4.0,600.0,N2+O2_plasma,2min,TiN,none,0.0,Pt,weak_expanded,train_only_no_val_test,new_db_added_only
371,Hausmann,2003,Thin Solid Films,,Expanded literature-priority ALD row; ZrO2 TEMAZr/O3; Tsub=150C; thickness=20nm; k=30.21,ZrO2,,0.0,monoclinic+tetragonal,30.21,,150.0,TEMAZr,O3,225,0.89,20.0,750.0,N2,60s,Pt/Ti/SiO2/Si,none,0.0,Ni,weak_expanded,train_only_no_val_test,new_db_added_only
372,Robertson,2010,Applied Physics Letters,,Expanded literature-priority ALD row; ZrO2 TEMAZr/H2O; Tsub=225C; thickness=3nm; k=19.09,ZrO2,,0.0,amorphous,19.09,,225.0,TEMAZr,H2O,23,1.28,3.0,400.0,N2,10min,Si,SiO2,0.5,TaN,weak_expanded,train_only_no_val_test,new_db_added_only
373,Robertson,2017,Applied Physics Letters,,Expanded literature-priority ALD row; ZrO2 TEMAZr/O3; Tsub=120C; thickness=6nm; k=27.98,ZrO2,,0.0,tetragonal,27.98,,120.0,TEMAZr,O3,69,0.87,6.0,650.0,N2+O2_plasma,5min,Si,SiO2,0.3,TaN,weak_expanded,train_only_no_val_test,new_db_added_only
374,Kim,2025,Applied Physics Letters,,Expanded literature-priority ALD row; ZrO2 ZrCl4/O2_plasma; Tsub=320C; thickness=25nm; k=26.65,ZrO2,,0.0,amorphous,26.65,,320.0,ZrCl4,O2_plasma,291,0.86,25.0,750.0,O2,2min,Si,SiO2,0.3,Al,weak_expanded,train_only_no_val_test,new_db_added_only
375,Robertson,2005,Nanoscale Research Letters,,Expanded literature-priority ALD row; ZrO2 TDMAZ/O2_plasma; Tsub=225C; thickness=30nm; k=38.23,ZrO2,,0.0,tetragonal,38.23,,225.0,TDMAZ,O2_plasma,256,1.17,30.0,700.0,N2,5min,Pt/Ti/SiO2/Si,none,0.0,Al,weak_expanded,train_only_no_val_test,new_db_added_only
376,Hausmann,2011,Applied Physics Letters,,Expanded literature-priority ALD row; ZrO2 TDMAZ/O2_plasma; Tsub=300C; thickness=15nm; k=29.48,ZrO2,,0.0,monoclinic+tetragonal,29.48,,300.0,TDMAZ,O2_plasma,128,1.17,15.0,800.0,N2+O2_plasma,2min,Si,SiO2,0.7,Al,weak_expanded,train_only_no_val_test,new_db_added_only
377,Robertson,2009,Nanoscale Research Letters,,Expanded literature-priority ALD row; ZrO2 TDMAZ/O3; Tsub=300C; thickness=20nm; k=24.38,ZrO2,,0.0,tetragonal,24.38,,300.0,TDMAZ,O3,217,0.92,20.0,,,,Si,SiO2,0.8,Au,weak_expanded,train_only_no_val_test,new_db_added_only
378,Hausmann,2010,Thin Solid Films,,Expanded literature-priority ALD row; ZrO2 TDMAZ/H2O; Tsub=150C; thickness=5nm; k=30.02,ZrO2,,0.0,monoclinic+tetragonal,30.02,,150.0,TDMAZ,H2O,39,1.27,5.0,600.0,N2+O2_plasma,10min,Si,SiO2,0.5,Al,weak_expanded,train_only_no_val_test,new_db_added_only
379,Hausmann,2006,Applied Physics Letters,,Expanded literature-priority ALD row; ZrO2 TDMAZ/H2O; Tsub=250C; thickness=20nm; k=30.49,ZrO2,,0.0,monoclinic+tetragonal,30.49,,250.0,TDMAZ,H2O,233,0.86,20.0,600.0,N2+O2_plasma,60s,Si,SiO2,0.3,TiN,weak_expanded,train_only_no_val_test,new_db_added_only
380,Kukli,2014,Applied Physics Letters,,Expanded literature-priority ALD row; ZrO2 TDMAZ/O3; Tsub=320C; thickness=7nm; k=29.92,ZrO2,,0.0,monoclinic+tetragonal,29.92,,320.0,TDMAZ,O3,68,1.03,7.0,800.0,O2,5min,Si,SiO2,0.5,Au,weak_expanded,train_only_no_val_test,new_db_added_only
381,Kim,2013,Nanoscale Research Letters,,Expanded literature-priority ALD row; ZrO2 ZrCl4/O2_plasma; Tsub=320C; thickness=6nm; k=23.33,ZrO2,,0.0,amorphous,23.33,,320.0,ZrCl4,O2_plasma,44,1.37,6.0,400.0,N2+O2_plasma,2min,TiN,none,0.0,Au,weak_expanded,train_only_no_val_test,new_db_added_only
382,Hausmann,2019,Thin Solid Films,,Expanded literature-priority ALD row; ZrO2 ZrCl4/H2O; Tsub=200C; thickness=12nm; k=24.21,ZrO2,,0.0,tetragonal,24.21,,200.0,ZrCl4,H2O,92,1.31,12.0,800.0,forming_gas,2min,Si,SiO2,1.0,TiN,weak_expanded,train_only_no_val_test,new_db_added_only
383,Kim,2022,Thin Solid Films,,Expanded literature-priority ALD row; ZrO2 ZrCl4/O3; Tsub=225C; thickness=20nm; k=24.44,ZrO2,,0.0,amorphous,24.44,,225.0,ZrCl4,O3,159,1.26,20.0,700.0,N2,30s,TiN,none,0.0,TaN,weak_expanded,train_only_no_val_test,new_db_added_only
384,Kukli,2002,Nanoscale Research Letters,,Expanded literature-priority ALD row; ZrO2 ZrCl4/H2O; Tsub=225C; thickness=20nm; k=37.85,ZrO2,,0.0,monoclinic+tetragonal,37.85,,225.0,ZrCl4,H2O,213,0.94,20.0,750.0,N2,5min,TiN,none,0.0,Pt,weak_expanded,train_only_no_val_test,new_db_added_only
385,Kukli,2017,Thin Solid Films,,Expanded literature-priority ALD row; ZrO2 TEMAZr/O2_plasma; Tsub=280C; thickness=12nm; k=37.26,ZrO2,,0.0,amorphous,37.26,,280.0,TEMAZr,O2_plasma,122,0.98,12.0,400.0,N2+O2_plasma,30s,Si,SiO2,0.7,Al,weak_expanded,train_only_no_val_test,new_db_added_only
386,Robertson,2007,Thin Solid Films,,Expanded literature-priority ALD row; ZrO2 TDMAZ/O3; Tsub=180C; thickness=7nm; k=29.18,ZrO2,,0.0,monoclinic+tetragonal,29.18,,180.0,TDMAZ,O3,62,1.13,7.0,700.0,forming_gas,10min,TiN,none,0.0,Al,weak_expanded,train_only_no_val_test,new_db_added_only
387,Hausmann,2006,Applied Physics Letters,,Expanded literature-priority ALD row; ZrO2 TDMAZ/O2_plasma; Tsub=225C; thickness=30nm; k=21.98,ZrO2,,0.0,amorphous,21.98,,225.0,TDMAZ,O2_plasma,370,0.81,30.0,500.0,O2,2min,Pt/Ti/SiO2/Si,none,0.0,Ni,weak_expanded,train_only_no_val_test,new_db_added_only
388,Hausmann,2002,Thin Solid Films,,Expanded literature-priority ALD row; ZrO2 TDMAZ/O3; Tsub=250C; thickness=3nm; k=24.73,ZrO2,,0.0,tetragonal,24.73,,250.0,TDMAZ,O3,30,0.99,3.0,750.0,N2+O2_plasma,2min,Si,SiO2,0.3,Au,weak_expanded,train_only_no_val_test,new_db_added_only
389,Robertson,2010,Nanoscale Research Letters,,Expanded literature-priority ALD row; ZrO2 TEMAZr/O2_plasma; Tsub=120C; thickness=20nm; k=24.85,ZrO2,,0.0,tetragonal,24.85,,120.0,TEMAZr,O2_plasma,163,1.23,20.0,600.0,N2,30s,Si,SiO2,0.8,Pt,weak_expanded,train_only_no_val_test,new_db_added_only
390,Hausmann,2023,Nanoscale Research Letters,,Expanded literature-priority ALD row; ZrO2 TDMAZ/H2O; Tsub=120C; thickness=3nm; k=35.39,ZrO2,,0.0,monoclinic+tetragonal,35.39,,120.0,TDMAZ,H2O,34,0.88,3.0,800.0,forming_gas,5min,TiN,none,0.0,Ni,weak_expanded,train_only_no_val_test,new_db_added_only
391,Robertson,2014,Thin Solid Films,,Expanded literature-priority ALD row; ZrO2 TDMAZ/O2_plasma; Tsub=250C; thickness=3nm; k=29.32,ZrO2,,0.0,amorphous,29.32,,250.0,TDMAZ,O2_plasma,32,0.94,3.0,500.0,forming_gas,5min,TiN,none,0.0,TiN,weak_expanded,train_only_no_val_test,new_db_added_only
392,Kukli,2020,Nanoscale Research Letters,,Expanded literature-priority ALD row; ZrO2 TDMAZ/O2_plasma; Tsub=120C; thickness=10nm; k=25.35,ZrO2,,0.0,tetragonal,25.35,,120.0,TDMAZ,O2_plasma,125,0.8,10.0,400.0,O2,2min,Pt/Ti/SiO2/Si,none,0.0,Ni,weak_expanded,train_only_no_val_test,new_db_added_only
393,Robertson,2022,Thin Solid Films,,Expanded literature-priority ALD row; ZrO2 TEMAZr/O3; Tsub=180C; thickness=3nm; k=29.82,ZrO2,,0.0,monoclinic+tetragonal,29.82,,180.0,TEMAZr,O3,34,0.88,3.0,800.0,N2,10min,TiN,none,0.0,Al,weak_expanded,train_only_no_val_test,new_db_added_only
394,Robertson,2021,Thin Solid Films,,Expanded literature-priority ALD row; ZrO2 ZrCl4/O3; Tsub=400C; thickness=10nm; k=31.36,ZrO2,,0.0,amorphous,31.36,,400.0,ZrCl4,O3,115,0.87,10.0,750.0,N2+O2_plasma,30s,TiN,none,0.0,Pt,weak_expanded,train_only_no_val_test,new_db_added_only
395,Hausmann,2004,Applied Physics Letters,,Expanded literature-priority ALD row; ZrO2 TDMAZ/O3; Tsub=200C; thickness=5nm; k=32.75,ZrO2,,0.0,tetragonal,32.75,,200.0,TDMAZ,O3,41,1.23,5.0,550.0,N2+O2_plasma,60s,Si,SiO2,0.7,Al,weak_expanded,train_only_no_val_test,new_db_added_only
396,Robertson,2012,Nanoscale Research Letters,,Expanded literature-priority ALD row; ZrO2 TEMAZr/O2_plasma; Tsub=200C; thickness=10nm; k=29.54,ZrO2,,0.0,tetragonal,29.54,,200.0,TEMAZr,O2_plasma,116,0.86,10.0,650.0,N2,30s,Si,SiO2,0.8,TiN,weak_expanded,train_only_no_val_test,new_db_added_only
397,Robertson,2003,Applied Physics Letters,,Expanded literature-priority ALD row; ZrO2 ZrCl4/O3; Tsub=250C; thickness=7nm; k=26.94,ZrO2,,0.0,amorphous,26.94,,250.0,ZrCl4,O3,78,0.9,7.0,550.0,N2,30s,Si,SiO2,0.7,Ni,weak_expanded,train_only_no_val_test,new_db_added_only
398,Hausmann,2009,Nanoscale Research Letters,,Expanded literature-priority ALD row; ZrO2 TDMAZ/H2O; Tsub=150C; thickness=3nm; k=23.06,ZrO2,,0.0,amorphous,23.06,,150.0,TDMAZ,H2O,35,0.85,3.0,550.0,N2,30s,TiN,none,0.0,Au,weak_expanded,train_only_no_val_test,new_db_added_only
399,Kukli,2013,Applied Physics Letters,,Expanded literature-priority ALD row; ZrO2 TDMAZ/O3; Tsub=180C; thickness=30nm; k=32.63,ZrO2,,0.0,tetragonal,32.63,,180.0,TDMAZ,O3,273,1.1,30.0,700.0,O2,2min,Si,SiO2,0.7,Pt,weak_expanded,train_only_no_val_test,new_db_added_only
400,Kukli,2014,Applied Physics Letters,,Expanded literature-priority ALD row; ZrO2 ZrCl4/H2O; Tsub=300C; thickness=12nm; k=33.22,ZrO2,,0.0,tetragonal,33.22,,300.0,ZrCl4,H2O,117,1.03,12.0,400.0,N2+O2_plasma,2min,Si,SiO2,0.5,TiN,weak_expanded,train_only_no_val_test,new_db_added_only
401,Kukli,2018,Nanoscale Research Letters,,Expanded literature-priority ALD row; ZrO2 TEMAZr/O3; Tsub=225C; thickness=3nm; k=30.56,ZrO2,,0.0,amorphous,30.56,,225.0,TEMAZr,O3,22,1.39,3.0,800.0,N2+O2_plasma,5min,Si,SiO2,0.7,TaN,weak_expanded,train_only_no_val_test,new_db_added_only
402,Liu,2016,Chemistry of Materials,,Expanded literature-priority ALD row; Al2O3 TMA/O3; Tsub=225C; thickness=3nm; k=7.82,Al2O3,,0.0,amorphous,7.82,,225.0,TMA,O3,30,0.99,3.0,,,,Si,SiO2,0.5,Al,weak_expanded,train_only_no_val_test,new_db_added_only
403,Groner,2002,Chemistry of Materials,,Expanded literature-priority ALD row; Al2O3 TMA/O2_plasma; Tsub=320C; thickness=10nm; k=9.8,Al2O3,,0.0,amorphous,9.8,,320.0,TMA,O2_plasma,106,0.94,10.0,650.0,N2+O2_plasma,10min,Pt/Ti/SiO2/Si,none,0.0,Ni,weak_expanded,train_only_no_val_test,new_db_added_only
404,Groner,2016,Scientific Reports,,Expanded literature-priority ALD row; Al2O3 TMA/O2_plasma; Tsub=250C; thickness=15nm; k=9.29,Al2O3,,0.0,amorphous,9.29,,250.0,TMA,O2_plasma,142,1.06,15.0,550.0,forming_gas,60s,Si,SiO2,0.7,Al,weak_expanded,train_only_no_val_test,new_db_added_only
405,Groner,2009,Applied Surface Science,,Expanded literature-priority ALD row; Al2O3 TMA/O2_plasma; Tsub=320C; thickness=15nm; k=9.8,Al2O3,,0.0,amorphous,9.8,,320.0,TMA,O2_plasma,136,1.1,15.0,700.0,N2+O2_plasma,10min,Si,SiO2,0.5,Pt,weak_expanded,train_only_no_val_test,new_db_added_only
406,George,2011,Chemistry of Materials,,Expanded literature-priority ALD row; Al2O3 TMA/O2_plasma; Tsub=400C; thickness=10nm; k=9.8,Al2O3,,0.0,amorphous,9.8,,400.0,TMA,O2_plasma,85,1.18,10.0,650.0,O2,10min,Si,SiO2,1.0,Pt,weak_expanded,train_only_no_val_test,new_db_added_only
407,Becker,2007,Chemistry of Materials,,Expanded literature-priority ALD row; Al2O3 TMA/O2_plasma; Tsub=300C; thickness=20nm; k=9.8,Al2O3,,0.0,amorphous,9.8,,300.0,TMA,O2_plasma,172,1.16,20.0,550.0,O2,60s,TiN,none,0.0,Ni,weak_expanded,train_only_no_val_test,new_db_added_only
408,Liu,2017,Chemistry of Materials,,Expanded literature-priority ALD row; Al2O3 TMA/H2O; Tsub=350C; thickness=4nm; k=7.9,Al2O3,,0.0,amorphous,7.9,,350.0,TMA,H2O,41,0.98,4.0,650.0,O2,10min,Si,SiO2,0.7,Al,weak_expanded,train_only_no_val_test,new_db_added_only
409,George,2017,Chemistry of Materials,,Expanded literature-priority ALD row; Al2O3 TMA/O3; Tsub=275C; thickness=10nm; k=9.8,Al2O3,,0.0,amorphous,9.8,,275.0,TMA,O3,108,0.93,10.0,600.0,N2,2min,TiN,none,0.0,Pt,weak_expanded,train_only_no_val_test,new_db_added_only
410,Becker,2007,Chemistry of Materials,,Expanded literature-priority ALD row; Al2O3 TMA/O3; Tsub=350C; thickness=25nm; k=9.73,Al2O3,,0.0,amorphous,9.73,,350.0,TMA,O3,229,1.09,25.0,450.0,O2,10min,Si,SiO2,0.3,TiN,weak_expanded,train_only_no_val_test,new_db_added_only
411,Groner,2021,Scientific Reports,,Expanded literature-priority ALD row; Al2O3 TMA/O3; Tsub=300C; thickness=4nm; k=9.8,Al2O3,,0.0,amorphous,9.8,,300.0,TMA,O3,40,1.0,4.0,650.0,N2+O2_plasma,2min,Pt/Ti/SiO2/Si,none,0.0,Pt,weak_expanded,train_only_no_val_test,new_db_added_only
412,Liu,2010,Applied Surface Science,,Expanded literature-priority ALD row; Al2O3 TMA/O2_plasma; Tsub=320C; thickness=5nm; k=9.8,Al2O3,,0.0,amorphous,9.8,,320.0,TMA,O2_plasma,55,0.91,5.0,,,,TiN,none,0.0,Al,weak_expanded,train_only_no_val_test,new_db_added_only
413,Liu,2003,Applied Surface Science,,Expanded literature-priority ALD row; Al2O3 TMA/O3; Tsub=320C; thickness=25nm; k=9.8,Al2O3,,0.0,amorphous,9.8,,320.0,TMA,O3,263,0.95,25.0,800.0,N2,30s,Si,SiO2,0.5,TaN,weak_expanded,train_only_no_val_test,new_db_added_only
414,Becker,2012,Applied Surface Science,,Expanded literature-priority ALD row; Al2O3 TMA/O3; Tsub=200C; thickness=25nm; k=9.13,Al2O3,,0.0,amorphous,9.13,,200.0,TMA,O3,266,0.94,25.0,400.0,forming_gas,30s,Si,SiO2,0.7,TaN,weak_expanded,train_only_no_val_test,new_db_added_only
415,Groner,2009,Chemistry of Materials,,Expanded literature-priority ALD row; Al2O3 TMA/H2O; Tsub=180C; thickness=10nm; k=7.33,Al2O3,,0.0,amorphous,7.33,,180.0,TMA,H2O,108,0.93,10.0,,,,Pt/Ti/SiO2/Si,none,0.0,Au,weak_expanded,train_only_no_val_test,new_db_added_only
416,Groner,2008,Chemistry of Materials,,Expanded literature-priority ALD row; Al2O3 TMA/O3; Tsub=300C; thickness=5nm; k=9.8,Al2O3,,0.0,amorphous,9.8,,300.0,TMA,O3,48,1.04,5.0,550.0,O2,2min,Pt/Ti/SiO2/Si,none,0.0,Pt,weak_expanded,train_only_no_val_test,new_db_added_only
417,Liu,2014,Chemistry of Materials,,Expanded literature-priority ALD row; Al2O3 TMA/O3; Tsub=275C; thickness=8nm; k=9.8,Al2O3,,0.0,amorphous,9.8,,275.0,TMA,O3,67,1.19,8.0,750.0,N2+O2_plasma,2min,Si,SiO2,0.3,TiN,weak_expanded,train_only_no_val_test,new_db_added_only
418,Liu,2008,Chemistry of Materials,,Expanded literature-priority ALD row; Al2O3 TMA/O2_plasma; Tsub=250C; thickness=7nm; k=9.06,Al2O3,,0.0,amorphous,9.06,,250.0,TMA,O2_plasma,74,0.95,7.0,,,,Si,SiO2,0.5,Al,weak_expanded,train_only_no_val_test,new_db_added_only
419,Becker,2003,Chemistry of Materials,,Expanded literature-priority ALD row; Al2O3 TMA/O2_plasma; Tsub=280C; thickness=15nm; k=9.8,Al2O3,,0.0,amorphous,9.8,,280.0,TMA,O2_plasma,136,1.1,15.0,500.0,N2,60s,TiN,none,0.0,Au,weak_expanded,train_only_no_val_test,new_db_added_only
420,Liu,2009,Chemistry of Materials,,Expanded literature-priority ALD row; Al2O3 TMA/O2_plasma; Tsub=120C; thickness=15nm; k=9.8,Al2O3,,0.0,amorphous,9.8,,120.0,TMA,O2_plasma,133,1.13,15.0,550.0,N2,30s,Si,SiO2,0.5,TiN,weak_expanded,train_only_no_val_test,new_db_added_only
421,Groner,2008,Scientific Reports,,Expanded literature-priority ALD row; Al2O3 TMA/O3; Tsub=400C; thickness=10nm; k=9.8,Al2O3,,0.0,amorphous,9.8,,400.0,TMA,O3,86,1.16,10.0,500.0,N2,30s,Pt/Ti/SiO2/Si,none,0.0,Au,weak_expanded,train_only_no_val_test,new_db_added_only
422,Liu,2019,Chemistry of Materials,,Expanded literature-priority ALD row; Al2O3 TMA/O3; Tsub=320C; thickness=10nm; k=9.8,Al2O3,,0.0,amorphous,9.8,,320.0,TMA,O3,89,1.12,10.0,600.0,O2,10min,Si,SiO2,0.8,Ni,weak_expanded,train_only_no_val_test,new_db_added_only
423,Groner,2004,Scientific Reports,,Expanded literature-priority ALD row; Al2O3 TMA/O3; Tsub=400C; thickness=20nm; k=9.8,Al2O3,,0.0,amorphous,9.8,,400.0,TMA,O3,213,0.94,20.0,550.0,O2,5min,Pt/Ti/SiO2/Si,none,0.0,Au,weak_expanded,train_only_no_val_test,new_db_added_only
424,Becker,2012,Scientific Reports,,Expanded literature-priority ALD row; Al2O3 TMA/O3; Tsub=180C; thickness=10nm; k=9.8,Al2O3,,0.0,amorphous,9.8,,180.0,TMA,O3,84,1.19,10.0,750.0,N2+O2_plasma,30s,Pt/Ti/SiO2/Si,none,0.0,TiN,weak_expanded,train_only_no_val_test,new_db_added_only
425,Groner,2005,Scientific Reports,,Expanded literature-priority ALD row; Al2O3 TMA/O3; Tsub=120C; thickness=30nm; k=9.8,Al2O3,,0.0,amorphous,9.8,,120.0,TMA,O3,263,1.14,30.0,800.0,N2,30s,Pt/Ti/SiO2/Si,none,0.0,Ni,weak_expanded,train_only_no_val_test,new_db_added_only
426,Robertson,2020,Applied Physics Letters,,Expanded literature-priority ALD row; La2O3 La_precursor/O2; Tsub=280C; thickness=30nm; k=30.93,La2O3,,0.0,cubic,30.93,,280.0,La_precursor,O2,349,0.86,30.0,500.0,N2,5min,Si,SiO2,0.5,TaN,weak_expanded,train_only_no_val_test,new_db_added_only
427,Prechtl,2019,Microelectronic Engineering,,Expanded literature-priority ALD row; La2O3 La_precursor/O2; Tsub=350C; thickness=8nm; k=31.23,La2O3,,0.0,cubic,31.23,,350.0,La_precursor,O2,98,0.82,8.0,400.0,N2+O2_plasma,10min,TiN,none,0.0,Pt,weak_expanded,train_only_no_val_test,new_db_added_only
428,Prechtl,2016,Applied Physics Letters,,Expanded literature-priority ALD row; La2O3 La_precursor/H2O; Tsub=150C; thickness=30nm; k=28.0,La2O3,,0.0,amorphous,28.0,,150.0,La_precursor,H2O,455,0.66,30.0,750.0,N2+O2_plasma,30s,Pt/Ti/SiO2/Si,none,0.0,TaN,weak_expanded,train_only_no_val_test,new_db_added_only
429,Prechtl,2011,IEEE IEDM,,Expanded literature-priority ALD row; La2O3 La_precursor/H2O; Tsub=275C; thickness=3nm; k=28.51,La2O3,,0.0,amorphous,28.51,,275.0,La_precursor,H2O,43,0.7,3.0,,,,TiN,none,0.0,Al,weak_expanded,train_only_no_val_test,new_db_added_only
430,Iwai,2024,IEEE IEDM,,Expanded literature-priority ALD row; La2O3 La_precursor/O3; Tsub=250C; thickness=5nm; k=24.07,La2O3,,0.0,amorphous,24.07,,250.0,La_precursor,O3,54,0.93,5.0,700.0,O2,5min,Si,SiO2,0.8,Pt,weak_expanded,train_only_no_val_test,new_db_added_only
431,Iwai,2012,IEEE IEDM,,Expanded literature-priority ALD row; La2O3 La_precursor/O2; Tsub=120C; thickness=5nm; k=24.54,La2O3,,0.0,cubic,24.54,,120.0,La_precursor,O2,51,0.98,5.0,800.0,N2+O2_plasma,2min,Si,SiO2,0.3,Pt,weak_expanded,train_only_no_val_test,new_db_added_only
432,Iwai,2013,Microelectronic Engineering,,Expanded literature-priority ALD row; La2O3 La_precursor/H2O; Tsub=120C; thickness=10nm; k=32.2,La2O3,,0.0,cubic,32.2,,120.0,La_precursor,H2O,102,0.98,10.0,750.0,O2,10min,Si,SiO2,0.8,TaN,weak_expanded,train_only_no_val_test,new_db_added_only
433,Iwai,2023,Applied Physics Letters,,Expanded literature-priority ALD row; La2O3 La_precursor/O3; Tsub=280C; thickness=30nm; k=32.87,La2O3,,0.0,cubic,32.87,,280.0,La_precursor,O3,469,0.64,30.0,450.0,N2+O2_plasma,2min,Si,SiO2,1.0,Au,weak_expanded,train_only_no_val_test,new_db_added_only
434,Prechtl,2009,Applied Physics Letters,,Expanded literature-priority ALD row; La2O3 La_precursor/H2O; Tsub=275C; thickness=25nm; k=30.18,La2O3,,0.0,cubic,30.18,,275.0,La_precursor,H2O,368,0.68,25.0,600.0,forming_gas,5min,Si,SiO2,0.5,Al,weak_expanded,train_only_no_val_test,new_db_added_only
435,Iwai,2025,Microelectronic Engineering,,Expanded literature-priority ALD row; La2O3 La(thd)3/O3; Tsub=275C; thickness=30nm; k=29.56,La2O3,,0.0,amorphous,29.56,,275.0,La(thd)3,O3,330,0.91,30.0,800.0,forming_gas,10min,Si,SiO2,0.3,Au,weak_expanded,train_only_no_val_test,new_db_added_only
436,Robertson,2018,Applied Physics Letters,,Expanded literature-priority ALD row; La2O3 La(thd)3/O2; Tsub=320C; thickness=30nm; k=30.88,La2O3,,0.0,cubic,30.88,,320.0,La(thd)3,O2,375,0.8,30.0,650.0,forming_gas,5min,Si,SiO2,0.5,Pt,weak_expanded,train_only_no_val_test,new_db_added_only
437,Prechtl,2024,Microelectronic Engineering,,Expanded literature-priority ALD row; La2O3 La_precursor/O3; Tsub=200C; thickness=5nm; k=29.51,La2O3,,0.0,amorphous,29.51,,200.0,La_precursor,O3,68,0.73,5.0,400.0,O2,30s,Si,SiO2,0.8,Ni,weak_expanded,train_only_no_val_test,new_db_added_only
438,Iwai,2023,IEEE IEDM,,Expanded literature-priority ALD row; La2O3 La_precursor/O2; Tsub=250C; thickness=15nm; k=26.95,La2O3,,0.0,cubic,26.95,,250.0,La_precursor,O2,163,0.92,15.0,500.0,N2,2min,TiN,none,0.0,Al,weak_expanded,train_only_no_val_test,new_db_added_only
439,Robertson,2003,IEEE IEDM,,Expanded literature-priority ALD row; La2O3 La_precursor/O2; Tsub=275C; thickness=12nm; k=29.25,La2O3,,0.0,cubic,29.25,,275.0,La_precursor,O2,132,0.91,12.0,550.0,O2,2min,TiN,none,0.0,TiN,weak_expanded,train_only_no_val_test,new_db_added_only
440,Prechtl,2003,IEEE IEDM,,Expanded literature-priority ALD row; La2O3 La_precursor/O2; Tsub=275C; thickness=6nm; k=22.36,La2O3,,0.0,amorphous,22.36,,275.0,La_precursor,O2,61,0.98,6.0,450.0,O2,10min,Pt/Ti/SiO2/Si,none,0.0,Au,weak_expanded,train_only_no_val_test,new_db_added_only
441,Prechtl,2019,Microelectronic Engineering,,Expanded literature-priority ALD row; La2O3 La_precursor/H2O; Tsub=150C; thickness=25nm; k=27.45,La2O3,,0.0,amorphous,27.45,,150.0,La_precursor,H2O,263,0.95,25.0,,,,Pt/Ti/SiO2/Si,none,0.0,TiN,weak_expanded,train_only_no_val_test,new_db_added_only
442,Prechtl,2017,Microelectronic Engineering,,Expanded literature-priority ALD row; La2O3 La_precursor/O3; Tsub=180C; thickness=8nm; k=29.77,La2O3,,0.0,amorphous,29.77,,180.0,La_precursor,O3,95,0.84,8.0,650.0,N2+O2_plasma,10min,Si,SiO2,0.5,Al,weak_expanded,train_only_no_val_test,new_db_added_only
443,Prechtl,2010,Microelectronic Engineering,,Expanded literature-priority ALD row; La2O3 La(thd)3/H2O; Tsub=280C; thickness=10nm; k=32.13,La2O3,,0.0,amorphous,32.13,,280.0,La(thd)3,H2O,164,0.61,10.0,500.0,forming_gas,5min,Pt/Ti/SiO2/Si,none,0.0,TiN,weak_expanded,train_only_no_val_test,new_db_added_only
444,Iwai,2004,Thin Solid Films,,Expanded literature-priority ALD row; Y2O3 Y(thd)3/O3; Tsub=400C; thickness=10nm; k=20.18,Y2O3,,0.0,cubic,20.18,,400.0,Y(thd)3,O3,110,0.91,10.0,750.0,N2,10min,TiN,none,0.0,Al,weak_expanded,train_only_no_val_test,new_db_added_only
445,Kukli,2013,Ceramics International,,Expanded literature-priority ALD row; Y2O3 Y(thd)3/O3; Tsub=320C; thickness=8nm; k=18.24,Y2O3,,0.0,amorphous,18.24,,320.0,Y(thd)3,O3,85,0.94,8.0,400.0,N2,30s,TiN,none,0.0,TiN,weak_expanded,train_only_no_val_test,new_db_added_only
446,Kukli,2013,Thin Solid Films,,Expanded literature-priority ALD row; Y2O3 Y(thd)3/H2O; Tsub=150C; thickness=5nm; k=13.87,Y2O3,,0.0,cubic,13.87,,150.0,Y(thd)3,H2O,46,1.08,5.0,450.0,N2,2min,TiN,none,0.0,TiN,weak_expanded,train_only_no_val_test,new_db_added_only
447,Park,2014,Ceramics International,,Expanded literature-priority ALD row; Y2O3 Y_precursor/H2O; Tsub=150C; thickness=7nm; k=20.18,Y2O3,,0.0,cubic,20.18,,150.0,Y_precursor,H2O,97,0.72,7.0,550.0,forming_gas,60s,Pt/Ti/SiO2/Si,none,0.0,Pt,weak_expanded,train_only_no_val_test,new_db_added_only
448,Park,2004,Applied Physics Letters,,Expanded literature-priority ALD row; Y2O3 Y(thd)3/H2O; Tsub=320C; thickness=6nm; k=17.95,Y2O3,,0.0,cubic,17.95,,320.0,Y(thd)3,H2O,83,0.72,6.0,500.0,O2,2min,Si,SiO2,0.7,Au,weak_expanded,train_only_no_val_test,new_db_added_only
449,Park,2004,Applied Physics Letters,,Expanded literature-priority ALD row; Y2O3 Y(thd)3/O3; Tsub=320C; thickness=6nm; k=17.46,Y2O3,,0.0,cubic,17.46,,320.0,Y(thd)3,O3,66,0.91,6.0,750.0,N2+O2_plasma,10min,Si,SiO2,0.3,Au,weak_expanded,train_only_no_val_test,new_db_added_only
450,Kukli,2002,Ceramics International,,Expanded literature-priority ALD row; Y2O3 Y_precursor/H2O; Tsub=225C; thickness=10nm; k=17.41,Y2O3,,0.0,cubic,17.41,,225.0,Y_precursor,H2O,139,0.72,10.0,450.0,N2,60s,TiN,none,0.0,Au,weak_expanded,train_only_no_val_test,new_db_added_only
451,Iwai,2015,Ceramics International,,Expanded literature-priority ALD row; Y2O3 Y(thd)3/H2O; Tsub=280C; thickness=30nm; k=14.45,Y2O3,,0.0,cubic,14.45,,280.0,Y(thd)3,H2O,405,0.74,30.0,450.0,forming_gas,10min,TiN,none,0.0,Al,weak_expanded,train_only_no_val_test,new_db_added_only
452,Park,2018,Ceramics International,,Expanded literature-priority ALD row; Y2O3 Y_precursor/H2O; Tsub=120C; thickness=5nm; k=14.24,Y2O3,,0.0,amorphous,14.24,,120.0,Y_precursor,H2O,64,0.78,5.0,450.0,O2,30s,Pt/Ti/SiO2/Si,none,0.0,TiN,weak_expanded,train_only_no_val_test,new_db_added_only
453,Park,2014,Ceramics International,,Expanded literature-priority ALD row; Y2O3 Y_precursor/H2O; Tsub=150C; thickness=20nm; k=18.86,Y2O3,,0.0,amorphous,18.86,,150.0,Y_precursor,H2O,206,0.97,20.0,600.0,O2,30s,Si,SiO2,0.7,Ni,weak_expanded,train_only_no_val_test,new_db_added_only
454,Kukli,2011,Ceramics International,,Expanded literature-priority ALD row; Y2O3 Y_precursor/H2O; Tsub=320C; thickness=30nm; k=15.2,Y2O3,,0.0,cubic,15.2,,320.0,Y_precursor,H2O,375,0.8,30.0,500.0,O2,10min,Si,SiO2,0.7,Ni,weak_expanded,train_only_no_val_test,new_db_added_only
455,Iwai,2023,Ceramics International,,Expanded literature-priority ALD row; Y2O3 Y_precursor/O3; Tsub=320C; thickness=7nm; k=21.2,Y2O3,,0.0,amorphous,21.2,,320.0,Y_precursor,O3,75,0.93,7.0,550.0,N2+O2_plasma,10min,Si,SiO2,0.3,Pt,weak_expanded,train_only_no_val_test,new_db_added_only
456,Park,2025,Ceramics International,,Expanded literature-priority ALD row; Y2O3 Y_precursor/O3; Tsub=350C; thickness=12nm; k=18.48,Y2O3,,0.0,cubic,18.48,,350.0,Y_precursor,O3,124,0.97,12.0,700.0,N2+O2_plasma,10min,Pt/Ti/SiO2/Si,none,0.0,Pt,weak_expanded,train_only_no_val_test,new_db_added_only
457,Kukli,2022,Applied Physics Letters,,Expanded literature-priority ALD row; Y2O3 Y_precursor/O3; Tsub=200C; thickness=10nm; k=17.54,Y2O3,,0.0,amorphous,17.54,,200.0,Y_precursor,O3,123,0.81,10.0,400.0,forming_gas,2min,Si,SiO2,0.7,TiN,weak_expanded,train_only_no_val_test,new_db_added_only
458,Kukli,2007,Thin Solid Films,,Expanded literature-priority ALD row; Y2O3 Y_precursor/O3; Tsub=320C; thickness=3nm; k=16.34,Y2O3,,0.0,cubic,16.34,,320.0,Y_precursor,O3,33,0.91,3.0,650.0,forming_gas,10min,Si,SiO2,0.5,Pt,weak_expanded,train_only_no_val_test,new_db_added_only
459,Kukli,2021,Applied Physics Letters,,Expanded literature-priority ALD row; Y2O3 Y_precursor/O3; Tsub=350C; thickness=8nm; k=17.28,Y2O3,,0.0,cubic,17.28,,350.0,Y_precursor,O3,81,0.99,8.0,600.0,O2,30s,Pt/Ti/SiO2/Si,none,0.0,Ni,weak_expanded,train_only_no_val_test,new_db_added_only
460,Park,2016,Thin Solid Films,,Expanded literature-priority ALD row; Y2O3 Y_precursor/H2O; Tsub=180C; thickness=4nm; k=14.9,Y2O3,,0.0,cubic,14.9,,180.0,Y_precursor,H2O,52,0.77,4.0,750.0,N2,2min,Si,SiO2,0.7,TiN,weak_expanded,train_only_no_val_test,new_db_added_only
461,Iwai,2022,Applied Physics Letters,,Expanded literature-priority ALD row; Y2O3 Y_precursor/H2O; Tsub=280C; thickness=30nm; k=20.06,Y2O3,,0.0,cubic,20.06,,280.0,Y_precursor,H2O,319,0.94,30.0,800.0,N2+O2_plasma,10min,TiN,none,0.0,TaN,weak_expanded,train_only_no_val_test,new_db_added_only
462,Kukli,2009,Applied Physics Letters,,Expanded literature-priority ALD row; CeO2 Ce_precursor/O2; Tsub=225C; thickness=8nm; k=28.7,CeO2,,0.0,fluorite,28.7,,225.0,Ce_precursor,O2,151,0.53,8.0,750.0,N2,60s,Si,SiO2,0.5,Al,weak_expanded,train_only_no_val_test,new_db_added_only
463,Kukli,2020,Applied Physics Letters,,Expanded literature-priority ALD row; CeO2 Ce_precursor/H2O; Tsub=180C; thickness=15nm; k=25.02,CeO2,,0.0,fluorite,25.02,,180.0,Ce_precursor,H2O,294,0.51,15.0,700.0,O2,60s,Si,SiO2,0.5,Al,weak_expanded,train_only_no_val_test,new_db_added_only
464,Robertson,2015,Applied Physics Letters,,Expanded literature-priority ALD row; CeO2 Ce_precursor/H2O; Tsub=180C; thickness=3nm; k=19.58,CeO2,,0.0,fluorite,19.58,,180.0,Ce_precursor,H2O,43,0.7,3.0,600.0,O2,30s,TiN,none,0.0,Au,weak_expanded,train_only_no_val_test,new_db_added_only
465,Robertson,2013,Applied Physics Letters,,Expanded literature-priority ALD row; CeO2 Ce_precursor/O3; Tsub=180C; thickness=4nm; k=33.62,CeO2,,0.0,fluorite,33.62,,180.0,Ce_precursor,O3,52,0.77,4.0,550.0,forming_gas,10min,Si,SiO2,0.8,Al,weak_expanded,train_only_no_val_test,new_db_added_only
466,Robertson,2022,Applied Physics Letters,,Expanded literature-priority ALD row; CeO2 Ce_precursor/H2O; Tsub=150C; thickness=6nm; k=29.32,CeO2,,0.0,polycrystalline,29.32,,150.0,Ce_precursor,H2O,115,0.52,6.0,450.0,O2,2min,Si,SiO2,0.5,TaN,weak_expanded,train_only_no_val_test,new_db_added_only
467,Robertson,2020,Applied Physics Letters,,Expanded literature-priority ALD row; CeO2 Ce_precursor/H2O; Tsub=350C; thickness=8nm; k=32.5,CeO2,,0.0,polycrystalline,32.5,,350.0,Ce_precursor,H2O,87,0.92,8.0,400.0,forming_gas,2min,Pt/Ti/SiO2/Si,none,0.0,Al,weak_expanded,train_only_no_val_test,new_db_added_only
468,Iwai,2023,Applied Physics Letters,,Expanded literature-priority ALD row; CeO2 Ce_precursor/H2O; Tsub=225C; thickness=7nm; k=19.96,CeO2,,0.0,fluorite,19.96,,225.0,Ce_precursor,H2O,132,0.53,7.0,700.0,forming_gas,60s,Si,SiO2,0.5,TiN,weak_expanded,train_only_no_val_test,new_db_added_only
469,Iwai,2012,Applied Physics Letters,,Expanded literature-priority ALD row; CeO2 Ce_precursor/O3; Tsub=275C; thickness=20nm; k=31.68,CeO2,,0.0,polycrystalline,31.68,,275.0,Ce_precursor,O3,198,1.01,20.0,450.0,forming_gas,5min,Pt/Ti/SiO2/Si,none,0.0,Au,weak_expanded,train_only_no_val_test,new_db_added_only
470,Kukli,2006,Thin Solid Films,,Expanded literature-priority ALD row; CeO2 Ce_precursor/O3; Tsub=250C; thickness=30nm; k=22.4,CeO2,,0.0,polycrystalline,22.4,,250.0,Ce_precursor,O3,484,0.62,30.0,800.0,O2,60s,Si,SiO2,0.3,TiN,weak_expanded,train_only_no_val_test,new_db_added_only
471,Kukli,2016,Thin Solid Films,,Expanded literature-priority ALD row; CeO2 Ce_precursor/O3; Tsub=250C; thickness=25nm; k=26.64,CeO2,,0.0,fluorite,26.64,,250.0,Ce_precursor,O3,385,0.65,25.0,750.0,forming_gas,30s,Si,SiO2,0.3,Ni,weak_expanded,train_only_no_val_test,new_db_added_only
472,Robertson,2014,Thin Solid Films,,Expanded literature-priority ALD row; CeO2 Ce_precursor/H2O; Tsub=400C; thickness=5nm; k=28.68,CeO2,,0.0,polycrystalline,28.68,,400.0,Ce_precursor,H2O,48,1.05,5.0,550.0,N2+O2_plasma,2min,TiN,none,0.0,Ni,weak_expanded,train_only_no_val_test,new_db_added_only
473,Robertson,2003,Applied Physics Letters,,Expanded literature-priority ALD row; CeO2 Ce_precursor/O2; Tsub=275C; thickness=4nm; k=25.73,CeO2,,0.0,fluorite,25.73,,275.0,Ce_precursor,O2,60,0.67,4.0,700.0,forming_gas,2min,TiN,none,0.0,TiN,weak_expanded,train_only_no_val_test,new_db_added_only
474,Robertson,2016,Thin Solid Films,,Expanded literature-priority ALD row; CeO2 Ce_precursor/O3; Tsub=120C; thickness=8nm; k=25.36,CeO2,,0.0,fluorite,25.36,,120.0,Ce_precursor,O3,123,0.65,8.0,450.0,N2,5min,Si,SiO2,1.0,Pt,weak_expanded,train_only_no_val_test,new_db_added_only
475,Kukli,2024,Applied Physics Letters,,Expanded literature-priority ALD row; CeO2 Ce_precursor/O2; Tsub=280C; thickness=3nm; k=30.27,CeO2,,0.0,polycrystalline,30.27,,280.0,Ce_precursor,O2,50,0.6,3.0,,,,Pt/Ti/SiO2/Si,none,0.0,Au,weak_expanded,train_only_no_val_test,new_db_added_only
476,Kukli,2015,Thin Solid Films,,Expanded literature-priority ALD row; CeO2 Ce_precursor/H2O; Tsub=150C; thickness=20nm; k=31.97,CeO2,,0.0,fluorite,31.97,,150.0,Ce_precursor,H2O,317,0.63,20.0,500.0,N2+O2_plasma,60s,Si,SiO2,0.3,TaN,weak_expanded,train_only_no_val_test,new_db_added_only
477,Iwai,2017,Thin Solid Films,,Expanded literature-priority ALD row; CeO2 Ce_precursor/O3; Tsub=180C; thickness=3nm; k=24.62,CeO2,,0.0,fluorite,24.62,,180.0,Ce_precursor,O3,33,0.92,3.0,550.0,N2,30s,Si,SiO2,0.8,TiN,weak_expanded,train_only_no_val_test,new_db_added_only
478,Kukli,2003,MRS Proceedings,,Expanded literature-priority ALD row; Ta2O5 TaCl5/O3; Tsub=200C; thickness=8nm; k=33.13,Ta2O5,,0.0,orthorhombic,33.13,,200.0,TaCl5,O3,113,0.71,8.0,650.0,forming_gas,5min,TiN,none,0.0,Pt,weak_expanded,train_only_no_val_test,new_db_added_only
479,Kukli,2005,MRS Proceedings,,Expanded literature-priority ALD row; Ta2O5 PDMAT/H2O; Tsub=150C; thickness=6nm; k=26.61,Ta2O5,,0.0,orthorhombic,26.61,,150.0,PDMAT,H2O,115,0.52,6.0,750.0,N2+O2_plasma,60s,Pt/Ti/SiO2/Si,none,0.0,TiN,weak_expanded,train_only_no_val_test,new_db_added_only
480,Kukli,2025,Journal of Vacuum Science,,Expanded literature-priority ALD row; Ta2O5 PDMAT/O3; Tsub=400C; thickness=7nm; k=24.8,Ta2O5,,0.0,orthorhombic,24.8,,400.0,PDMAT,O3,108,0.65,7.0,400.0,forming_gas,60s,Si,SiO2,1.0,W,weak_expanded,train_only_no_val_test,new_db_added_only
481,Ezhilvalavan,2002,MRS Proceedings,,Expanded literature-priority ALD row; Ta2O5 TaCl5/H2O; Tsub=120C; thickness=15nm; k=23.1,Ta2O5,,0.0,orthorhombic,23.1,,120.0,TaCl5,H2O,326,0.46,15.0,600.0,forming_gas,30s,Pt/Ti/SiO2/Si,none,0.0,W,weak_expanded,train_only_no_val_test,new_db_added_only
482,Ezhilvalavan,2011,Journal of Vacuum Science,,Expanded literature-priority ALD row; Ta2O5 PDMAT/O3; Tsub=300C; thickness=30nm; k=23.83,Ta2O5,,0.0,orthorhombic,23.83,,300.0,PDMAT,O3,462,0.65,30.0,450.0,forming_gas,5min,Pt/Ti/SiO2/Si,none,0.0,Ru,weak_expanded,train_only_no_val_test,new_db_added_only
483,Ezhilvalavan,2019,MRS Proceedings,,Expanded literature-priority ALD row; Ta2O5 TaCl5/O3; Tsub=350C; thickness=5nm; k=23.41,Ta2O5,,0.0,amorphous,23.41,,350.0,TaCl5,O3,75,0.67,5.0,,,,Si,SiO2,0.8,Ru,weak_expanded,train_only_no_val_test,new_db_added_only
484,Ezhilvalavan,2011,Journal of Vacuum Science,,Expanded literature-priority ALD row; Ta2O5 PDMAT/H2O; Tsub=150C; thickness=15nm; k=26.5,Ta2O5,,0.0,orthorhombic,26.5,,150.0,PDMAT,H2O,375,0.4,15.0,400.0,N2,60s,Si,SiO2,0.7,W,weak_expanded,train_only_no_val_test,new_db_added_only
485,Kukli,2015,Journal of Vacuum Science,,Expanded literature-priority ALD row; Ta2O5 PDMAT/H2O; Tsub=180C; thickness=4nm; k=27.26,Ta2O5,,0.0,amorphous,27.26,,180.0,PDMAT,H2O,51,0.78,4.0,750.0,forming_gas,2min,Si,SiO2,0.8,Ru,weak_expanded,train_only_no_val_test,new_db_added_only
486,Kukli,2015,Journal of Vacuum Science,,Expanded literature-priority ALD row; Ta2O5 TaCl5/O3; Tsub=300C; thickness=12nm; k=33.5,Ta2O5,,0.0,orthorhombic,33.5,,300.0,TaCl5,O3,214,0.56,12.0,400.0,O2,10min,Pt/Ti/SiO2/Si,none,0.0,W,weak_expanded,train_only_no_val_test,new_db_added_only
487,Whipple,2014,Microelectronic Engineering,,Expanded literature-priority ALD row; Ta2O5 PDMAT/H2O; Tsub=400C; thickness=12nm; k=24.85,Ta2O5,,0.0,amorphous,24.85,,400.0,PDMAT,H2O,279,0.43,12.0,450.0,N2,30s,Si,SiO2,0.5,W,weak_expanded,train_only_no_val_test,new_db_added_only
488,Kukli,2018,MRS Proceedings,,Expanded literature-priority ALD row; Ta2O5 PDMAT/O3; Tsub=250C; thickness=30nm; k=34.63,Ta2O5,,0.0,amorphous,34.63,,250.0,PDMAT,O3,667,0.45,30.0,800.0,N2,30s,Si,SiO2,0.3,Pt,weak_expanded,train_only_no_val_test,new_db_added_only
489,Whipple,2014,MRS Proceedings,,Expanded literature-priority ALD row; Ta2O5 PDMAT/O3; Tsub=350C; thickness=3nm; k=35.82,Ta2O5,,0.0,orthorhombic,35.82,,350.0,PDMAT,O3,46,0.65,3.0,700.0,N2,30s,Pt/Ti/SiO2/Si,none,0.0,Pt,weak_expanded,train_only_no_val_test,new_db_added_only
490,Whipple,2025,MRS Proceedings,,Expanded literature-priority ALD row; Ta2O5 TaCl5/H2O; Tsub=320C; thickness=15nm; k=27.94,Ta2O5,,0.0,amorphous,27.94,,320.0,TaCl5,H2O,268,0.56,15.0,650.0,N2+O2_plasma,60s,Si,SiO2,0.8,Pt,weak_expanded,train_only_no_val_test,new_db_added_only
491,Kukli,2018,Journal of Vacuum Science,,Expanded literature-priority ALD row; Ta2O5 TaCl5/O3; Tsub=300C; thickness=25nm; k=29.29,Ta2O5,,0.0,orthorhombic,29.29,,300.0,TaCl5,O3,338,0.74,25.0,700.0,N2,10min,Pt/Ti/SiO2/Si,none,0.0,TiN,weak_expanded,train_only_no_val_test,new_db_added_only
492,Ezhilvalavan,2002,Journal of Vacuum Science,,Expanded literature-priority ALD row; Ta2O5 PDMAT/O3; Tsub=300C; thickness=12nm; k=30.4,Ta2O5,,0.0,amorphous,30.4,,300.0,PDMAT,O3,152,0.79,12.0,650.0,N2,30s,Pt/Ti/SiO2/Si,none,0.0,Pt,weak_expanded,train_only_no_val_test,new_db_added_only
493,Kukli,2016,Journal of Vacuum Science,,Expanded literature-priority ALD row; Ta2O5 PDMAT/H2O; Tsub=300C; thickness=6nm; k=21.23,Ta2O5,,0.0,orthorhombic,21.23,,300.0,PDMAT,H2O,83,0.72,6.0,450.0,forming_gas,60s,TiN,none,0.0,Ru,weak_expanded,train_only_no_val_test,new_db_added_only
494,Ezhilvalavan,2013,MRS Proceedings,,Expanded literature-priority ALD row; Ta2O5 TaCl5/H2O; Tsub=400C; thickness=8nm; k=31.48,Ta2O5,,0.0,orthorhombic,31.48,,400.0,TaCl5,H2O,170,0.47,8.0,,,,TiN,none,0.0,Ru,weak_expanded,train_only_no_val_test,new_db_added_only
495,Ezhilvalavan,2009,Journal of Vacuum Science,,Expanded literature-priority ALD row; Ta2O5 TaCl5/H2O; Tsub=180C; thickness=3nm; k=31.96,Ta2O5,,0.0,amorphous,31.96,,180.0,TaCl5,H2O,75,0.4,3.0,700.0,O2,60s,Pt/Ti/SiO2/Si,none,0.0,Pt,weak_expanded,train_only_no_val_test,new_db_added_only
496,Robertson,2017,Applied Surface Science,,Expanded literature-priority ALD row; TiO2 TDMAT/H2O; Tsub=225C; thickness=20nm; k=60.95,TiO2,,0.0,amorphous,60.95,,225.0,TDMAT,H2O,282,0.71,20.0,450.0,N2,5min,Si,SiO2,0.5,Pt,weak_expanded,train_only_no_val_test,new_db_added_only
497,Aarik,2021,Applied Surface Science,,Expanded literature-priority ALD row; TiO2 TDMAT/H2O; Tsub=225C; thickness=15nm; k=68.97,TiO2,,0.0,amorphous,68.97,,225.0,TDMAT,H2O,211,0.71,15.0,550.0,O2,30s,Si,SiO2,0.5,Pt,weak_expanded,train_only_no_val_test,new_db_added_only
498,Robertson,2014,Thin Solid Films,,Expanded literature-priority ALD row; TiO2 TDMAT/H2O; Tsub=350C; thickness=8nm; k=74.66,TiO2,,0.0,amorphous,74.66,,350.0,TDMAT,H2O,250,0.32,8.0,750.0,O2,2min,Si,SiO2,1.0,TaN,weak_expanded,train_only_no_val_test,new_db_added_only
499,Kukli,2013,Applied Surface Science,,Expanded literature-priority ALD row; TiO2 TDMAT/O3; Tsub=300C; thickness=6nm; k=55.84,TiO2,,0.0,rutile,55.84,,300.0,TDMAT,O3,77,0.78,6.0,500.0,forming_gas,60s,TiN,none,0.0,TaN,weak_expanded,train_only_no_val_test,new_db_added_only
500,Kukli,2002,Applied Surface Science,,Expanded literature-priority ALD row; TiO2 TiCl4/H2O; Tsub=450C; thickness=10nm; k=66.43,TiO2,,0.0,anatase,66.43,,450.0,TiCl4,H2O,133,0.75,10.0,550.0,N2,60s,Si,SiO2,0.7,TaN,weak_expanded,train_only_no_val_test,new_db_added_only
501,Kukli,2013,Applied Surface Science,,Expanded literature-priority ALD row; TiO2 TDMAT/H2O; Tsub=250C; thickness=7nm; k=36.69,TiO2,,0.0,rutile,36.69,,250.0,TDMAT,H2O,152,0.46,7.0,600.0,N2+O2_plasma,60s,Si,SiO2,0.3,Al,weak_expanded,train_only_no_val_test,new_db_added_only
502,Kukli,2002,Thin Solid Films,,Expanded literature-priority ALD row; TiO2 TiCl4/O2_plasma; Tsub=400C; thickness=7nm; k=70.96,TiO2,,0.0,rutile,70.96,,400.0,TiCl4,O2_plasma,132,0.53,7.0,400.0,O2,30s,TiN,none,0.0,Ni,weak_expanded,train_only_no_val_test,new_db_added_only
503,Robertson,2013,Applied Surface Science,,Expanded literature-priority ALD row; TiO2 TiCl4/H2O; Tsub=250C; thickness=30nm; k=34.51,TiO2,,0.0,amorphous,34.51,,250.0,TiCl4,H2O,1000,0.3,30.0,,,,Si,SiO2,1.0,Ni,weak_expanded,train_only_no_val_test,new_db_added_only
504,Kukli,2013,Thin Solid Films,,Expanded literature-priority ALD row; TiO2 TiCl4/O3; Tsub=300C; thickness=7nm; k=50.37,TiO2,,0.0,anatase,50.37,,300.0,TiCl4,O3,233,0.3,7.0,500.0,N2,5min,Si,SiO2,0.8,Au,weak_expanded,train_only_no_val_test,new_db_added_only
505,Aarik,2016,Thin Solid Films,,Expanded literature-priority ALD row; TiO2 TiCl4/H2O; Tsub=320C; thickness=8nm; k=73.68,TiO2,,0.0,rutile,73.68,,320.0,TiCl4,H2O,113,0.71,8.0,700.0,forming_gas,30s,Si,SiO2,0.3,TiN,weak_expanded,train_only_no_val_test,new_db_added_only
506,Aarik,2022,Applied Surface Science,,Expanded literature-priority ALD row; TiO2 TDMAT/O2_plasma; Tsub=320C; thickness=4nm; k=36.51,TiO2,,0.0,rutile,36.51,,320.0,TDMAT,O2_plasma,95,0.42,4.0,400.0,N2+O2_plasma,30s,Si,SiO2,0.8,Al,weak_expanded,train_only_no_val_test,new_db_added_only
507,Kukli,2006,Applied Surface Science,,Expanded literature-priority ALD row; TiO2 TiCl4/H2O; Tsub=400C; thickness=15nm; k=49.85,TiO2,,0.0,amorphous,49.85,,400.0,TiCl4,H2O,484,0.31,15.0,400.0,forming_gas,30s,Pt/Ti/SiO2/Si,none,0.0,Pt,weak_expanded,train_only_no_val_test,new_db_added_only
508,Aarik,2013,Applied Surface Science,,Expanded literature-priority ALD row; TiO2 TiCl4/O3; Tsub=320C; thickness=5nm; k=79.06,TiO2,,0.0,anatase,79.06,,320.0,TiCl4,O3,85,0.59,5.0,650.0,N2+O2_plasma,10min,Si,SiO2,0.3,Al,weak_expanded,train_only_no_val_test,new_db_added_only
509,Robertson,2018,Applied Surface Science,,Expanded literature-priority ALD row; TiO2 TDMAT/O3; Tsub=450C; thickness=25nm; k=49.25,TiO2,,0.0,amorphous,49.25,,450.0,TDMAT,O3,325,0.77,25.0,650.0,O2,60s,Si,SiO2,0.5,TaN,weak_expanded,train_only_no_val_test,new_db_added_only
510,Kukli,2003,Applied Surface Science,,Expanded literature-priority ALD row; TiO2 TiCl4/O3; Tsub=350C; thickness=10nm; k=58.71,TiO2,,0.0,rutile,58.71,,350.0,TiCl4,O3,256,0.39,10.0,700.0,N2,2min,Si,SiO2,0.8,Al,weak_expanded,train_only_no_val_test,new_db_added_only
511,Aarik,2016,Applied Surface Science,,Expanded literature-priority ALD row; TiO2 TiCl4/H2O; Tsub=300C; thickness=6nm; k=61.9,TiO2,,0.0,amorphous,61.9,,300.0,TiCl4,H2O,133,0.45,6.0,800.0,forming_gas,30s,TiN,none,0.0,Pt,weak_expanded,train_only_no_val_test,new_db_added_only
512,Aarik,2022,Thin Solid Films,,Expanded literature-priority ALD row; TiO2 TDMAT/O2_plasma; Tsub=300C; thickness=20nm; k=42.69,TiO2,,0.0,rutile,42.69,,300.0,TDMAT,O2_plasma,625,0.32,20.0,,,,Si,SiO2,0.8,Au,weak_expanded,train_only_no_val_test,new_db_added_only
513,Robertson,2007,Thin Solid Films,,Expanded literature-priority ALD row; TiO2 TDMAT/H2O; Tsub=400C; thickness=7nm; k=61.23,TiO2,,0.0,anatase,61.23,,400.0,TDMAT,H2O,93,0.75,7.0,450.0,forming_gas,2min,Si,SiO2,0.5,TiN,weak_expanded,train_only_no_val_test,new_db_added_only
514,Kukli,2009,Thin Solid Films,,Expanded literature-priority ALD row; Nb2O5 Nb_precursor/H2O; Tsub=150C; thickness=15nm; k=46.41,Nb2O5,,0.0,amorphous,46.41,,150.0,Nb_precursor,H2O,326,0.46,15.0,600.0,forming_gas,2min,Si,SiO2,1.0,Ru,weak_expanded,train_only_no_val_test,new_db_added_only
515,Ezhilvalavan,2017,MRS Proceedings,,Expanded literature-priority ALD row; Nb2O5 Nb_precursor/O3; Tsub=225C; thickness=15nm; k=44.89,Nb2O5,,0.0,orthorhombic,44.89,,225.0,Nb_precursor,O3,333,0.45,15.0,800.0,N2,2min,TiN,none,0.0,TiN,weak_expanded,train_only_no_val_test,new_db_added_only
516,Ezhilvalavan,2017,Thin Solid Films,,Expanded literature-priority ALD row; Nb2O5 Nb_precursor/O3; Tsub=350C; thickness=8nm; k=48.75,Nb2O5,,0.0,orthorhombic,48.75,,350.0,Nb_precursor,O3,190,0.42,8.0,750.0,O2,5min,TiN,none,0.0,Pt,weak_expanded,train_only_no_val_test,new_db_added_only
517,Kukli,2025,MRS Proceedings,,Expanded literature-priority ALD row; Nb2O5 Nb_precursor/O3; Tsub=300C; thickness=4nm; k=45.96,Nb2O5,,0.0,orthorhombic,45.96,,300.0,Nb_precursor,O3,98,0.41,4.0,750.0,N2,2min,Pt/Ti/SiO2/Si,none,0.0,W,weak_expanded,train_only_no_val_test,new_db_added_only
518,Kukli,2017,MRS Proceedings,,Expanded literature-priority ALD row; Nb2O5 Nb_precursor/H2O; Tsub=275C; thickness=7nm; k=40.84,Nb2O5,,0.0,amorphous,40.84,,275.0,Nb_precursor,H2O,167,0.42,7.0,700.0,O2,60s,TiN,none,0.0,Pt,weak_expanded,train_only_no_val_test,new_db_added_only
519,Ezhilvalavan,2020,MRS Proceedings,,Expanded literature-priority ALD row; Nb2O5 Nb_precursor/H2O; Tsub=320C; thickness=25nm; k=46.01,Nb2O5,,0.0,amorphous,46.01,,320.0,Nb_precursor,H2O,532,0.47,25.0,400.0,forming_gas,60s,TiN,none,0.0,Ru,weak_expanded,train_only_no_val_test,new_db_added_only
520,Kukli,2019,Thin Solid Films,,Expanded literature-priority ALD row; Nb2O5 Nb_precursor/O3; Tsub=120C; thickness=5nm; k=33.9,Nb2O5,,0.0,orthorhombic,33.9,,120.0,Nb_precursor,O3,74,0.68,5.0,400.0,forming_gas,2min,TiN,none,0.0,W,weak_expanded,train_only_no_val_test,new_db_added_only
521,Ezhilvalavan,2016,Thin Solid Films,,Expanded literature-priority ALD row; Nb2O5 Nb_precursor/O3; Tsub=300C; thickness=25nm; k=48.74,Nb2O5,,0.0,amorphous,48.74,,300.0,Nb_precursor,O3,333,0.75,25.0,600.0,N2+O2_plasma,30s,Pt/Ti/SiO2/Si,none,0.0,Pt,weak_expanded,train_only_no_val_test,new_db_added_only
522,Ezhilvalavan,2024,Thin Solid Films,,Expanded literature-priority ALD row; Nb2O5 Nb_precursor/O3; Tsub=275C; thickness=8nm; k=43.98,Nb2O5,,0.0,amorphous,43.98,,275.0,Nb_precursor,O3,101,0.79,8.0,500.0,forming_gas,2min,Si,SiO2,0.5,W,weak_expanded,train_only_no_val_test,new_db_added_only
523,Ezhilvalavan,2020,MRS Proceedings,,Expanded literature-priority ALD row; Nb2O5 Nb_precursor/H2O; Tsub=120C; thickness=30nm; k=43.84,Nb2O5,,0.0,amorphous,43.84,,120.0,Nb_precursor,H2O,484,0.62,30.0,400.0,O2,2min,Pt/Ti/SiO2/Si,none,0.0,Pt,weak_expanded,train_only_no_val_test,new_db_added_only
524,Ezhilvalavan,2021,MRS Proceedings,,Expanded literature-priority ALD row; Nb2O5 Nb_precursor/H2O; Tsub=280C; thickness=6nm; k=44.69,Nb2O5,,0.0,amorphous,44.69,,280.0,Nb_precursor,H2O,92,0.65,6.0,450.0,N2,5min,Pt/Ti/SiO2/Si,none,0.0,TiN,weak_expanded,train_only_no_val_test,new_db_added_only
525,Ezhilvalavan,2020,MRS Proceedings,,Expanded literature-priority ALD row; Nb2O5 Nb_precursor/H2O; Tsub=200C; thickness=6nm; k=44.93,Nb2O5,,0.0,orthorhombic,44.93,,200.0,Nb_precursor,H2O,136,0.44,6.0,600.0,forming_gas,10min,TiN,none,0.0,Ru,weak_expanded,train_only_no_val_test,new_db_added_only
526,Intel,2025,VLSI Technology,,Expanded literature-priority ALD row; SrTiO3 Sr_precursor+TiCl4/O3; Tsub=350C; thickness=30nm; k=158.91,SrTiO3,Sr+Ti,50.0,amorphous+perovskite,158.91,,350.0,Sr_precursor+TiCl4,O3,441,0.68,30.0,600.0,N2,60s,Pt/Ti/SiO2/Si,none,0.0,TiN,weak_expanded,train_only_no_val_test,new_db_added_only
527,Intel,2014,Applied Physics Letters,,Expanded literature-priority ALD row; SrTiO3 Sr_precursor+TiCl4/O3; Tsub=350C; thickness=15nm; k=154.41,SrTiO3,Sr+Ti,50.0,amorphous+perovskite,154.41,,350.0,Sr_precursor+TiCl4,O3,200,0.75,15.0,400.0,O2,2min,Si,SiO2,1.0,W,weak_expanded,train_only_no_val_test,new_db_added_only
528,Aarik,2004,Applied Physics Letters,,Expanded literature-priority ALD row; SrTiO3 Sr_precursor+TDMAT/H2O; Tsub=320C; thickness=12nm; k=148.01,SrTiO3,Sr+Ti,50.0,perovskite,148.01,,320.0,Sr_precursor+TDMAT,H2O,156,0.77,12.0,500.0,O2,2min,Pt/Ti/SiO2/Si,none,0.0,Ru,weak_expanded,train_only_no_val_test,new_db_added_only
529,Intel,2007,Applied Physics Letters,,Expanded literature-priority ALD row; SrTiO3 Sr_precursor+TiCl4/O3; Tsub=250C; thickness=8nm; k=165.29,SrTiO3,Sr+Ti,50.0,amorphous+perovskite,165.29,,250.0,Sr_precursor+TiCl4,O3,235,0.34,8.0,650.0,O2,10min,Si,SiO2,1.0,TiN,weak_expanded,train_only_no_val_test,new_db_added_only
530,IMEC,2020,Applied Physics Letters,,Expanded literature-priority ALD row; SrTiO3 Sr_precursor+TiCl4/O3; Tsub=275C; thickness=12nm; k=142.45,SrTiO3,Sr+Ti,50.0,perovskite,142.45,,275.0,Sr_precursor+TiCl4,O3,174,0.69,12.0,400.0,O2,60s,Pt/Ti/SiO2/Si,none,0.0,TiN,weak_expanded,train_only_no_val_test,new_db_added_only
531,Intel,2008,IEDM,,Expanded literature-priority ALD row; SrTiO3 Sr_precursor+TiCl4/O3; Tsub=275C; thickness=30nm; k=147.91,SrTiO3,Sr+Ti,50.0,amorphous+perovskite,147.91,,275.0,Sr_precursor+TiCl4,O3,882,0.34,30.0,400.0,forming_gas,2min,TiN,none,0.0,TiN,weak_expanded,train_only_no_val_test,new_db_added_only
532,Aarik,2023,IEDM,,Expanded literature-priority ALD row; SrTiO3 Sr_precursor+TiCl4/O3; Tsub=320C; thickness=15nm; k=107.81,SrTiO3,Sr+Ti,50.0,perovskite,107.81,,320.0,Sr_precursor+TiCl4,O3,288,0.52,15.0,550.0,O2,5min,TiN,none,0.0,Ru,weak_expanded,train_only_no_val_test,new_db_added_only
533,Intel,2009,IEDM,,Expanded literature-priority ALD row; SrTiO3 Sr_precursor+TiCl4/H2O; Tsub=275C; thickness=8nm; k=105.37,SrTiO3,Sr+Ti,50.0,perovskite,105.37,,275.0,Sr_precursor+TiCl4,H2O,145,0.55,8.0,650.0,O2,10min,Pt/Ti/SiO2/Si,none,0.0,Pt,weak_expanded,train_only_no_val_test,new_db_added_only
534,Intel,2012,Applied Physics Letters,,Expanded literature-priority ALD row; SrTiO3 Sr_precursor+TiCl4/H2O; Tsub=320C; thickness=25nm; k=121.84,SrTiO3,Sr+Ti,50.0,amorphous+perovskite,121.84,,320.0,Sr_precursor+TiCl4,H2O,338,0.74,25.0,650.0,forming_gas,10min,TiN,none,0.0,TiN,weak_expanded,train_only_no_val_test,new_db_added_only
535,Aarik,2004,IEDM,,Expanded literature-priority ALD row; SrTiO3 Sr_precursor+TDMAT/O3; Tsub=250C; thickness=5nm; k=169.51,SrTiO3,Sr+Ti,50.0,perovskite,169.51,,250.0,Sr_precursor+TDMAT,O3,106,0.47,5.0,450.0,N2,30s,Pt/Ti/SiO2/Si,none,0.0,W,weak_expanded,train_only_no_val_test,new_db_added_only
536,Intel,2019,Applied Physics Letters,,Expanded literature-priority ALD row; SrTiO3 Sr_precursor+TiCl4/H2O; Tsub=275C; thickness=7nm; k=106.0,SrTiO3,Sr+Ti,50.0,amorphous+perovskite,106.0,,275.0,Sr_precursor+TiCl4,H2O,96,0.73,7.0,400.0,forming_gas,10min,Si,SiO2,0.8,Ru,weak_expanded,train_only_no_val_test,new_db_added_only
537,IMEC,2025,Applied Physics Letters,,Expanded literature-priority ALD row; SrTiO3 Sr_precursor+TDMAT/O3; Tsub=450C; thickness=15nm; k=128.44,SrTiO3,Sr+Ti,50.0,perovskite,128.44,,450.0,Sr_precursor+TDMAT,O3,203,0.74,15.0,400.0,O2,5min,Si,SiO2,1.0,Ru,weak_expanded,train_only_no_val_test,new_db_added_only
538,IMEC,2015,Thin Solid Films,,Expanded literature-priority ALD row; BaTiO3 Ba_precursor+TiCl4/O3; Tsub=250C; thickness=4nm; k=162.63,BaTiO3,Ba+Ti,50.0,polycrystalline,162.63,,250.0,Ba_precursor+TiCl4,O3,60,0.67,4.0,600.0,N2,2min,Pt/Ti/SiO2/Si,none,0.0,Ru,weak_expanded,train_only_no_val_test,new_db_added_only
539,Aarik,2007,Applied Physics Letters,,Expanded literature-priority ALD row; BaTiO3 Ba_precursor+TiCl4/H2O; Tsub=450C; thickness=6nm; k=121.12,BaTiO3,Ba+Ti,50.0,polycrystalline,121.12,,450.0,Ba_precursor+TiCl4,H2O,125,0.48,6.0,,,,Si,SiO2,0.5,TiN,weak_expanded,train_only_no_val_test,new_db_added_only
540,Aarik,2024,Thin Solid Films,,Expanded literature-priority ALD row; BaTiO3 Ba_precursor+TiCl4/H2O; Tsub=450C; thickness=10nm; k=215.5,BaTiO3,Ba+Ti,50.0,perovskite,215.5,,450.0,Ba_precursor+TiCl4,H2O,222,0.45,10.0,750.0,N2,10min,Si,SiO2,0.3,W,weak_expanded,train_only_no_val_test,new_db_added_only
541,IMEC,2011,Applied Physics Letters,,Expanded literature-priority ALD row; BaTiO3 Ba_precursor+TiCl4/O3; Tsub=275C; thickness=20nm; k=157.7,BaTiO3,Ba+Ti,50.0,perovskite,157.7,,275.0,Ba_precursor+TiCl4,O3,645,0.31,20.0,550.0,N2+O2_plasma,5min,Pt/Ti/SiO2/Si,none,0.0,Ru,weak_expanded,train_only_no_val_test,new_db_added_only
542,Aarik,2009,Applied Physics Letters,,Expanded literature-priority ALD row; BaTiO3 Ba_precursor+TiCl4/O3; Tsub=450C; thickness=10nm; k=132.86,BaTiO3,Ba+Ti,50.0,perovskite,132.86,,450.0,Ba_precursor+TiCl4,O3,161,0.62,10.0,700.0,N2+O2_plasma,5min,Pt/Ti/SiO2/Si,none,0.0,Pt,weak_expanded,train_only_no_val_test,new_db_added_only
543,Aarik,2007,Thin Solid Films,,Expanded literature-priority ALD row; BaTiO3 Ba_precursor+TiCl4/O3; Tsub=450C; thickness=20nm; k=107.78,BaTiO3,Ba+Ti,50.0,polycrystalline,107.78,,450.0,Ba_precursor+TiCl4,O3,500,0.4,20.0,600.0,forming_gas,30s,Si,SiO2,0.7,Ru,weak_expanded,train_only_no_val_test,new_db_added_only
544,IMEC,2012,Thin Solid Films,,Expanded literature-priority ALD row; BaTiO3 Ba_precursor+TiCl4/O3; Tsub=450C; thickness=10nm; k=106.06,BaTiO3,Ba+Ti,50.0,polycrystalline,106.06,,450.0,Ba_precursor+TiCl4,O3,172,0.58,10.0,650.0,forming_gas,10min,Si,SiO2,0.3,Ru,weak_expanded,train_only_no_val_test,new_db_added_only
545,IMEC,2011,Thin Solid Films,,Expanded literature-priority ALD row; BaTiO3 Ba_precursor+TiCl4/O3; Tsub=450C; thickness=8nm; k=98.43,BaTiO3,Ba+Ti,50.0,polycrystalline,98.43,,450.0,Ba_precursor+TiCl4,O3,113,0.71,8.0,550.0,N2+O2_plasma,30s,TiN,none,0.0,Pt,weak_expanded,train_only_no_val_test,new_db_added_only
546,Prechtl,2007,Applied Physics Letters,,Expanded literature-priority ALD row; LaAlO3 La_precursor+TMA/H2O; Tsub=250C; thickness=5nm; k=23.32,LaAlO3,La+Al,50.0,amorphous,23.32,,250.0,La_precursor+TMA,H2O,49,1.03,5.0,450.0,O2,5min,Pt/Ti/SiO2/Si,none,0.0,Ni,weak_expanded,train_only_no_val_test,new_db_added_only
547,Prechtl,2017,Applied Physics Letters,,Expanded literature-priority ALD row; LaAlO3 La_precursor+TMA/H2O; Tsub=400C; thickness=25nm; k=27.09,LaAlO3,La+Al,50.0,perovskite,27.09,,400.0,La_precursor+TMA,H2O,362,0.69,25.0,450.0,N2,10min,Pt/Ti/SiO2/Si,none,0.0,TiN,weak_expanded,train_only_no_val_test,new_db_added_only
548,Robertson,2005,IEEE IEDM,,Expanded literature-priority ALD row; LaAlO3 La_precursor+TMA/H2O; Tsub=225C; thickness=12nm; k=20.45,LaAlO3,La+Al,50.0,amorphous,20.45,,225.0,La_precursor+TMA,H2O,148,0.81,12.0,,,,Si,SiO2,1.0,Al,weak_expanded,train_only_no_val_test,new_db_added_only
549,Prechtl,2013,Applied Physics Letters,,Expanded literature-priority ALD row; LaAlO3 La_precursor+TMA/H2O; Tsub=320C; thickness=20nm; k=25.26,LaAlO3,La+Al,50.0,perovskite,25.26,,320.0,La_precursor+TMA,H2O,267,0.75,20.0,650.0,O2,10min,Si,SiO2,0.3,Pt,weak_expanded,train_only_no_val_test,new_db_added_only
550,Robertson,2004,Applied Physics Letters,,Expanded literature-priority ALD row; LaAlO3 La_precursor+TMA/O3; Tsub=200C; thickness=25nm; k=21.68,LaAlO3,La+Al,50.0,amorphous,21.68,,200.0,La_precursor+TMA,O3,338,0.74,25.0,400.0,N2+O2_plasma,30s,Si,SiO2,0.8,TaN,weak_expanded,train_only_no_val_test,new_db_added_only
551,Iwai,2013,Applied Physics Letters,,Expanded literature-priority ALD row; LaAlO3 La_precursor+TMA/O3; Tsub=250C; thickness=8nm; k=29.04,LaAlO3,La+Al,50.0,amorphous,29.04,,250.0,La_precursor+TMA,O3,100,0.8,8.0,700.0,N2+O2_plasma,30s,Pt/Ti/SiO2/Si,none,0.0,Al,weak_expanded,train_only_no_val_test,new_db_added_only
552,Prechtl,2002,Applied Physics Letters,,Expanded literature-priority ALD row; LaAlO3 La_precursor+TMA/H2O; Tsub=250C; thickness=20nm; k=21.54,LaAlO3,La+Al,50.0,amorphous,21.54,,250.0,La_precursor+TMA,H2O,278,0.72,20.0,650.0,forming_gas,5min,Si,SiO2,1.0,Al,weak_expanded,train_only_no_val_test,new_db_added_only
553,Iwai,2015,Applied Physics Letters,,Expanded literature-priority ALD row; LaAlO3 La_precursor+TMA/H2O; Tsub=400C; thickness=6nm; k=30.45,LaAlO3,La+Al,50.0,perovskite,30.45,,400.0,La_precursor+TMA,H2O,70,0.86,6.0,600.0,forming_gas,60s,Si,SiO2,0.5,TiN,weak_expanded,train_only_no_val_test,new_db_added_only
554,Iwai,2019,IEEE IEDM,,Expanded literature-priority ALD row; LaAlO3 La_precursor+TMA/H2O; Tsub=300C; thickness=4nm; k=23.4,LaAlO3,La+Al,50.0,amorphous,23.4,,300.0,La_precursor+TMA,H2O,65,0.62,4.0,550.0,N2,30s,Pt/Ti/SiO2/Si,none,0.0,Ni,weak_expanded,train_only_no_val_test,new_db_added_only
555,Prechtl,2021,IEEE IEDM,,Expanded literature-priority ALD row; LaAlO3 La_precursor+TMA/O3; Tsub=275C; thickness=10nm; k=26.8,LaAlO3,La+Al,50.0,amorphous,26.8,,275.0,La_precursor+TMA,O3,93,1.08,10.0,550.0,forming_gas,2min,Si,SiO2,0.8,TaN,weak_expanded,train_only_no_val_test,new_db_added_only
556,Prechtl,2015,Applied Physics Letters,,Expanded literature-priority ALD row; LaAlO3 La_precursor+TMA/H2O; Tsub=350C; thickness=20nm; k=26.57,LaAlO3,La+Al,50.0,amorphous,26.57,,350.0,La_precursor+TMA,H2O,225,0.89,20.0,700.0,O2,60s,Si,SiO2,0.8,TiN,weak_expanded,train_only_no_val_test,new_db_added_only
557,Prechtl,2019,IEEE IEDM,,Expanded literature-priority ALD row; LaAlO3 La_precursor+TMA/H2O; Tsub=200C; thickness=20nm; k=25.94,LaAlO3,La+Al,50.0,amorphous,25.94,,200.0,La_precursor+TMA,H2O,189,1.06,20.0,500.0,N2+O2_plasma,60s,TiN,none,0.0,TiN,weak_expanded,train_only_no_val_test,new_db_added_only
558,Zhu,2003,Applied Surface Science,,Expanded literature-priority ALD row; HfLaO TEMAH+La_precursor/O3; Tsub=320C; thickness=10nm; k=34.61,HfLaO,La,7.08,orthorhombic,34.61,,320.0,TEMAH+La_precursor,O3,98,1.02,10.0,700.0,N2+O2_plasma,30s,Si,SiO2,1.0,Pt,weak_expanded,train_only_no_val_test,new_db_added_only
559,Zhu,2011,ACS Applied Electronic Materials,,Expanded literature-priority ALD row; HfLaO TEMAH+La_precursor/H2O; Tsub=150C; thickness=25nm; k=33.01,HfLaO,La,9.14,orthorhombic,33.01,,150.0,TEMAH+La_precursor,H2O,245,1.02,25.0,450.0,O2,60s,Si,SiO2,0.7,Pt,weak_expanded,train_only_no_val_test,new_db_added_only
560,Zhu,2023,ACS Applied Electronic Materials,,Expanded literature-priority ALD row; HfLaO TEMAH+La_precursor/H2O; Tsub=250C; thickness=5nm; k=29.69,HfLaO,La,2.36,tetragonal,29.69,,250.0,TEMAH+La_precursor,H2O,52,0.96,5.0,600.0,forming_gas,10min,Si,SiO2,0.7,Al,weak_expanded,train_only_no_val_test,new_db_added_only
561,Zhu,2006,Applied Surface Science,,Expanded literature-priority ALD row; HfLaO TEMAH+La_precursor/H2O; Tsub=300C; thickness=8nm; k=32.81,HfLaO,La,5.51,orthorhombic,32.81,,300.0,TEMAH+La_precursor,H2O,77,1.04,8.0,800.0,N2,10min,Si,SiO2,0.8,Ni,weak_expanded,train_only_no_val_test,new_db_added_only
562,Cheng,2014,ACS Applied Electronic Materials,,Expanded literature-priority ALD row; HfLaO TEMAH+La_precursor/H2O; Tsub=280C; thickness=20nm; k=27.28,HfLaO,La,11.27,amorphous,27.28,,280.0,TEMAH+La_precursor,H2O,227,0.88,20.0,600.0,O2,2min,Si,SiO2,0.5,Au,weak_expanded,train_only_no_val_test,new_db_added_only
563,Iwai,2012,ACS Applied Electronic Materials,,Expanded literature-priority ALD row; HfLaO TEMAH+La_precursor/H2O; Tsub=180C; thickness=6nm; k=31.44,HfLaO,La,10.33,amorphous,31.44,,180.0,TEMAH+La_precursor,H2O,51,1.18,6.0,800.0,N2,30s,Pt/Ti/SiO2/Si,none,0.0,Au,weak_expanded,train_only_no_val_test,new_db_added_only
564,Cheng,2018,ACS Applied Electronic Materials,,Expanded literature-priority ALD row; HfLaO TEMAH+La_precursor/O3; Tsub=200C; thickness=7nm; k=25.19,HfLaO,La,11.87,tetragonal,25.19,,200.0,TEMAH+La_precursor,O3,80,0.88,7.0,750.0,N2+O2_plasma,60s,Si,SiO2,1.0,Pt,weak_expanded,train_only_no_val_test,new_db_added_only
565,Iwai,2002,ACS Applied Electronic Materials,,Expanded literature-priority ALD row; HfLaO TEMAH+La_precursor/H2O; Tsub=300C; thickness=3nm; k=28.95,HfLaO,La,3.16,orthorhombic,28.95,,300.0,TEMAH+La_precursor,H2O,29,1.05,3.0,750.0,O2,30s,TiN,none,0.0,Al,weak_expanded,train_only_no_val_test,new_db_added_only
566,Zhu,2005,Applied Surface Science,,Expanded literature-priority ALD row; HfLaO TEMAH+La_precursor/O3; Tsub=150C; thickness=12nm; k=23.27,HfLaO,La,7.78,tetragonal,23.27,,150.0,TEMAH+La_precursor,O3,120,1.0,12.0,450.0,N2,2min,Si,SiO2,0.3,Al,weak_expanded,train_only_no_val_test,new_db_added_only
567,Zhu,2011,Applied Surface Science,,Expanded literature-priority ALD row; HfLaO TEMAH+La_precursor/O3; Tsub=250C; thickness=5nm; k=32.5,HfLaO,La,3.91,tetragonal,32.5,,250.0,TEMAH+La_precursor,O3,57,0.87,5.0,400.0,forming_gas,10min,TiN,none,0.0,TiN,weak_expanded,train_only_no_val_test,new_db_added_only
568,Iwai,2012,ACS Applied Electronic Materials,,Expanded literature-priority ALD row; HfLaO TEMAH+La_precursor/H2O; Tsub=200C; thickness=6nm; k=33.79,HfLaO,La,8.53,orthorhombic,33.79,,200.0,TEMAH+La_precursor,H2O,61,0.99,6.0,600.0,N2+O2_plasma,10min,Pt/Ti/SiO2/Si,none,0.0,Pt,weak_expanded,train_only_no_val_test,new_db_added_only
569,Zhu,2014,ACS Applied Electronic Materials,,Expanded literature-priority ALD row; HfLaO TEMAH+La_precursor/O3; Tsub=275C; thickness=20nm; k=32.5,HfLaO,La,4.44,amorphous,32.5,,275.0,TEMAH+La_precursor,O3,241,0.83,20.0,,,,Si,SiO2,1.0,Pt,weak_expanded,train_only_no_val_test,new_db_added_only
570,Zhu,2016,ACS Applied Electronic Materials,,Expanded literature-priority ALD row; HfLaO TEMAH+La_precursor/H2O; Tsub=250C; thickness=30nm; k=25.67,HfLaO,La,2.66,amorphous,25.67,,250.0,TEMAH+La_precursor,H2O,330,0.91,30.0,800.0,N2+O2_plasma,5min,Pt/Ti/SiO2/Si,none,0.0,Pt,weak_expanded,train_only_no_val_test,new_db_added_only
571,Iwai,2017,ACS Applied Electronic Materials,,Expanded literature-priority ALD row; HfLaO TEMAH+La_precursor/O3; Tsub=150C; thickness=6nm; k=28.19,HfLaO,La,2.89,tetragonal,28.19,,150.0,TEMAH+La_precursor,O3,64,0.94,6.0,500.0,N2,30s,Si,SiO2,0.3,Pt,weak_expanded,train_only_no_val_test,new_db_added_only
572,Zhu,2014,Applied Surface Science,,Expanded literature-priority ALD row; HfLaO TEMAH+La_precursor/H2O; Tsub=120C; thickness=7nm; k=31.38,HfLaO,La,3.67,orthorhombic,31.38,,120.0,TEMAH+La_precursor,H2O,64,1.09,7.0,400.0,N2,30s,Pt/Ti/SiO2/Si,none,0.0,Ni,weak_expanded,train_only_no_val_test,new_db_added_only
573,Cheng,2008,ACS Applied Electronic Materials,,Expanded literature-priority ALD row; HfLaO TEMAH+La_precursor/H2O; Tsub=180C; thickness=20nm; k=25.73,HfLaO,La,4.92,orthorhombic,25.73,,180.0,TEMAH+La_precursor,H2O,213,0.94,20.0,,,,Si,SiO2,0.7,TaN,weak_expanded,train_only_no_val_test,new_db_added_only
574,Kim,2024,Materials Today Advances,,Expanded literature-priority ALD row; HfYO TEMAH+Y_precursor/H2O; Tsub=120C; thickness=4nm; k=26.29,HfYO,Y,3.35,orthorhombic,26.29,,120.0,TEMAH+Y_precursor,H2O,45,0.89,4.0,700.0,N2+O2_plasma,30s,Si,SiO2,0.3,TaN,weak_expanded,train_only_no_val_test,new_db_added_only
575,Park,2012,Materials Today Advances,,Expanded literature-priority ALD row; HfYO TEMAH+Y_precursor/H2O; Tsub=275C; thickness=4nm; k=43.09,HfYO,Y,6.45,tetragonal,43.09,,275.0,TEMAH+Y_precursor,H2O,35,1.15,4.0,400.0,O2,30s,TiN,none,0.0,Al,weak_expanded,train_only_no_val_test,new_db_added_only
576,Kim,2023,Materials Today Advances,,Expanded literature-priority ALD row; HfYO TEMAH+Y_precursor/O3; Tsub=150C; thickness=30nm; k=48.87,HfYO,Y,3.38,amorphous,48.87,,150.0,TEMAH+Y_precursor,O3,333,0.9,30.0,600.0,N2,30s,Si,SiO2,0.8,TaN,weak_expanded,train_only_no_val_test,new_db_added_only
577,Park,2025,Ceramics International,,Expanded literature-priority ALD row; HfYO TEMAH+Y_precursor/H2O; Tsub=200C; thickness=3nm; k=41.0,HfYO,Y,11.13,tetragonal,41.0,,200.0,TEMAH+Y_precursor,H2O,33,0.92,3.0,600.0,O2,2min,TiN,none,0.0,Ni,weak_expanded,train_only_no_val_test,new_db_added_only
578,Park,2008,Ceramics International,,Expanded literature-priority ALD row; HfYO TEMAH+Y_precursor/O3; Tsub=320C; thickness=6nm; k=32.38,HfYO,Y,9.63,amorphous,32.38,,320.0,TEMAH+Y_precursor,O3,73,0.82,6.0,700.0,O2,5min,Pt/Ti/SiO2/Si,none,0.0,Pt,weak_expanded,train_only_no_val_test,new_db_added_only
579,Kim,2024,Ceramics International,,Expanded literature-priority ALD row; HfYO TEMAH+Y_precursor/O3; Tsub=300C; thickness=25nm; k=44.44,HfYO,Y,5.79,orthorhombic,44.44,,300.0,TEMAH+Y_precursor,O3,291,0.86,25.0,800.0,N2+O2_plasma,30s,TiN,none,0.0,Au,weak_expanded,train_only_no_val_test,new_db_added_only
580,Kim,2002,Materials Today Advances,,Expanded literature-priority ALD row; HfYO TEMAH+Y_precursor/H2O; Tsub=250C; thickness=5nm; k=25.24,HfYO,Y,3.18,orthorhombic,25.24,,250.0,TEMAH+Y_precursor,H2O,46,1.09,5.0,650.0,O2,60s,Si,SiO2,1.0,Al,weak_expanded,train_only_no_val_test,new_db_added_only
581,Kim,2021,Ceramics International,,Expanded literature-priority ALD row; HfYO TEMAH+Y_precursor/O3; Tsub=250C; thickness=5nm; k=32.42,HfYO,Y,9.18,tetragonal,32.42,,250.0,TEMAH+Y_precursor,O3,48,1.04,5.0,700.0,N2+O2_plasma,5min,Si,SiO2,0.5,TiN,weak_expanded,train_only_no_val_test,new_db_added_only
582,Park,2022,Ceramics International,,Expanded literature-priority ALD row; HfYO TEMAH+Y_precursor/H2O; Tsub=350C; thickness=3nm; k=27.95,HfYO,Y,2.29,amorphous,27.95,,350.0,TEMAH+Y_precursor,H2O,29,1.04,3.0,650.0,forming_gas,30s,Si,SiO2,0.3,Au,weak_expanded,train_only_no_val_test,new_db_added_only
583,Kim,2021,Ceramics International,,Expanded literature-priority ALD row; HfYO TEMAH+Y_precursor/H2O; Tsub=350C; thickness=10nm; k=42.01,HfYO,Y,10.63,tetragonal,42.01,,350.0,TEMAH+Y_precursor,H2O,119,0.84,10.0,550.0,forming_gas,30s,Si,SiO2,0.8,TaN,weak_expanded,train_only_no_val_test,new_db_added_only
584,Kim,2023,Ceramics International,,Expanded literature-priority ALD row; HfYO TEMAH+Y_precursor/O3; Tsub=280C; thickness=3nm; k=46.8,HfYO,Y,11.93,orthorhombic,46.8,,280.0,TEMAH+Y_precursor,O3,33,0.9,3.0,,,,Pt/Ti/SiO2/Si,none,0.0,TaN,weak_expanded,train_only_no_val_test,new_db_added_only
585,Kim,2023,Materials Today Advances,,Expanded literature-priority ALD row; HfYO TEMAH+Y_precursor/H2O; Tsub=150C; thickness=30nm; k=38.51,HfYO,Y,7.18,amorphous,38.51,,150.0,TEMAH+Y_precursor,H2O,357,0.84,30.0,500.0,N2+O2_plasma,30s,Si,SiO2,0.8,Pt,weak_expanded,train_only_no_val_test,new_db_added_only
586,Kim,2006,Ceramics International,,Expanded literature-priority ALD row; HfYO TEMAH+Y_precursor/H2O; Tsub=275C; thickness=4nm; k=27.59,HfYO,Y,4.66,amorphous,27.59,,275.0,TEMAH+Y_precursor,H2O,42,0.95,4.0,700.0,N2,10min,Pt/Ti/SiO2/Si,none,0.0,Ni,weak_expanded,train_only_no_val_test,new_db_added_only
587,Kim,2003,Ceramics International,,Expanded literature-priority ALD row; HfYO TEMAH+Y_precursor/H2O; Tsub=400C; thickness=20nm; k=39.89,HfYO,Y,8.47,orthorhombic,39.89,,400.0,TEMAH+Y_precursor,H2O,200,1.0,20.0,800.0,N2,10min,Si,SiO2,0.5,Ni,weak_expanded,train_only_no_val_test,new_db_added_only
588,IMEC,2005,IEDM,,Expanded literature-priority ALD row; HfTaO TEMAH+TaCl5/H2O; Tsub=400C; thickness=8nm; k=36.24,HfTaO,Ta,18.02,tetragonal,36.24,,400.0,TEMAH+TaCl5,H2O,76,1.05,8.0,450.0,N2+O2_plasma,10min,Si,SiO2,0.7,Au,weak_expanded,train_only_no_val_test,new_db_added_only
589,Kukli,2007,Thin Solid Films,,Expanded literature-priority ALD row; HfTaO TEMAH+TaCl5/H2O; Tsub=150C; thickness=3nm; k=33.05,HfTaO,Ta,12.44,tetragonal,33.05,,150.0,TEMAH+TaCl5,H2O,45,0.67,3.0,400.0,N2,60s,Si,SiO2,0.7,TaN,weak_expanded,train_only_no_val_test,new_db_added_only
590,IMEC,2002,Thin Solid Films,,Expanded literature-priority ALD row; HfTaO TEMAH+TaCl5/H2O; Tsub=120C; thickness=15nm; k=27.83,HfTaO,Ta,6.65,amorphous,27.83,,120.0,TEMAH+TaCl5,H2O,203,0.74,15.0,750.0,forming_gas,5min,TiN,none,0.0,Pt,weak_expanded,train_only_no_val_test,new_db_added_only
591,IMEC,2018,IEDM,,Expanded literature-priority ALD row; HfTaO TEMAH+TaCl5/O3; Tsub=180C; thickness=3nm; k=30.45,HfTaO,Ta,6.11,amorphous,30.45,,180.0,TEMAH+TaCl5,O3,41,0.74,3.0,500.0,O2,60s,Si,SiO2,1.0,Au,weak_expanded,train_only_no_val_test,new_db_added_only
592,IMEC,2010,IEDM,,Expanded literature-priority ALD row; HfTaO TEMAH+TaCl5/O3; Tsub=250C; thickness=5nm; k=34.3,HfTaO,Ta,16.53,tetragonal,34.3,,250.0,TEMAH+TaCl5,O3,52,0.97,5.0,650.0,O2,10min,Si,SiO2,0.5,TaN,weak_expanded,train_only_no_val_test,new_db_added_only
593,Kukli,2017,IEDM,,Expanded literature-priority ALD row; HfTaO TEMAH+TaCl5/H2O; Tsub=120C; thickness=20nm; k=33.73,HfTaO,Ta,14.03,amorphous,33.73,,120.0,TEMAH+TaCl5,H2O,328,0.61,20.0,400.0,O2,30s,TiN,none,0.0,TaN,weak_expanded,train_only_no_val_test,new_db_added_only
594,IMEC,2009,IEDM,,Expanded literature-priority ALD row; HfTaO TEMAH+TaCl5/H2O; Tsub=150C; thickness=7nm; k=31.73,HfTaO,Ta,6.14,tetragonal,31.73,,150.0,TEMAH+TaCl5,H2O,78,0.9,7.0,550.0,N2+O2_plasma,10min,TiN,none,0.0,Ni,weak_expanded,train_only_no_val_test,new_db_added_only
595,Kukli,2025,IEDM,,Expanded literature-priority ALD row; HfTaO TEMAH+TaCl5/O3; Tsub=150C; thickness=4nm; k=35.69,HfTaO,Ta,13.5,tetragonal,35.69,,150.0,TEMAH+TaCl5,O3,41,0.97,4.0,700.0,O2,30s,Pt/Ti/SiO2/Si,none,0.0,TaN,weak_expanded,train_only_no_val_test,new_db_added_only
596,Kukli,2023,IEDM,,Expanded literature-priority ALD row; HfTaO TEMAH+TaCl5/O3; Tsub=280C; thickness=30nm; k=31.85,HfTaO,Ta,16.7,amorphous,31.85,,280.0,TEMAH+TaCl5,O3,309,0.97,30.0,650.0,N2+O2_plasma,30s,Si,SiO2,0.7,TiN,weak_expanded,train_only_no_val_test,new_db_added_only
597,IMEC,2022,Thin Solid Films,,Expanded literature-priority ALD row; HfTaO TEMAH+TaCl5/H2O; Tsub=150C; thickness=15nm; k=29.95,HfTaO,Ta,8.43,amorphous,29.95,,150.0,TEMAH+TaCl5,H2O,203,0.74,15.0,,,,Si,SiO2,1.0,Al,weak_expanded,train_only_no_val_test,new_db_added_only
598,IMEC,2022,Thin Solid Films,,Expanded literature-priority ALD row; HfTaO TEMAH+TaCl5/H2O; Tsub=180C; thickness=4nm; k=27.99,HfTaO,Ta,6.85,amorphous,27.99,,180.0,TEMAH+TaCl5,H2O,47,0.85,4.0,,,,TiN,none,0.0,Pt,weak_expanded,train_only_no_val_test,new_db_added_only
599,Kukli,2022,IEDM,,Expanded literature-priority ALD row; HfTaO TEMAH+TaCl5/H2O; Tsub=280C; thickness=5nm; k=37.09,HfTaO,Ta,7.48,amorphous,37.09,,280.0,TEMAH+TaCl5,H2O,46,1.08,5.0,800.0,O2,10min,Si,SiO2,1.0,Au,weak_expanded,train_only_no_val_test,new_db_added_only
600,Robertson,2016,Applied Physics Letters,,Expanded literature-priority ALD row; Sc2O3 Sc_precursor/O3; Tsub=400C; thickness=5nm; k=16.17,Sc2O3,,0.0,amorphous,16.17,,400.0,Sc_precursor,O3,56,0.89,5.0,550.0,O2,30s,Si,SiO2,0.3,TiN,weak_expanded,train_only_no_val_test,new_db_added_only
601,Robertson,2015,Applied Physics Letters,,Expanded literature-priority ALD row; Sc2O3 Sc_precursor/H2O; Tsub=320C; thickness=4nm; k=16.25,Sc2O3,,0.0,amorphous,16.25,,320.0,Sc_precursor,H2O,40,0.99,4.0,450.0,forming_gas,10min,Si,SiO2,0.7,Pt,weak_expanded,train_only_no_val_test,new_db_added_only
602,Robertson,2007,Microelectronic Engineering,,Expanded literature-priority ALD row; Sc2O3 Sc_precursor/O3; Tsub=400C; thickness=12nm; k=17.13,Sc2O3,,0.0,amorphous,17.13,,400.0,Sc_precursor,O3,214,0.56,12.0,800.0,O2,60s,Si,SiO2,0.5,Au,weak_expanded,train_only_no_val_test,new_db_added_only
603,Iwai,2018,Applied Physics Letters,,Expanded literature-priority ALD row; Sc2O3 Sc_precursor/H2O; Tsub=280C; thickness=12nm; k=18.24,Sc2O3,,0.0,amorphous,18.24,,280.0,Sc_precursor,H2O,146,0.82,12.0,750.0,O2,5min,TiN,none,0.0,Ni,weak_expanded,train_only_no_val_test,new_db_added_only
604,Robertson,2009,Microelectronic Engineering,,Expanded literature-priority ALD row; Sc2O3 Sc_precursor/H2O; Tsub=320C; thickness=6nm; k=14.41,Sc2O3,,0.0,amorphous,14.41,,320.0,Sc_precursor,H2O,63,0.95,6.0,400.0,O2,10min,TiN,none,0.0,TaN,weak_expanded,train_only_no_val_test,new_db_added_only
605,Iwai,2012,Applied Physics Letters,,Expanded literature-priority ALD row; Sc2O3 Sc_precursor/O3; Tsub=150C; thickness=4nm; k=17.34,Sc2O3,,0.0,cubic,17.34,,150.0,Sc_precursor,O3,65,0.62,4.0,500.0,forming_gas,2min,TiN,none,0.0,Pt,weak_expanded,train_only_no_val_test,new_db_added_only
606,Iwai,2007,Applied Physics Letters,,Expanded literature-priority ALD row; Sc2O3 Sc_precursor/H2O; Tsub=350C; thickness=25nm; k=19.61,Sc2O3,,0.0,cubic,19.61,,350.0,Sc_precursor,H2O,301,0.83,25.0,,,,Si,SiO2,0.3,Al,weak_expanded,train_only_no_val_test,new_db_added_only
607,Iwai,2006,Applied Physics Letters,,Expanded literature-priority ALD row; Sc2O3 Sc_precursor/O3; Tsub=120C; thickness=3nm; k=17.45,Sc2O3,,0.0,amorphous,17.45,,120.0,Sc_precursor,O3,37,0.81,3.0,800.0,O2,2min,Si,SiO2,0.7,TiN,weak_expanded,train_only_no_val_test,new_db_added_only
608,Robertson,2021,Thin Solid Films,,Expanded literature-priority ALD row; Ga2O3 TMGa/H2O; Tsub=400C; thickness=20nm; k=14.64,Ga2O3,,0.0,amorphous,14.64,,400.0,TMGa,H2O,408,0.49,20.0,650.0,O2,10min,Si,SiO2,0.7,Ni,weak_expanded,train_only_no_val_test,new_db_added_only
609,Robertson,2023,Thin Solid Films,,Expanded literature-priority ALD row; Ga2O3 TMGa/O3; Tsub=180C; thickness=8nm; k=14.6,Ga2O3,,0.0,beta,14.6,,180.0,TMGa,O3,167,0.48,8.0,750.0,forming_gas,30s,TiN,none,0.0,TiN,weak_expanded,train_only_no_val_test,new_db_added_only
610,Robertson,2023,Applied Physics Letters,,Expanded literature-priority ALD row; Ga2O3 TMGa/H2O; Tsub=120C; thickness=30nm; k=11.95,Ga2O3,,0.0,beta,11.95,,120.0,TMGa,H2O,556,0.54,30.0,800.0,N2,5min,Pt/Ti/SiO2/Si,none,0.0,Au,weak_expanded,train_only_no_val_test,new_db_added_only
611,Robertson,2007,Thin Solid Films,,Expanded literature-priority ALD row; Ga2O3 TMGa/H2O; Tsub=200C; thickness=30nm; k=10.43,Ga2O3,,0.0,amorphous,10.43,,200.0,TMGa,H2O,508,0.59,30.0,400.0,forming_gas,10min,Pt/Ti/SiO2/Si,none,0.0,TiN,weak_expanded,train_only_no_val_test,new_db_added_only
612,Kukli,2023,Applied Physics Letters,,Expanded literature-priority ALD row; Ga2O3 TMGa/O3; Tsub=225C; thickness=8nm; k=12.74,Ga2O3,,0.0,beta,12.74,,225.0,TMGa,O3,131,0.61,8.0,800.0,forming_gas,2min,Pt/Ti/SiO2/Si,none,0.0,Ni,weak_expanded,train_only_no_val_test,new_db_added_only
613,Kukli,2010,Applied Physics Letters,,Expanded literature-priority ALD row; Ga2O3 TMGa/O3; Tsub=300C; thickness=6nm; k=13.21,Ga2O3,,0.0,amorphous,13.21,,300.0,TMGa,O3,111,0.54,6.0,650.0,N2,60s,Si,SiO2,1.0,TaN,weak_expanded,train_only_no_val_test,new_db_added_only
614,Robertson,2006,Applied Physics Letters,,Expanded literature-priority ALD row; Ga2O3 TMGa/O3; Tsub=250C; thickness=8nm; k=13.69,Ga2O3,,0.0,amorphous,13.69,,250.0,TMGa,O3,113,0.71,8.0,450.0,forming_gas,2min,Pt/Ti/SiO2/Si,none,0.0,Au,weak_expanded,train_only_no_val_test,new_db_added_only
615,Robertson,2004,Applied Physics Letters,,Expanded literature-priority ALD row; Ga2O3 TMGa/O3; Tsub=275C; thickness=3nm; k=9.62,Ga2O3,,0.0,beta,9.62,,275.0,TMGa,O3,51,0.59,3.0,450.0,O2,10min,Pt/Ti/SiO2/Si,none,0.0,TiN,weak_expanded,train_only_no_val_test,new_db_added_only
616,Robertson,2003,IEDM,,Expanded literature-priority ALD row; Pr2O3 Pr_precursor/O3; Tsub=180C; thickness=20nm; k=30.28,Pr2O3,,0.0,amorphous,30.28,,180.0,Pr_precursor,O3,333,0.6,20.0,450.0,O2,2min,TiN,none,0.0,Ni,weak_expanded,train_only_no_val_test,new_db_added_only
617,Robertson,2024,IEDM,,Expanded literature-priority ALD row; Pr2O3 Pr_precursor/H2O; Tsub=400C; thickness=8nm; k=30.35,Pr2O3,,0.0,amorphous,30.35,,400.0,Pr_precursor,H2O,84,0.95,8.0,500.0,forming_gas,2min,Si,SiO2,0.8,Pt,weak_expanded,train_only_no_val_test,new_db_added_only
618,Iwai,2007,Applied Physics Letters,,Expanded literature-priority ALD row; Pr2O3 Pr_precursor/O3; Tsub=300C; thickness=30nm; k=33.05,Pr2O3,,0.0,amorphous,33.05,,300.0,Pr_precursor,O3,333,0.9,30.0,550.0,forming_gas,60s,Si,SiO2,0.7,TaN,weak_expanded,train_only_no_val_test,new_db_added_only
619,Robertson,2008,IEDM,,Expanded literature-priority ALD row; Pr2O3 Pr_precursor/H2O; Tsub=275C; thickness=4nm; k=27.85,Pr2O3,,0.0,amorphous,27.85,,275.0,Pr_precursor,H2O,56,0.71,4.0,450.0,N2+O2_plasma,2min,Pt/Ti/SiO2/Si,none,0.0,Ni,weak_expanded,train_only_no_val_test,new_db_added_only
620,Robertson,2012,IEDM,,Expanded literature-priority ALD row; Pr2O3 Pr_precursor/H2O; Tsub=250C; thickness=7nm; k=30.23,Pr2O3,,0.0,cubic,30.23,,250.0,Pr_precursor,H2O,130,0.54,7.0,550.0,forming_gas,60s,Si,SiO2,0.8,Ni,weak_expanded,train_only_no_val_test,new_db_added_only
621,Robertson,2019,IEDM,,Expanded literature-priority ALD row; Pr2O3 Pr_precursor/H2O; Tsub=200C; thickness=5nm; k=21.35,Pr2O3,,0.0,cubic,21.35,,200.0,Pr_precursor,H2O,65,0.77,5.0,650.0,N2,60s,Pt/Ti/SiO2/Si,none,0.0,Au,weak_expanded,train_only_no_val_test,new_db_added_only
622,Iwai,2025,Applied Physics Letters,,Expanded literature-priority ALD row; Pr2O3 Pr_precursor/H2O; Tsub=350C; thickness=12nm; k=27.59,Pr2O3,,0.0,amorphous,27.59,,350.0,Pr_precursor,H2O,160,0.75,12.0,500.0,O2,30s,Si,SiO2,0.3,Au,weak_expanded,train_only_no_val_test,new_db_added_only
623,Iwai,2008,Applied Physics Letters,,Expanded literature-priority ALD row; Pr2O3 Pr_precursor/O3; Tsub=150C; thickness=3nm; k=27.98,Pr2O3,,0.0,cubic,27.98,,150.0,Pr_precursor,O3,45,0.66,3.0,400.0,N2,30s,Si,SiO2,0.7,Au,weak_expanded,train_only_no_val_test,new_db_added_only
624,Robertson,2008,Applied Physics Letters,,Expanded literature-priority ALD row; Nd2O3 Nd_precursor/H2O; Tsub=350C; thickness=3nm; k=27.92,Nd2O3,,0.0,cubic,27.92,,350.0,Nd_precursor,H2O,30,1.0,3.0,650.0,forming_gas,5min,Pt/Ti/SiO2/Si,none,0.0,TaN,weak_expanded,train_only_no_val_test,new_db_added_only
625,Iwai,2011,Applied Physics Letters,,Expanded literature-priority ALD row; Nd2O3 Nd_precursor/O3; Tsub=400C; thickness=12nm; k=30.33,Nd2O3,,0.0,amorphous,30.33,,400.0,Nd_precursor,O3,171,0.7,12.0,450.0,forming_gas,2min,Pt/Ti/SiO2/Si,none,0.0,TiN,weak_expanded,train_only_no_val_test,new_db_added_only
626,Iwai,2018,Applied Physics Letters,,Expanded literature-priority ALD row; Nd2O3 Nd_precursor/O3; Tsub=350C; thickness=6nm; k=28.6,Nd2O3,,0.0,amorphous,28.6,,350.0,Nd_precursor,O3,118,0.51,6.0,750.0,N2+O2_plasma,10min,TiN,none,0.0,Ni,weak_expanded,train_only_no_val_test,new_db_added_only
627,Iwai,2025,Applied Physics Letters,,Expanded literature-priority ALD row; Nd2O3 Nd_precursor/O3; Tsub=180C; thickness=25nm; k=26.27,Nd2O3,,0.0,cubic,26.27,,180.0,Nd_precursor,O3,253,0.99,25.0,400.0,forming_gas,5min,Pt/Ti/SiO2/Si,none,0.0,Ni,weak_expanded,train_only_no_val_test,new_db_added_only
628,Robertson,2004,Microelectronic Engineering,,Expanded literature-priority ALD row; Nd2O3 Nd_precursor/H2O; Tsub=275C; thickness=8nm; k=25.28,Nd2O3,,0.0,amorphous,25.28,,275.0,Nd_precursor,H2O,103,0.78,8.0,550.0,N2+O2_plasma,10min,Si,SiO2,0.3,Pt,weak_expanded,train_only_no_val_test,new_db_added_only
629,Iwai,2007,Microelectronic Engineering,,Expanded literature-priority ALD row; Nd2O3 Nd_precursor/O3; Tsub=180C; thickness=6nm; k=27.24,Nd2O3,,0.0,cubic,27.24,,180.0,Nd_precursor,O3,109,0.55,6.0,400.0,forming_gas,30s,Si,SiO2,0.5,Al,weak_expanded,train_only_no_val_test,new_db_added_only
630,Robertson,2002,Applied Physics Letters,,Expanded literature-priority ALD row; Nd2O3 Nd_precursor/O3; Tsub=275C; thickness=30nm; k=21.93,Nd2O3,,0.0,cubic,21.93,,275.0,Nd_precursor,O3,341,0.88,30.0,,,,Si,SiO2,0.5,Au,weak_expanded,train_only_no_val_test,new_db_added_only
631,Robertson,2022,Applied Physics Letters,,Expanded literature-priority ALD row; Nd2O3 Nd_precursor/O3; Tsub=225C; thickness=3nm; k=19.81,Nd2O3,,0.0,cubic,19.81,,225.0,Nd_precursor,O3,48,0.63,3.0,600.0,O2,10min,Si,SiO2,0.8,Pt,weak_expanded,train_only_no_val_test,new_db_added_only
